Hectares ,Agriblock,Variety,Soil Types,Seedrate(in Kg),LP_Mainfield(in Tonnes),Nursery,Nursery area (Cents),LP_nurseryarea(in Tonnes),DAP_20days,Weed28D_thiobencarb,Urea_40Days,Potassh_50Days,Micronutrients_70Days,Pest_60Day(in ml),30DRain( in mm),30DAI(in mm),30_50DRain( in mm),30_50DAI(in mm),51_70DRain(in mm),51_70AI(in mm),71_105DRain(in mm),71_105DAI(in mm),Min temp_D1_D30,Max temp_D1_D30,Min temp_D31_D60,Max temp_D31_D60,Min temp_D61_D90,Max temp_D61_D90,Min temp_D91_D120,Max temp_D91_D120,Inst Wind Speed_D1_D30(in Knots),Inst Wind Speed_D31_D60(in Knots),Inst Wind Speed_D61_D90(in Knots),Inst Wind Speed_D91_D120(in Knots),Wind Direction_D1_D30,Wind Direction_D31_D60,Wind Direction_D61_D90,Wind Direction_D91_D120,Relative Humidity_D1_D30,Relative Humidity_D31_D60,Relative Humidity_D61_D90,Relative Humidity_D91_D120,Trash(in bundles),Paddy yield(in Kg)
2,Sankarapuram,delux ponni,alluvial,50,25.0,dry,40,2,80,4,54.26,20.76,30,1200,18.1,21.9,185.6,272.4,166.1,250.9,60.2,64.8,20.5,32,17.5,28,18.0,34.0,16.5,35.0,10,12,10,12,SSE,W,SW,NW,72.7,91,83,81,160,11516
5,Kallakurichi,CO_43,alluvial,125,62.5,wet,100,5,200,10,135.65,51.9,75,3000,18.5,21.5,185.2,272.8,165.3,251.7,60.0,65.0,19.0,33,17.0,32,16.5,31.5,15.5,32.5,8,6,8,6,W,WNW,SE,S,88.5,95,81,84,450,31400
1,Sankarapuram,delux ponni,clay,25,12.5,wet,20,1,40,2,27.13,10.38,15,600,18.1,21.9,185.6,272.4,166.1,250.9,60.2,64.8,20.5,32,17.5,28,18.0,34.0,16.5,35.0,10,12,10,12,SSE,W,SW,NW,72.7,91,83,81,80,5836
1,Cuddalore,delux ponni,clay,25,12.5,dry,20,1,40,2,27.13,10.38,15,600,19.6,20.4,187.2,270.8,167.0,250.0,61.0,64.0,18.5,34,16.0,30,15.5,31.0,16.0,33.0,4,10,8,10,SW,W,NNW,WSW,72.0,78,88,85,80,5723
3,Panruti,delux ponni,alluvial,75,37.5,dry,60,3,120,6,81.39,31.14,45,1800,18.5,21.5,185.2,272.8,165.3,251.7,60.0,65.0,20.0,35,18.0,30,17.5,33.5,18.0,33.0,4,12,4,12,ENE,NE,NNE,W,85.0,96,84,79,240,17619
2,Kallakurichi,CO_43,clay,50,25.0,wet,40,2,80,4,54.26,20.76,30,1200,18.5,21.5,185.2,272.8,165.3,251.7,60.0,65.0,19.0,33,17.0,32,16.5,31.5,15.5,32.5,8,6,8,6,W,WNW,SE,S,88.5,95,81,84,180,11746
5,Cuddalore,delux ponni,alluvial,125,62.5,dry,100,5,200,10,135.65,51.9,75,3000,19.6,20.4,187.2,270.8,167.0,250.0,61.0,64.0,18.5,34,16.0,30,15.5,31.0,16.0,33.0,4,10,8,10,SW,W,NNW,WSW,72.0,78,88,85,400,30545
5,Panruti,delux ponni,clay,125,62.5,wet,100,5,200,10,135.65,51.9,75,3000,18.5,21.5,185.2,272.8,165.3,251.7,60.0,65.0,20.0,35,18.0,30,17.5,33.5,18.0,33.0,4,12,4,12,ENE,NE,NNE,W,85.0,96,84,79,400,31400
2,Kurinjipadi,delux ponni,clay,50,25.0,dry,40,2,80,4,54.26,20.76,30,1200,19.6,20.4,187.2,270.8,167.0,250.0,61.0,64.0,19.5,34,18.5,35,17.0,32.5,16.0,30.5,10,4,10,6,NW,S,SE,SSE,64.6,85,84,87,160,11832
3,Panruti,CO_43,alluvial,75,37.5,dry,60,3,120,6,81.39,31.14,45,1800,18.5,21.5,185.2,272.8,165.3,251.7,60.0,65.0,20.0,35,18.0,30,17.5,33.5,18.0,33.0,4,12,4,12,ENE,NE,NNE,W,85.0,96,84,79,270,16611
5,Chinnasalem,delux ponni,clay,125,62.5,dry,100,5,200,10,135.65,51.9,75,3000,18.1,21.9,185.6,272.4,166.1,250.9,60.2,64.8,18.0,31,15.5,34,15.0,33.0,15.0,31.5,6,6,8,10,E,ENE,NE,NNW,78.6,80,92,88,400,31045
1,Kurinjipadi,delux ponni,alluvial,25,12.5,wet,20,1,40,2,27.13,10.38,15,600,19.6,20.4,187.2,270.8,167.0,250.0,61.0,64.0,19.5,34,18.5,35,17.0,32.5,16.0,30.5,10,4,10,6,NW,S,SE,SSE,64.6,85,84,87,80,5612
5,Panruti,CO_43,clay,125,62.5,dry,100,5,200,10,135.65,51.9,75,3000,18.5,21.5,185.2,272.8,165.3,251.7,60.0,65.0,20.0,35,18.0,30,17.5,33.5,18.0,33.0,4,12,4,12,ENE,NE,NNE,W,85.0,96,84,79,450,30610
3,Kallakurichi,delux ponni,clay,75,37.5,dry,60,3,120,6,81.39,31.14,45,1800,18.5,21.5,185.2,272.8,165.3,251.7,60.0,65.0,19.0,33,17.0,32,16.5,31.5,15.5,32.5,8,6,8,6,W,WNW,SE,S,88.5,95,81,84,240,17565
5,Sankarapuram,delux ponni,clay,125,62.5,dry,100,5,200,10,135.65,51.9,75,3000,18.1,21.9,185.6,272.4,166.1,250.9,60.2,64.8,20.5,32,17.5,28,18.0,34.0,16.5,35.0,10,12,10,12,SSE,W,SW,NW,72.7,91,83,81,400,31625
3,Kurinjipadi,delux ponni,alluvial,75,37.5,wet,60,3,120,6,81.39,31.14,45,1800,19.6,20.4,187.2,270.8,167.0,250.0,61.0,64.0,19.5,34,18.5,35,17.0,32.5,16.0,30.5,10,4,10,6,NW,S,SE,SSE,64.6,85,84,87,240,17619
1,Cuddalore,ponmani,clay,25,12.5,dry,20,1,40,2,27.13,10.38,15,600,19.6,20.4,187.2,270.8,167.0,250.0,61.0,64.0,18.5,34,16.0,30,15.5,31.0,16.0,33.0,4,10,8,10,SW,W,NNW,WSW,72.0,78,88,85,100,5916
5,Chinnasalem,CO_43,alluvial,125,62.5,dry,100,5,200,10,135.65,51.9,75,3000,18.1,21.9,185.6,272.4,166.1,250.9,60.2,64.8,18.0,31,15.5,34,15.0,33.0,15.0,31.5,6,6,8,10,E,ENE,NE,NNW,78.6,80,92,88,450,32090
6,Sankarapuram,ponmani,clay,150,75.0,wet,120,6,240,12,162.78,62.28,90,3600,18.1,21.9,185.6,272.4,166.1,250.9,60.2,64.8,20.5,32,17.5,28,18.0,34.0,16.5,35.0,10,12,10,12,SSE,W,SW,NW,72.7,91,83,81,600,36342
5,Kallakurichi,delux ponni,clay,125,62.5,wet,100,5,200,10,135.65,51.9,75,3000,18.5,21.5,185.2,272.8,165.3,251.7,60.0,65.0,19.0,33,17.0,32,16.5,31.5,15.5,32.5,8,6,8,6,W,WNW,SE,S,88.5,95,81,84,400,31625
1,Kallakurichi,ponmani,alluvial,25,12.5,wet,20,1,40,2,27.13,10.38,15,600,18.5,21.5,185.2,272.8,165.3,251.7,60.0,65.0,19.0,33,17.0,32,16.5,31.5,15.5,32.5,8,6,8,6,W,WNW,SE,S,88.5,95,81,84,100,5873
4,Kurinjipadi,delux ponni,alluvial,100,50.0,dry,80,4,160,8,108.52,41.52,60,2400,19.6,20.4,187.2,270.8,167.0,250.0,61.0,64.0,19.5,34,18.5,35,17.0,32.5,16.0,30.5,10,4,10,6,NW,S,SE,SSE,64.6,85,84,87,320,25228
5,Panruti,ponmani,clay,125,62.5,wet,100,5,200,10,135.65,51.9,75,3000,18.5,21.5,185.2,272.8,165.3,251.7,60.0,65.0,20.0,35,18.0,30,17.5,33.5,18.0,33.0,4,12,4,12,ENE,NE,NNE,W,85.0,96,84,79,500,31815
6,Cuddalore,CO_43,clay,150,75.0,wet,120,6,240,12,162.78,62.28,90,3600,19.6,20.4,187.2,270.8,167.0,250.0,61.0,64.0,18.5,34,16.0,30,15.5,31.0,16.0,33.0,4,10,8,10,SW,W,NNW,WSW,72.0,78,88,85,540,33162
2,Panruti,delux ponni,clay,50,25.0,dry,40,2,80,4,54.26,20.76,30,1200,18.5,21.5,185.2,272.8,165.3,251.7,60.0,65.0,20.0,35,18.0,30,17.5,33.5,18.0,33.0,4,12,4,12,ENE,NE,NNE,W,85.0,96,84,79,160,11672
6,Panruti,delux ponni,clay,150,75.0,wet,120,6,240,12,162.78,62.28,90,3600,18.5,21.5,185.2,272.8,165.3,251.7,60.0,65.0,20.0,35,18.0,30,17.5,33.5,18.0,33.0,4,12,4,12,ENE,NE,NNE,W,85.0,96,84,79,480,36732
4,Kurinjipadi,ponmani,alluvial,100,50.0,dry,80,4,160,8,108.52,41.52,60,2400,19.6,20.4,187.2,270.8,167.0,250.0,61.0,64.0,19.5,34,18.5,35,17.0,32.5,16.0,30.5,10,4,10,6,NW,S,SE,SSE,64.6,85,84,87,400,24324
1,Sankarapuram,ponmani,clay,25,12.5,wet,20,1,40,2,27.13,10.38,15,600,18.1,21.9,185.6,272.4,166.1,250.9,60.2,64.8,20.5,32,17.5,28,18.0,34.0,16.5,35.0,10,12,10,12,SSE,W,SW,NW,72.7,91,83,81,100,5836
2,Kallakurichi,ponmani,clay,50,25.0,dry,40,2,80,4,54.26,20.76,30,1200,18.5,21.5,185.2,272.8,165.3,251.7,60.0,65.0,19.0,33,17.0,32,16.5,31.5,15.5,32.5,8,6,8,6,W,WNW,SE,S,88.5,95,81,84,200,11726
5,Kurinjipadi,ponmani,alluvial,125,62.5,wet,100,5,200,10,135.65,51.9,75,3000,19.6,20.4,187.2,270.8,167.0,250.0,61.0,64.0,19.5,34,18.5,35,17.0,32.5,16.0,30.5,10,4,10,6,NW,S,SE,SSE,64.6,85,84,87,500,31555
1,Cuddalore,delux ponni,alluvial,25,12.5,dry,20,1,40,2,27.13,10.38,15,600,19.6,20.4,187.2,270.8,167.0,250.0,61.0,64.0,18.5,34,16.0,30,15.5,31.0,16.0,33.0,4,10,8,10,SW,W,NNW,WSW,72.0,78,88,85,80,5836
5,Kurinjipadi,CO_43,alluvial,125,62.5,dry,100,5,200,10,135.65,51.9,75,3000,19.6,20.4,187.2,270.8,167.0,250.0,61.0,64.0,19.5,34,18.5,35,17.0,32.5,16.0,30.5,10,4,10,6,NW,S,SE,SSE,64.6,85,84,87,450,31535
6,Kurinjipadi,delux ponni,clay,150,75.0,wet,120,6,240,12,162.78,62.28,90,3600,19.6,20.4,187.2,270.8,167.0,250.0,61.0,64.0,19.5,34,18.5,35,17.0,32.5,16.0,30.5,10,4,10,6,NW,S,SE,SSE,64.6,85,84,87,480,37062
5,Panruti,ponmani,clay,125,62.5,dry,100,5,200,10,135.65,51.9,75,3000,18.5,21.5,185.2,272.8,165.3,251.7,60.0,65.0,20.0,35,18.0,30,17.5,33.5,18.0,33.0,4,12,4,12,ENE,NE,NNE,W,85.0,96,84,79,500,31135
4,Chinnasalem,delux ponni,clay,100,50.0,wet,80,4,160,8,108.52,41.52,60,2400,18.1,21.9,185.6,272.4,166.1,250.9,60.2,64.8,18.0,31,15.5,34,15.0,33.0,15.0,31.5,6,6,8,10,E,ENE,NE,NNW,78.6,80,92,88,320,24836
4,Chinnasalem,ponmani,alluvial,100,50.0,dry,80,4,160,8,108.52,41.52,60,2400,18.1,21.9,185.6,272.4,166.1,250.9,60.2,64.8,18.0,31,15.5,34,15.0,33.0,15.0,31.5,6,6,8,10,E,ENE,NE,NNW,78.6,80,92,88,400,23444
5,Cuddalore,CO_43,clay,125,62.5,dry,100,5,200,10,135.65,51.9,75,3000,19.6,20.4,187.2,270.8,167.0,250.0,61.0,64.0,18.5,34,16.0,30,15.5,31.0,16.0,33.0,4,10,8,10,SW,W,NNW,WSW,72.0,78,88,85,450,31045
2,Kallakurichi,ponmani,clay,50,25.0,dry,40,2,80,4,54.26,20.76,30,1200,18.5,21.5,185.2,272.8,165.3,251.7,60.0,65.0,19.0,33,17.0,32,16.5,31.5,15.5,32.5,8,6,8,6,W,WNW,SE,S,88.5,95,81,84,200,11882
4,Kurinjipadi,ponmani,alluvial,100,50.0,dry,80,4,160,8,108.52,41.52,60,2400,19.6,20.4,187.2,270.8,167.0,250.0,61.0,64.0,19.5,34,18.5,35,17.0,32.5,16.0,30.5,10,4,10,6,NW,S,SE,SSE,64.6,85,84,87,400,25136
2,Kallakurichi,CO_43,clay,50,25.0,dry,40,2,80,4,54.26,20.76,30,1200,18.5,21.5,185.2,272.8,165.3,251.7,60.0,65.0,19.0,33,17.0,32,16.5,31.5,15.5,32.5,8,6,8,6,W,WNW,SE,S,88.5,95,81,84,180,11672
4,Panruti,delux ponni,alluvial,100,50.0,wet,80,4,160,8,108.52,41.52,60,2400,18.5,21.5,185.2,272.8,165.3,251.7,60.0,65.0,20.0,35,18.0,30,17.5,33.5,18.0,33.0,4,12,4,12,ENE,NE,NNE,W,85.0,96,84,79,320,25120
5,Cuddalore,ponmani,alluvial,125,62.5,wet,100,5,200,10,135.65,51.9,75,3000,19.6,20.4,187.2,270.8,167.0,250.0,61.0,64.0,18.5,34,16.0,30,15.5,31.0,16.0,33.0,4,10,8,10,SW,W,NNW,WSW,72.0,78,88,85,500,31045
5,Chinnasalem,delux ponni,alluvial,125,62.5,wet,100,5,200,10,135.65,51.9,75,3000,18.1,21.9,185.6,272.4,166.1,250.9,60.2,64.8,18.0,31,15.5,34,15.0,33.0,15.0,31.5,6,6,8,10,E,ENE,NE,NNW,78.6,80,92,88,400,30460
4,Kurinjipadi,delux ponni,clay,100,50.0,wet,80,4,160,8,108.52,41.52,60,2400,19.6,20.4,187.2,270.8,167.0,250.0,61.0,64.0,19.5,34,18.5,35,17.0,32.5,16.0,30.5,10,4,10,6,NW,S,SE,SSE,64.6,85,84,87,320,24852
5,Chinnasalem,ponmani,clay,125,62.5,dry,100,5,200,10,135.65,51.9,75,3000,18.1,21.9,185.6,272.4,166.1,250.9,60.2,64.8,18.0,31,15.5,34,15.0,33.0,15.0,31.5,6,6,8,10,E,ENE,NE,NNW,78.6,80,92,88,500,31045
3,Cuddalore,delux ponni,clay,75,37.5,wet,60,3,120,6,81.39,31.14,45,1800,19.6,20.4,187.2,270.8,167.0,250.0,61.0,64.0,18.5,34,16.0,30,15.5,31.0,16.0,33.0,4,10,8,10,SW,W,NNW,WSW,72.0,78,88,85,240,17649
4,Sankarapuram,ponmani,clay,100,50.0,dry,80,4,160,8,108.52,41.52,60,2400,18.1,21.9,185.6,272.4,166.1,250.9,60.2,64.8,20.5,32,17.5,28,18.0,34.0,16.5,35.0,10,12,10,12,SSE,W,SW,NW,72.7,91,83,81,400,24460
5,Kallakurichi,CO_43,alluvial,125,62.5,dry,100,5,200,10,135.65,51.9,75,3000,18.5,21.5,185.2,272.8,165.3,251.7,60.0,65.0,19.0,33,17.0,32,16.5,31.5,15.5,32.5,8,6,8,6,W,WNW,SE,S,88.5,95,81,84,450,30250
6,Kurinjipadi,ponmani,clay,150,75.0,dry,120,6,240,12,162.78,62.28,90,3600,19.6,20.4,187.2,270.8,167.0,250.0,61.0,64.0,19.5,34,18.5,35,17.0,32.5,16.0,30.5,10,4,10,6,NW,S,SE,SSE,64.6,85,84,87,600,36954
4,Kallakurichi,ponmani,alluvial,100,50.0,dry,80,4,160,8,108.52,41.52,60,2400,18.5,21.5,185.2,272.8,165.3,251.7,60.0,65.0,19.0,33,17.0,32,16.5,31.5,15.5,32.5,8,6,8,6,W,WNW,SE,S,88.5,95,81,84,400,25640
4,Kurinjipadi,CO_43,clay,100,50.0,dry,80,4,160,8,108.52,41.52,60,2400,19.6,20.4,187.2,270.8,167.0,250.0,61.0,64.0,19.5,34,18.5,35,17.0,32.5,16.0,30.5,10,4,10,6,NW,S,SE,SSE,64.6,85,84,87,360,25244
5,Kallakurichi,ponmani,alluvial,125,62.5,wet,100,5,200,10,135.65,51.9,75,3000,18.5,21.5,185.2,272.8,165.3,251.7,60.0,65.0,19.0,33,17.0,32,16.5,31.5,15.5,32.5,8,6,8,6,W,WNW,SE,S,88.5,95,81,84,500,31035
4,Sankarapuram,CO_43,alluvial,100,50.0,wet,80,4,160,8,108.52,41.52,60,2400,18.1,21.9,185.6,272.4,166.1,250.9,60.2,64.8,20.5,32,17.5,28,18.0,34.0,16.5,35.0,10,12,10,12,SSE,W,SW,NW,72.7,91,83,81,360,25228
4,Chinnasalem,delux ponni,clay,100,50.0,wet,80,4,160,8,108.52,41.52,60,2400,18.1,21.9,185.6,272.4,166.1,250.9,60.2,64.8,18.0,31,15.5,34,15.0,33.0,15.0,31.5,6,6,8,10,E,ENE,NE,NNW,78.6,80,92,88,320,24828
2,Kallakurichi,delux ponni,clay,50,25.0,wet,40,2,80,4,54.26,20.76,30,1200,18.5,21.5,185.2,272.8,165.3,251.7,60.0,65.0,19.0,33,17.0,32,16.5,31.5,15.5,32.5,8,6,8,6,W,WNW,SE,S,88.5,95,81,84,160,11446
4,Kallakurichi,delux ponni,alluvial,100,50.0,wet,80,4,160,8,108.52,41.52,60,2400,18.5,21.5,185.2,272.8,165.3,251.7,60.0,65.0,19.0,33,17.0,32,16.5,31.5,15.5,32.5,8,6,8,6,W,WNW,SE,S,88.5,95,81,84,320,25244
5,Cuddalore,delux ponni,alluvial,125,62.5,dry,100,5,200,10,135.65,51.9,75,3000,19.6,20.4,187.2,270.8,167.0,250.0,61.0,64.0,18.5,34,16.0,30,15.5,31.0,16.0,33.0,4,10,8,10,SW,W,NNW,WSW,72.0,78,88,85,400,31810
4,Kallakurichi,ponmani,alluvial,100,50.0,dry,80,4,160,8,108.52,41.52,60,2400,18.5,21.5,185.2,272.8,165.3,251.7,60.0,65.0,19.0,33,17.0,32,16.5,31.5,15.5,32.5,8,6,8,6,W,WNW,SE,S,88.5,95,81,84,400,25120
4,Kallakurichi,ponmani,alluvial,100,50.0,wet,80,4,160,8,108.52,41.52,60,2400,18.5,21.5,185.2,272.8,165.3,251.7,60.0,65.0,19.0,33,17.0,32,16.5,31.5,15.5,32.5,8,6,8,6,W,WNW,SE,S,88.5,95,81,84,400,25120
3,Sankarapuram,CO_43,clay,75,37.5,dry,60,3,120,6,81.39,31.14,45,1800,18.1,21.9,185.6,272.4,166.1,250.9,60.2,64.8,20.5,32,17.5,28,18.0,34.0,16.5,35.0,10,12,10,12,SSE,W,SW,NW,72.7,91,83,81,270,17748
2,Panruti,CO_43,clay,50,25.0,wet,40,2,80,4,54.26,20.76,30,1200,18.5,21.5,185.2,272.8,165.3,251.7,60.0,65.0,20.0,35,18.0,30,17.5,33.5,18.0,33.0,4,12,4,12,ENE,NE,NNE,W,85.0,96,84,79,180,11710
4,Panruti,CO_43,clay,100,50.0,dry,80,4,160,8,108.52,41.52,60,2400,18.5,21.5,185.2,272.8,165.3,251.7,60.0,65.0,20.0,35,18.0,30,17.5,33.5,18.0,33.0,4,12,4,12,ENE,NE,NNE,W,85.0,96,84,79,360,25244
5,Cuddalore,CO_43,clay,125,62.5,dry,100,5,200,10,135.65,51.9,75,3000,19.6,20.4,187.2,270.8,167.0,250.0,61.0,64.0,18.5,34,16.0,30,15.5,31.0,16.0,33.0,4,10,8,10,SW,W,NNW,WSW,72.0,78,88,85,450,30885
3,Kurinjipadi,ponmani,alluvial,75,37.5,dry,60,3,120,6,81.39,31.14,45,1800,19.6,20.4,187.2,270.8,167.0,250.0,61.0,64.0,19.5,34,18.5,35,17.0,32.5,16.0,30.5,10,4,10,6,NW,S,SE,SSE,64.6,85,84,87,300,17046
5,Sankarapuram,CO_43,clay,125,62.5,wet,100,5,200,10,135.65,51.9,75,3000,18.1,21.9,185.6,272.4,166.1,250.9,60.2,64.8,20.5,32,17.5,28,18.0,34.0,16.5,35.0,10,12,10,12,SSE,W,SW,NW,72.7,91,83,81,450,31815
3,Cuddalore,delux ponni,alluvial,75,37.5,dry,60,3,120,6,81.39,31.14,45,1800,19.6,20.4,187.2,270.8,167.0,250.0,61.0,64.0,18.5,34,16.0,30,15.5,31.0,16.0,33.0,4,10,8,10,SW,W,NNW,WSW,72.0,78,88,85,240,17619
1,Kurinjipadi,CO_43,clay,25,12.5,dry,20,1,40,2,27.13,10.38,15,600,19.6,20.4,187.2,270.8,167.0,250.0,61.0,64.0,19.5,34,18.5,35,17.0,32.5,16.0,30.5,10,4,10,6,NW,S,SE,SSE,64.6,85,84,87,90,5723
6,Kurinjipadi,ponmani,alluvial,150,75.0,wet,120,6,240,12,162.78,62.28,90,3600,19.6,20.4,187.2,270.8,167.0,250.0,61.0,64.0,19.5,34,18.5,35,17.0,32.5,16.0,30.5,10,4,10,6,NW,S,SE,SSE,64.6,85,84,87,600,37362
2,Chinnasalem,ponmani,clay,50,25.0,dry,40,2,80,4,54.26,20.76,30,1200,18.1,21.9,185.6,272.4,166.1,250.9,60.2,64.8,18.0,31,15.5,34,15.0,33.0,15.0,31.5,6,6,8,10,E,ENE,NE,NNW,78.6,80,92,88,200,10906
6,Cuddalore,ponmani,alluvial,150,75.0,wet,120,6,240,12,162.78,62.28,90,3600,19.6,20.4,187.2,270.8,167.0,250.0,61.0,64.0,18.5,34,16.0,30,15.5,31.0,16.0,33.0,4,10,8,10,SW,W,NNW,WSW,72.0,78,88,85,600,36090
5,Kurinjipadi,ponmani,clay,125,62.5,wet,100,5,200,10,135.65,51.9,75,3000,19.6,20.4,187.2,270.8,167.0,250.0,61.0,64.0,19.5,34,18.5,35,17.0,32.5,16.0,30.5,10,4,10,6,NW,S,SE,SSE,64.6,85,84,87,500,27265
5,Kurinjipadi,CO_43,alluvial,125,62.5,dry,100,5,200,10,135.65,51.9,75,3000,19.6,20.4,187.2,270.8,167.0,250.0,61.0,64.0,19.5,34,18.5,35,17.0,32.5,16.0,30.5,10,4,10,6,NW,S,SE,SSE,64.6,85,84,87,450,31420
5,Kurinjipadi,CO_43,clay,125,62.5,wet,100,5,200,10,135.65,51.9,75,3000,19.6,20.4,187.2,270.8,167.0,250.0,61.0,64.0,19.5,34,18.5,35,17.0,32.5,16.0,30.5,10,4,10,6,NW,S,SE,SSE,64.6,85,84,87,450,30805
4,Kallakurichi,delux ponni,clay,100,50.0,wet,80,4,160,8,108.52,41.52,60,2400,18.5,21.5,185.2,272.8,165.3,251.7,60.0,65.0,19.0,33,17.0,32,16.5,31.5,15.5,32.5,8,6,8,6,W,WNW,SE,S,88.5,95,81,84,320,25300
6,Panruti,ponmani,alluvial,150,75.0,dry,120,6,240,12,162.78,62.28,90,3600,18.5,21.5,185.2,272.8,165.3,251.7,60.0,65.0,20.0,35,18.0,30,17.5,33.5,18.0,33.0,4,12,4,12,ENE,NE,NNE,W,85.0,96,84,79,600,35448
1,Panruti,ponmani,clay,25,12.5,wet,20,1,40,2,27.13,10.38,15,600,18.5,21.5,185.2,272.8,165.3,251.7,60.0,65.0,20.0,35,18.0,30,17.5,33.5,18.0,33.0,4,12,4,12,ENE,NE,NNE,W,85.0,96,84,79,100,5420
2,Kurinjipadi,delux ponni,clay,50,25.0,wet,40,2,80,4,54.26,20.76,30,1200,19.6,20.4,187.2,270.8,167.0,250.0,61.0,64.0,19.5,34,18.5,35,17.0,32.5,16.0,30.5,10,4,10,6,NW,S,SE,SSE,64.6,85,84,87,160,11832
3,Sankarapuram,delux ponni,alluvial,75,37.5,dry,60,3,120,6,81.39,31.14,45,1800,18.1,21.9,185.6,272.4,166.1,250.9,60.2,64.8,20.5,32,17.5,28,18.0,34.0,16.5,35.0,10,12,10,12,SSE,W,SW,NW,72.7,91,83,81,240,16836
2,Chinnasalem,ponmani,alluvial,50,25.0,wet,40,2,80,4,54.26,20.76,30,1200,18.1,21.9,185.6,272.4,166.1,250.9,60.2,64.8,18.0,31,15.5,34,15.0,33.0,15.0,31.5,6,6,8,10,E,ENE,NE,NNW,78.6,80,92,88,200,10820
5,Kurinjipadi,delux ponni,clay,125,62.5,dry,100,5,200,10,135.65,51.9,75,3000,19.6,20.4,187.2,270.8,167.0,250.0,61.0,64.0,19.5,34,18.5,35,17.0,32.5,16.0,30.5,10,4,10,6,NW,S,SE,SSE,64.6,85,84,87,400,31605
6,Cuddalore,CO_43,clay,150,75.0,dry,120,6,240,12,162.78,62.28,90,3600,19.6,20.4,187.2,270.8,167.0,250.0,61.0,64.0,18.5,34,16.0,30,15.5,31.0,16.0,33.0,4,10,8,10,SW,W,NNW,WSW,72.0,78,88,85,540,35496
4,Sankarapuram,CO_43,clay,100,50.0,wet,80,4,160,8,108.52,41.52,60,2400,18.1,21.9,185.6,272.4,166.1,250.9,60.2,64.8,20.5,32,17.5,28,18.0,34.0,16.5,35.0,10,12,10,12,SSE,W,SW,NW,72.7,91,83,81,360,24836
5,Kallakurichi,delux ponni,alluvial,125,62.5,dry,100,5,200,10,135.65,51.9,75,3000,18.5,21.5,185.2,272.8,165.3,251.7,60.0,65.0,19.0,33,17.0,32,16.5,31.5,15.5,32.5,8,6,8,6,W,WNW,SE,S,88.5,95,81,84,400,30905
5,Chinnasalem,delux ponni,clay,125,62.5,dry,100,5,200,10,135.65,51.9,75,3000,18.1,21.9,185.6,272.4,166.1,250.9,60.2,64.8,18.0,31,15.5,34,15.0,33.0,15.0,31.5,6,6,8,10,E,ENE,NE,NNW,78.6,80,92,88,400,30960
1,Sankarapuram,delux ponni,clay,25,12.5,dry,20,1,40,2,27.13,10.38,15,600,18.1,21.9,185.6,272.4,166.1,250.9,60.2,64.8,20.5,32,17.5,28,18.0,34.0,16.5,35.0,10,12,10,12,SSE,W,SW,NW,72.7,91,83,81,80,5883
5,Cuddalore,ponmani,clay,125,62.5,wet,100,5,200,10,135.65,51.9,75,3000,19.6,20.4,187.2,270.8,167.0,250.0,61.0,64.0,18.5,34,16.0,30,15.5,31.0,16.0,33.0,4,10,8,10,SW,W,NNW,WSW,72.0,78,88,85,500,30905
6,Sankarapuram,ponmani,alluvial,150,75.0,dry,120,6,240,12,162.78,62.28,90,3600,18.1,21.9,185.6,272.4,166.1,250.9,60.2,64.8,20.5,32,17.5,28,18.0,34.0,16.5,35.0,10,12,10,12,SSE,W,SW,NW,72.7,91,83,81,600,34044
5,Cuddalore,ponmani,alluvial,125,62.5,wet,100,5,200,10,135.65,51.9,75,3000,19.6,20.4,187.2,270.8,167.0,250.0,61.0,64.0,18.5,34,16.0,30,15.5,31.0,16.0,33.0,4,10,8,10,SW,W,NNW,WSW,72.0,78,88,85,500,30075
3,Kallakurichi,ponmani,clay,75,37.5,wet,60,3,120,6,81.39,31.14,45,1800,18.5,21.5,185.2,272.8,165.3,251.7,60.0,65.0,19.0,33,17.0,32,16.5,31.5,15.5,32.5,8,6,8,6,W,WNW,SE,S,88.5,95,81,84,300,16923
6,Chinnasalem,delux ponni,alluvial,150,75.0,wet,120,6,240,12,162.78,62.28,90,3600,18.1,21.9,185.6,272.4,166.1,250.9,60.2,64.8,18.0,31,15.5,34,15.0,33.0,15.0,31.5,6,6,8,10,E,ENE,NE,NNW,78.6,80,92,88,480,36732
5,Sankarapuram,ponmani,clay,125,62.5,wet,100,5,200,10,135.65,51.9,75,3000,18.1,21.9,185.6,272.4,166.1,250.9,60.2,64.8,20.5,32,17.5,28,18.0,34.0,16.5,35.0,10,12,10,12,SSE,W,SW,NW,72.7,91,83,81,500,30285
2,Panruti,CO_43,clay,50,25.0,wet,40,2,80,4,54.26,20.76,30,1200,18.5,21.5,185.2,272.8,165.3,251.7,60.0,65.0,20.0,35,18.0,30,17.5,33.5,18.0,33.0,4,12,4,12,ENE,NE,NNE,W,85.0,96,84,79,180,11672
4,Chinnasalem,CO_43,clay,100,50.0,dry,80,4,160,8,108.52,41.52,60,2400,18.1,21.9,185.6,272.4,166.1,250.9,60.2,64.8,18.0,31,15.5,34,15.0,33.0,15.0,31.5,6,6,8,10,E,ENE,NE,NNW,78.6,80,92,88,360,25452
3,Sankarapuram,CO_43,clay,75,37.5,dry,60,3,120,6,81.39,31.14,45,1800,18.1,21.9,185.6,272.4,166.1,250.9,60.2,64.8,20.5,32,17.5,28,18.0,34.0,16.5,35.0,10,12,10,12,SSE,W,SW,NW,72.7,91,83,81,270,16581
3,Sankarapuram,delux ponni,alluvial,75,37.5,dry,60,3,120,6,81.39,31.14,45,1800,18.1,21.9,185.6,272.4,166.1,250.9,60.2,64.8,20.5,32,17.5,28,18.0,34.0,16.5,35.0,10,12,10,12,SSE,W,SW,NW,72.7,91,83,81,240,17508
4,Kallakurichi,delux ponni,clay,100,50.0,dry,80,4,160,8,108.52,41.52,60,2400,18.5,21.5,185.2,272.8,165.3,251.7,60.0,65.0,19.0,33,17.0,32,16.5,31.5,15.5,32.5,8,6,8,6,W,WNW,SE,S,88.5,95,81,84,320,25284
3,Kallakurichi,ponmani,alluvial,75,37.5,dry,60,3,120,6,81.39,31.14,45,1800,18.5,21.5,185.2,272.8,165.3,251.7,60.0,65.0,19.0,33,17.0,32,16.5,31.5,15.5,32.5,8,6,8,6,W,WNW,SE,S,88.5,95,81,84,300,17508
5,Panruti,ponmani,clay,125,62.5,dry,100,5,200,10,135.65,51.9,75,3000,18.5,21.5,185.2,272.8,165.3,251.7,60.0,65.0,20.0,35,18.0,30,17.5,33.5,18.0,33.0,4,12,4,12,ENE,NE,NNE,W,85.0,96,84,79,500,31135
1,Kallakurichi,CO_43,clay,25,12.5,dry,20,1,40,2,27.13,10.38,15,600,18.5,21.5,185.2,272.8,165.3,251.7,60.0,65.0,19.0,33,17.0,32,16.5,31.5,15.5,32.5,8,6,8,6,W,WNW,SE,S,88.5,95,81,84,90,5836
2,Kallakurichi,delux ponni,alluvial,50,25.0,dry,40,2,80,4,54.26,20.76,30,1200,18.5,21.5,185.2,272.8,165.3,251.7,60.0,65.0,19.0,33,17.0,32,16.5,31.5,15.5,32.5,8,6,8,6,W,WNW,SE,S,88.5,95,81,84,160,11054
4,Panruti,delux ponni,clay,100,50.0,dry,80,4,160,8,108.52,41.52,60,2400,18.5,21.5,185.2,272.8,165.3,251.7,60.0,65.0,20.0,35,18.0,30,17.5,33.5,18.0,33.0,4,12,4,12,ENE,NE,NNE,W,85.0,96,84,79,320,24644
5,Cuddalore,delux ponni,alluvial,125,62.5,wet,100,5,200,10,135.65,51.9,75,3000,19.6,20.4,187.2,270.8,167.0,250.0,61.0,64.0,18.5,34,16.0,30,15.5,31.0,16.0,33.0,4,10,8,10,SW,W,NNW,WSW,72.0,78,88,85,400,31815
3,Chinnasalem,ponmani,clay,75,37.5,dry,60,3,120,6,81.39,31.14,45,1800,18.1,21.9,185.6,272.4,166.1,250.9,60.2,64.8,18.0,31,15.5,34,15.0,33.0,15.0,31.5,6,6,8,10,E,ENE,NE,NNW,78.6,80,92,88,300,17508
1,Sankarapuram,ponmani,clay,25,12.5,dry,20,1,40,2,27.13,10.38,15,600,18.1,21.9,185.6,272.4,166.1,250.9,60.2,64.8,20.5,32,17.5,28,18.0,34.0,16.5,35.0,10,12,10,12,SSE,W,SW,NW,72.7,91,83,81,100,5723
2,Kurinjipadi,delux ponni,alluvial,50,25.0,dry,40,2,80,4,54.26,20.76,30,1200,19.6,20.4,187.2,270.8,167.0,250.0,61.0,64.0,19.5,34,18.5,35,17.0,32.5,16.0,30.5,10,4,10,6,NW,S,SE,SSE,64.6,85,84,87,160,11816
2,Cuddalore,ponmani,alluvial,50,25.0,dry,40,2,80,4,54.26,20.76,30,1200,19.6,20.4,187.2,270.8,167.0,250.0,61.0,64.0,18.5,34,16.0,30,15.5,31.0,16.0,33.0,4,10,8,10,SW,W,NNW,WSW,72.0,78,88,85,200,11816
2,Sankarapuram,delux ponni,alluvial,50,25.0,dry,40,2,80,4,54.26,20.76,30,1200,18.1,21.9,185.6,272.4,166.1,250.9,60.2,64.8,20.5,32,17.5,28,18.0,34.0,16.5,35.0,10,12,10,12,SSE,W,SW,NW,72.7,91,83,81,160,11446
3,Sankarapuram,CO_43,alluvial,75,37.5,dry,60,3,120,6,81.39,31.14,45,1800,18.1,21.9,185.6,272.4,166.1,250.9,60.2,64.8,20.5,32,17.5,28,18.0,34.0,16.5,35.0,10,12,10,12,SSE,W,SW,NW,72.7,91,83,81,270,17040
5,Kurinjipadi,ponmani,alluvial,125,62.5,dry,100,5,200,10,135.65,51.9,75,3000,19.6,20.4,187.2,270.8,167.0,250.0,61.0,64.0,19.5,34,18.5,35,17.0,32.5,16.0,30.5,10,4,10,6,NW,S,SE,SSE,64.6,85,84,87,500,30855
5,Sankarapuram,CO_43,clay,125,62.5,dry,100,5,200,10,135.65,51.9,75,3000,18.1,21.9,185.6,272.4,166.1,250.9,60.2,64.8,20.5,32,17.5,28,18.0,34.0,16.5,35.0,10,12,10,12,SSE,W,SW,NW,72.7,91,83,81,450,32345
2,Cuddalore,delux ponni,clay,50,25.0,dry,40,2,80,4,54.26,20.76,30,1200,19.6,20.4,187.2,270.8,167.0,250.0,61.0,64.0,18.5,34,16.0,30,15.5,31.0,16.0,33.0,4,10,8,10,SW,W,NNW,WSW,72.0,78,88,85,160,11672
4,Kurinjipadi,delux ponni,clay,100,50.0,dry,80,4,160,8,108.52,41.52,60,2400,19.6,20.4,187.2,270.8,167.0,250.0,61.0,64.0,19.5,34,18.5,35,17.0,32.5,16.0,30.5,10,4,10,6,NW,S,SE,SSE,64.6,85,84,87,320,23632
5,Cuddalore,CO_43,clay,125,62.5,wet,100,5,200,10,135.65,51.9,75,3000,19.6,20.4,187.2,270.8,167.0,250.0,61.0,64.0,18.5,34,16.0,30,15.5,31.0,16.0,33.0,4,10,8,10,SW,W,NNW,WSW,72.0,78,88,85,450,29190
4,Kurinjipadi,ponmani,alluvial,100,50.0,dry,80,4,160,8,108.52,41.52,60,2400,19.6,20.4,187.2,270.8,167.0,250.0,61.0,64.0,19.5,34,18.5,35,17.0,32.5,16.0,30.5,10,4,10,6,NW,S,SE,SSE,64.6,85,84,87,400,23492
3,Sankarapuram,delux ponni,clay,75,37.5,dry,60,3,120,6,81.39,31.14,45,1800,18.1,21.9,185.6,272.4,166.1,250.9,60.2,64.8,20.5,32,17.5,28,18.0,34.0,16.5,35.0,10,12,10,12,SSE,W,SW,NW,72.7,91,83,81,240,17508
5,Kallakurichi,ponmani,clay,125,62.5,wet,100,5,200,10,135.65,51.9,75,3000,18.5,21.5,185.2,272.8,165.3,251.7,60.0,65.0,19.0,33,17.0,32,16.5,31.5,15.5,32.5,8,6,8,6,W,WNW,SE,S,88.5,95,81,84,500,31625
3,Kurinjipadi,CO_43,alluvial,75,37.5,dry,60,3,120,6,81.39,31.14,45,1800,19.6,20.4,187.2,270.8,167.0,250.0,61.0,64.0,19.5,34,18.5,35,17.0,32.5,16.0,30.5,10,4,10,6,NW,S,SE,SSE,64.6,85,84,87,270,16389
4,Panruti,ponmani,clay,100,50.0,wet,80,4,160,8,108.52,41.52,60,2400,18.5,21.5,185.2,272.8,165.3,251.7,60.0,65.0,20.0,35,18.0,30,17.5,33.5,18.0,33.0,4,12,4,12,ENE,NE,NNE,W,85.0,96,84,79,400,24908
5,Cuddalore,CO_43,alluvial,125,62.5,wet,100,5,200,10,135.65,51.9,75,3000,19.6,20.4,187.2,270.8,167.0,250.0,61.0,64.0,18.5,34,16.0,30,15.5,31.0,16.0,33.0,4,10,8,10,SW,W,NNW,WSW,72.0,78,88,85,450,32050
5,Cuddalore,delux ponni,clay,125,62.5,dry,100,5,200,10,135.65,51.9,75,3000,19.6,20.4,187.2,270.8,167.0,250.0,61.0,64.0,18.5,34,16.0,30,15.5,31.0,16.0,33.0,4,10,8,10,SW,W,NNW,WSW,72.0,78,88,85,400,30545
2,Chinnasalem,ponmani,clay,50,25.0,wet,40,2,80,4,54.26,20.76,30,1200,18.1,21.9,185.6,272.4,166.1,250.9,60.2,64.8,18.0,31,15.5,34,15.0,33.0,15.0,31.5,6,6,8,10,E,ENE,NE,NNW,78.6,80,92,88,200,11038
3,Kurinjipadi,ponmani,clay,75,37.5,dry,60,3,120,6,81.39,31.14,45,1800,19.6,20.4,187.2,270.8,167.0,250.0,61.0,64.0,19.5,34,18.5,35,17.0,32.5,16.0,30.5,10,4,10,6,NW,S,SE,SSE,64.6,85,84,87,300,16581
3,Cuddalore,delux ponni,clay,75,37.5,dry,60,3,120,6,81.39,31.14,45,1800,19.6,20.4,187.2,270.8,167.0,250.0,61.0,64.0,18.5,34,16.0,30,15.5,31.0,16.0,33.0,4,10,8,10,SW,W,NNW,WSW,72.0,78,88,85,240,17508
6,Cuddalore,CO_43,clay,150,75.0,dry,120,6,240,12,162.78,62.28,90,3600,19.6,20.4,187.2,270.8,167.0,250.0,61.0,64.0,18.5,34,16.0,30,15.5,31.0,16.0,33.0,4,10,8,10,SW,W,NNW,WSW,72.0,78,88,85,540,37134
4,Chinnasalem,delux ponni,alluvial,100,50.0,wet,80,4,160,8,108.52,41.52,60,2400,18.1,21.9,185.6,272.4,166.1,250.9,60.2,64.8,18.0,31,15.5,34,15.0,33.0,15.0,31.5,6,6,8,10,E,ENE,NE,NNW,78.6,80,92,88,320,24368
5,Sankarapuram,delux ponni,clay,125,62.5,dry,100,5,200,10,135.65,51.9,75,3000,18.1,21.9,185.6,272.4,166.1,250.9,60.2,64.8,20.5,32,17.5,28,18.0,34.0,16.5,35.0,10,12,10,12,SSE,W,SW,NW,72.7,91,83,81,400,31400
5,Kallakurichi,delux ponni,alluvial,125,62.5,wet,100,5,200,10,135.65,51.9,75,3000,18.5,21.5,185.2,272.8,165.3,251.7,60.0,65.0,19.0,33,17.0,32,16.5,31.5,15.5,32.5,8,6,8,6,W,WNW,SE,S,88.5,95,81,84,400,32345
3,Kurinjipadi,ponmani,alluvial,75,37.5,dry,60,3,120,6,81.39,31.14,45,1800,19.6,20.4,187.2,270.8,167.0,250.0,61.0,64.0,19.5,34,18.5,35,17.0,32.5,16.0,30.5,10,4,10,6,NW,S,SE,SSE,64.6,85,84,87,300,17169
5,Kurinjipadi,CO_43,clay,125,62.5,dry,100,5,200,10,135.65,51.9,75,3000,19.6,20.4,187.2,270.8,167.0,250.0,61.0,64.0,19.5,34,18.5,35,17.0,32.5,16.0,30.5,10,4,10,6,NW,S,SE,SSE,64.6,85,84,87,450,30805
2,Chinnasalem,CO_43,clay,50,25.0,wet,40,2,80,4,54.26,20.76,30,1200,18.1,21.9,185.6,272.4,166.1,250.9,60.2,64.8,18.0,31,15.5,34,15.0,33.0,15.0,31.5,6,6,8,10,E,ENE,NE,NNW,78.6,80,92,88,180,11446
2,Cuddalore,delux ponni,alluvial,50,25.0,dry,40,2,80,4,54.26,20.76,30,1200,19.6,20.4,187.2,270.8,167.0,250.0,61.0,64.0,18.5,34,16.0,30,15.5,31.0,16.0,33.0,4,10,8,10,SW,W,NNW,WSW,72.0,78,88,85,160,11602
2,Panruti,delux ponni,clay,50,25.0,wet,40,2,80,4,54.26,20.76,30,1200,18.5,21.5,185.2,272.8,165.3,251.7,60.0,65.0,20.0,35,18.0,30,17.5,33.5,18.0,33.0,4,12,4,12,ENE,NE,NNE,W,85.0,96,84,79,160,11672
5,Kallakurichi,ponmani,clay,125,62.5,wet,100,5,200,10,135.65,51.9,75,3000,18.5,21.5,185.2,272.8,165.3,251.7,60.0,65.0,19.0,33,17.0,32,16.5,31.5,15.5,32.5,8,6,8,6,W,WNW,SE,S,88.5,95,81,84,500,30075
2,Sankarapuram,ponmani,clay,50,25.0,dry,40,2,80,4,54.26,20.76,30,1200,18.1,21.9,185.6,272.4,166.1,250.9,60.2,64.8,20.5,32,17.5,28,18.0,34.0,16.5,35.0,10,12,10,12,SSE,W,SW,NW,72.7,91,83,81,200,11710
3,Sankarapuram,delux ponni,clay,75,37.5,wet,60,3,120,6,81.39,31.14,45,1800,18.1,21.9,185.6,272.4,166.1,250.9,60.2,64.8,20.5,32,17.5,28,18.0,34.0,16.5,35.0,10,12,10,12,SSE,W,SW,NW,72.7,91,83,81,240,16920
3,Sankarapuram,ponmani,alluvial,75,37.5,dry,60,3,120,6,81.39,31.14,45,1800,18.1,21.9,185.6,272.4,166.1,250.9,60.2,64.8,20.5,32,17.5,28,18.0,34.0,16.5,35.0,10,12,10,12,SSE,W,SW,NW,72.7,91,83,81,300,17589
3,Kurinjipadi,ponmani,clay,75,37.5,dry,60,3,120,6,81.39,31.14,45,1800,19.6,20.4,187.2,270.8,167.0,250.0,61.0,64.0,19.5,34,18.5,35,17.0,32.5,16.0,30.5,10,4,10,6,NW,S,SE,SSE,64.6,85,84,87,300,17169
1,Chinnasalem,ponmani,alluvial,25,12.5,wet,20,1,40,2,27.13,10.38,15,600,18.1,21.9,185.6,272.4,166.1,250.9,60.2,64.8,18.0,31,15.5,34,15.0,33.0,15.0,31.5,6,6,8,10,E,ENE,NE,NNW,78.6,80,92,88,100,5873
4,Panruti,ponmani,clay,100,50.0,dry,80,4,160,8,108.52,41.52,60,2400,18.5,21.5,185.2,272.8,165.3,251.7,60.0,65.0,20.0,35,18.0,30,17.5,33.5,18.0,33.0,4,12,4,12,ENE,NE,NNE,W,85.0,96,84,79,400,23532
3,Panruti,CO_43,alluvial,75,37.5,dry,60,3,120,6,81.39,31.14,45,1800,18.5,21.5,185.2,272.8,165.3,251.7,60.0,65.0,20.0,35,18.0,30,17.5,33.5,18.0,33.0,4,12,4,12,ENE,NE,NNE,W,85.0,96,84,79,270,17403
3,Panruti,delux ponni,alluvial,75,37.5,dry,60,3,120,6,81.39,31.14,45,1800,18.5,21.5,185.2,272.8,165.3,251.7,60.0,65.0,20.0,35,18.0,30,17.5,33.5,18.0,33.0,4,12,4,12,ENE,NE,NNE,W,85.0,96,84,79,240,16476
5,Panruti,delux ponni,alluvial,125,62.5,wet,100,5,200,10,135.65,51.9,75,3000,18.5,21.5,185.2,272.8,165.3,251.7,60.0,65.0,20.0,35,18.0,30,17.5,33.5,18.0,33.0,4,12,4,12,ENE,NE,NNE,W,85.0,96,84,79,400,31535
2,Kallakurichi,delux ponni,alluvial,50,25.0,wet,40,2,80,4,54.26,20.76,30,1200,18.5,21.5,185.2,272.8,165.3,251.7,60.0,65.0,19.0,33,17.0,32,16.5,31.5,15.5,32.5,8,6,8,6,W,WNW,SE,S,88.5,95,81,84,160,11808
2,Kallakurichi,delux ponni,alluvial,50,25.0,wet,40,2,80,4,54.26,20.76,30,1200,18.5,21.5,185.2,272.8,165.3,251.7,60.0,65.0,19.0,33,17.0,32,16.5,31.5,15.5,32.5,8,6,8,6,W,WNW,SE,S,88.5,95,81,84,160,10906
2,Kurinjipadi,ponmani,clay,50,25.0,wet,40,2,80,4,54.26,20.76,30,1200,19.6,20.4,187.2,270.8,167.0,250.0,61.0,64.0,19.5,34,18.5,35,17.0,32.5,16.0,30.5,10,4,10,6,NW,S,SE,SSE,64.6,85,84,87,200,11420
1,Kallakurichi,ponmani,alluvial,25,12.5,wet,20,1,40,2,27.13,10.38,15,600,18.5,21.5,185.2,272.8,165.3,251.7,60.0,65.0,19.0,33,17.0,32,16.5,31.5,15.5,32.5,8,6,8,6,W,WNW,SE,S,88.5,95,81,84,100,5873
3,Sankarapuram,ponmani,alluvial,75,37.5,dry,60,3,120,6,81.39,31.14,45,1800,18.1,21.9,185.6,272.4,166.1,250.9,60.2,64.8,20.5,32,17.5,28,18.0,34.0,16.5,35.0,10,12,10,12,SSE,W,SW,NW,72.7,91,83,81,300,16476
4,Cuddalore,ponmani,clay,100,50.0,dry,80,4,160,8,108.52,41.52,60,2400,19.6,20.4,187.2,270.8,167.0,250.0,61.0,64.0,18.5,34,16.0,30,15.5,31.0,16.0,33.0,4,10,8,10,SW,W,NNW,WSW,72.0,78,88,85,400,24724
2,Kurinjipadi,ponmani,clay,50,25.0,dry,40,2,80,4,54.26,20.76,30,1200,19.6,20.4,187.2,270.8,167.0,250.0,61.0,64.0,19.5,34,18.5,35,17.0,32.5,16.0,30.5,10,4,10,6,NW,S,SE,SSE,64.6,85,84,87,200,11282
6,Cuddalore,CO_43,clay,150,75.0,dry,120,6,240,12,162.78,62.28,90,3600,19.6,20.4,187.2,270.8,167.0,250.0,61.0,64.0,18.5,34,16.0,30,15.5,31.0,16.0,33.0,4,10,8,10,SW,W,NNW,WSW,72.0,78,88,85,540,34338
3,Sankarapuram,CO_43,clay,75,37.5,wet,60,3,120,6,81.39,31.14,45,1800,18.1,21.9,185.6,272.4,166.1,250.9,60.2,64.8,20.5,32,17.5,28,18.0,34.0,16.5,35.0,10,12,10,12,SSE,W,SW,NW,72.7,91,83,81,270,17508
3,Chinnasalem,CO_43,alluvial,75,37.5,wet,60,3,120,6,81.39,31.14,45,1800,18.1,21.9,185.6,272.4,166.1,250.9,60.2,64.8,18.0,31,15.5,34,15.0,33.0,15.0,31.5,6,6,8,10,E,ENE,NE,NNW,78.6,80,92,88,270,17748
1,Cuddalore,ponmani,clay,25,12.5,dry,20,1,40,2,27.13,10.38,15,600,19.6,20.4,187.2,270.8,167.0,250.0,61.0,64.0,18.5,34,16.0,30,15.5,31.0,16.0,33.0,4,10,8,10,SW,W,NNW,WSW,72.0,78,88,85,100,5836
3,Panruti,delux ponni,clay,75,37.5,wet,60,3,120,6,81.39,31.14,45,1800,18.5,21.5,185.2,272.8,165.3,251.7,60.0,65.0,20.0,35,18.0,30,17.5,33.5,18.0,33.0,4,12,4,12,ENE,NE,NNE,W,85.0,96,84,79,240,17748
5,Kallakurichi,delux ponni,alluvial,125,62.5,dry,100,5,200,10,135.65,51.9,75,3000,18.5,21.5,185.2,272.8,165.3,251.7,60.0,65.0,19.0,33,17.0,32,16.5,31.5,15.5,32.5,8,6,8,6,W,WNW,SE,S,88.5,95,81,84,400,30795
5,Kurinjipadi,ponmani,alluvial,125,62.5,wet,100,5,200,10,135.65,51.9,75,3000,19.6,20.4,187.2,270.8,167.0,250.0,61.0,64.0,19.5,34,18.5,35,17.0,32.5,16.0,30.5,10,4,10,6,NW,S,SE,SSE,64.6,85,84,87,500,31815
5,Cuddalore,CO_43,clay,125,62.5,dry,100,5,200,10,135.65,51.9,75,3000,19.6,20.4,187.2,270.8,167.0,250.0,61.0,64.0,18.5,34,16.0,30,15.5,31.0,16.0,33.0,4,10,8,10,SW,W,NNW,WSW,72.0,78,88,85,450,31555
5,Kurinjipadi,delux ponni,clay,125,62.5,wet,100,5,200,10,135.65,51.9,75,3000,19.6,20.4,187.2,270.8,167.0,250.0,61.0,64.0,19.5,34,18.5,35,17.0,32.5,16.0,30.5,10,4,10,6,NW,S,SE,SSE,64.6,85,84,87,400,30755
3,Cuddalore,ponmani,clay,75,37.5,dry,60,3,120,6,81.39,31.14,45,1800,19.6,20.4,187.2,270.8,167.0,250.0,61.0,64.0,18.5,34,16.0,30,15.5,31.0,16.0,33.0,4,10,8,10,SW,W,NNW,WSW,72.0,78,88,85,300,17169
5,Cuddalore,ponmani,alluvial,125,62.5,wet,100,5,200,10,135.65,51.9,75,3000,19.6,20.4,187.2,270.8,167.0,250.0,61.0,64.0,18.5,34,16.0,30,15.5,31.0,16.0,33.0,4,10,8,10,SW,W,NNW,WSW,72.0,78,88,85,500,29930
3,Sankarapuram,ponmani,clay,75,37.5,wet,60,3,120,6,81.39,31.14,45,1800,18.1,21.9,185.6,272.4,166.1,250.9,60.2,64.8,20.5,32,17.5,28,18.0,34.0,16.5,35.0,10,12,10,12,SSE,W,SW,NW,72.7,91,83,81,300,16476
4,Chinnasalem,delux ponni,clay,100,50.0,wet,80,4,160,8,108.52,41.52,60,2400,18.1,21.9,185.6,272.4,166.1,250.9,60.2,64.8,18.0,31,15.5,34,15.0,33.0,15.0,31.5,6,6,8,10,E,ENE,NE,NNW,78.6,80,92,88,320,25424
1,Kallakurichi,ponmani,alluvial,25,12.5,wet,20,1,40,2,27.13,10.38,15,600,18.5,21.5,185.2,272.8,165.3,251.7,60.0,65.0,19.0,33,17.0,32,16.5,31.5,15.5,32.5,8,6,8,6,W,WNW,SE,S,88.5,95,81,84,100,5836
4,Cuddalore,delux ponni,alluvial,100,50.0,wet,80,4,160,8,108.52,41.52,60,2400,19.6,20.4,187.2,270.8,167.0,250.0,61.0,64.0,18.5,34,16.0,30,15.5,31.0,16.0,33.0,4,10,8,10,SW,W,NNW,WSW,72.0,78,88,85,320,24908
5,Sankarapuram,ponmani,clay,125,62.5,dry,100,5,200,10,135.65,51.9,75,3000,18.1,21.9,185.6,272.4,166.1,250.9,60.2,64.8,20.5,32,17.5,28,18.0,34.0,16.5,35.0,10,12,10,12,SSE,W,SW,NW,72.7,91,83,81,500,31065
6,Kallakurichi,CO_43,alluvial,150,75.0,dry,120,6,240,12,162.78,62.28,90,3600,18.5,21.5,185.2,272.8,165.3,251.7,60.0,65.0,19.0,33,17.0,32,16.5,31.5,15.5,32.5,8,6,8,6,W,WNW,SE,S,88.5,95,81,84,540,35016
2,Chinnasalem,CO_43,clay,50,25.0,wet,40,2,80,4,54.26,20.76,30,1200,18.1,21.9,185.6,272.4,166.1,250.9,60.2,64.8,18.0,31,15.5,34,15.0,33.0,15.0,31.5,6,6,8,10,E,ENE,NE,NNW,78.6,80,92,88,180,11054
6,Chinnasalem,delux ponni,alluvial,150,75.0,dry,120,6,240,12,162.78,62.28,90,3600,18.1,21.9,185.6,272.4,166.1,250.9,60.2,64.8,18.0,31,15.5,34,15.0,33.0,15.0,31.5,6,6,8,10,E,ENE,NE,NNW,78.6,80,92,88,480,37062
6,Kallakurichi,CO_43,clay,150,75.0,wet,120,6,240,12,162.78,62.28,90,3600,18.5,21.5,185.2,272.8,165.3,251.7,60.0,65.0,19.0,33,17.0,32,16.5,31.5,15.5,32.5,8,6,8,6,W,WNW,SE,S,88.5,95,81,84,540,32778
5,Kurinjipadi,delux ponni,alluvial,125,62.5,dry,100,5,200,10,135.65,51.9,75,3000,19.6,20.4,187.2,270.8,167.0,250.0,61.0,64.0,19.5,34,18.5,35,17.0,32.5,16.0,30.5,10,4,10,6,NW,S,SE,SSE,64.6,85,84,87,400,32085
3,Kurinjipadi,ponmani,clay,75,37.5,dry,60,3,120,6,81.39,31.14,45,1800,19.6,20.4,187.2,270.8,167.0,250.0,61.0,64.0,19.5,34,18.5,35,17.0,32.5,16.0,30.5,10,4,10,6,NW,S,SE,SSE,64.6,85,84,87,300,17589
4,Cuddalore,ponmani,alluvial,100,50.0,dry,80,4,160,8,108.52,41.52,60,2400,19.6,20.4,187.2,270.8,167.0,250.0,61.0,64.0,18.5,34,16.0,30,15.5,31.0,16.0,33.0,4,10,8,10,SW,W,NNW,WSW,72.0,78,88,85,400,23420
3,Sankarapuram,ponmani,clay,75,37.5,dry,60,3,120,6,81.39,31.14,45,1800,18.1,21.9,185.6,272.4,166.1,250.9,60.2,64.8,20.5,32,17.5,28,18.0,34.0,16.5,35.0,10,12,10,12,SSE,W,SW,NW,72.7,91,83,81,300,17169
2,Kurinjipadi,ponmani,alluvial,50,25.0,wet,40,2,80,4,54.26,20.76,30,1200,19.6,20.4,187.2,270.8,167.0,250.0,61.0,64.0,19.5,34,18.5,35,17.0,32.5,16.0,30.5,10,4,10,6,NW,S,SE,SSE,64.6,85,84,87,200,10926
2,Cuddalore,CO_43,clay,50,25.0,wet,40,2,80,4,54.26,20.76,30,1200,19.6,20.4,187.2,270.8,167.0,250.0,61.0,64.0,18.5,34,16.0,30,15.5,31.0,16.0,33.0,4,10,8,10,SW,W,NNW,WSW,72.0,78,88,85,180,11746
3,Panruti,delux ponni,alluvial,75,37.5,dry,60,3,120,6,81.39,31.14,45,1800,18.5,21.5,185.2,272.8,165.3,251.7,60.0,65.0,20.0,35,18.0,30,17.5,33.5,18.0,33.0,4,12,4,12,ENE,NE,NNE,W,85.0,96,84,79,240,17169
4,Panruti,delux ponni,clay,100,50.0,dry,80,4,160,8,108.52,41.52,60,2400,18.5,21.5,185.2,272.8,165.3,251.7,60.0,65.0,20.0,35,18.0,30,17.5,33.5,18.0,33.0,4,12,4,12,ENE,NE,NNE,W,85.0,96,84,79,320,24060
4,Panruti,delux ponni,alluvial,100,50.0,wet,80,4,160,8,108.52,41.52,60,2400,18.5,21.5,185.2,272.8,165.3,251.7,60.0,65.0,20.0,35,18.0,30,17.5,33.5,18.0,33.0,4,12,4,12,ENE,NE,NNE,W,85.0,96,84,79,320,22812
2,Panruti,delux ponni,clay,50,25.0,dry,40,2,80,4,54.26,20.76,30,1200,18.5,21.5,185.2,272.8,165.3,251.7,60.0,65.0,20.0,35,18.0,30,17.5,33.5,18.0,33.0,4,12,4,12,ENE,NE,NNE,W,85.0,96,84,79,160,11446
5,Kurinjipadi,CO_43,clay,125,62.5,wet,100,5,200,10,135.65,51.9,75,3000,19.6,20.4,187.2,270.8,167.0,250.0,61.0,64.0,19.5,34,18.5,35,17.0,32.5,16.0,30.5,10,4,10,6,NW,S,SE,SSE,64.6,85,84,87,450,32345
3,Kallakurichi,ponmani,alluvial,75,37.5,dry,60,3,120,6,81.39,31.14,45,1800,18.5,21.5,185.2,272.8,165.3,251.7,60.0,65.0,19.0,33,17.0,32,16.5,31.5,15.5,32.5,8,6,8,6,W,WNW,SE,S,88.5,95,81,84,300,17949
3,Kallakurichi,ponmani,clay,75,37.5,dry,60,3,120,6,81.39,31.14,45,1800,18.5,21.5,185.2,272.8,165.3,251.7,60.0,65.0,19.0,33,17.0,32,16.5,31.5,15.5,32.5,8,6,8,6,W,WNW,SE,S,88.5,95,81,84,300,17649
5,Sankarapuram,ponmani,alluvial,125,62.5,wet,100,5,200,10,135.65,51.9,75,3000,18.1,21.9,185.6,272.4,166.1,250.9,60.2,64.8,20.5,32,17.5,28,18.0,34.0,16.5,35.0,10,12,10,12,SSE,W,SW,NW,72.7,91,83,81,500,30100
5,Sankarapuram,CO_43,clay,125,62.5,wet,100,5,200,10,135.65,51.9,75,3000,18.1,21.9,185.6,272.4,166.1,250.9,60.2,64.8,20.5,32,17.5,28,18.0,34.0,16.5,35.0,10,12,10,12,SSE,W,SW,NW,72.7,91,83,81,450,31430
4,Kurinjipadi,delux ponni,clay,100,50.0,dry,80,4,160,8,108.52,41.52,60,2400,19.6,20.4,187.2,270.8,167.0,250.0,61.0,64.0,19.5,34,18.5,35,17.0,32.5,16.0,30.5,10,4,10,6,NW,S,SE,SSE,64.6,85,84,87,320,22080
1,Cuddalore,delux ponni,clay,25,12.5,dry,20,1,40,2,27.13,10.38,15,600,19.6,20.4,187.2,270.8,167.0,250.0,61.0,64.0,18.5,34,16.0,30,15.5,31.0,16.0,33.0,4,10,8,10,SW,W,NNW,WSW,72.0,78,88,85,80,5723
5,Chinnasalem,CO_43,alluvial,125,62.5,wet,100,5,200,10,135.65,51.9,75,3000,18.1,21.9,185.6,272.4,166.1,250.9,60.2,64.8,18.0,31,15.5,34,15.0,33.0,15.0,31.5,6,6,8,10,E,ENE,NE,NNW,78.6,80,92,88,450,30575
5,Kallakurichi,delux ponni,clay,125,62.5,dry,100,5,200,10,135.65,51.9,75,3000,18.5,21.5,185.2,272.8,165.3,251.7,60.0,65.0,19.0,33,17.0,32,16.5,31.5,15.5,32.5,8,6,8,6,W,WNW,SE,S,88.5,95,81,84,400,32050
2,Cuddalore,ponmani,clay,50,25.0,dry,40,2,80,4,54.26,20.76,30,1200,19.6,20.4,187.2,270.8,167.0,250.0,61.0,64.0,18.5,34,16.0,30,15.5,31.0,16.0,33.0,4,10,8,10,SW,W,NNW,WSW,72.0,78,88,85,200,11746
1,Panruti,delux ponni,alluvial,25,12.5,wet,20,1,40,2,27.13,10.38,15,600,18.5,21.5,185.2,272.8,165.3,251.7,60.0,65.0,20.0,35,18.0,30,17.5,33.5,18.0,33.0,4,12,4,12,ENE,NE,NNE,W,85.0,96,84,79,80,5410
5,Kurinjipadi,CO_43,alluvial,125,62.5,dry,100,5,200,10,135.65,51.9,75,3000,19.6,20.4,187.2,270.8,167.0,250.0,61.0,64.0,19.5,34,18.5,35,17.0,32.5,16.0,30.5,10,4,10,6,NW,S,SE,SSE,64.6,85,84,87,450,30250
4,Kurinjipadi,CO_43,clay,100,50.0,wet,80,4,160,8,108.52,41.52,60,2400,19.6,20.4,187.2,270.8,167.0,250.0,61.0,64.0,19.5,34,18.5,35,17.0,32.5,16.0,30.5,10,4,10,6,NW,S,SE,SSE,64.6,85,84,87,360,24460
5,Panruti,ponmani,alluvial,125,62.5,dry,100,5,200,10,135.65,51.9,75,3000,18.5,21.5,185.2,272.8,165.3,251.7,60.0,65.0,20.0,35,18.0,30,17.5,33.5,18.0,33.0,4,12,4,12,ENE,NE,NNE,W,85.0,96,84,79,500,30250
3,Cuddalore,CO_43,clay,75,37.5,wet,60,3,120,6,81.39,31.14,45,1800,19.6,20.4,187.2,270.8,167.0,250.0,61.0,64.0,18.5,34,16.0,30,15.5,31.0,16.0,33.0,4,10,8,10,SW,W,NNW,WSW,72.0,78,88,85,270,16230
5,Sankarapuram,delux ponni,clay,125,62.5,wet,100,5,200,10,135.65,51.9,75,3000,18.1,21.9,185.6,272.4,166.1,250.9,60.2,64.8,20.5,32,17.5,28,18.0,34.0,16.5,35.0,10,12,10,12,SSE,W,SW,NW,72.7,91,83,81,400,31045
5,Kurinjipadi,ponmani,clay,125,62.5,dry,100,5,200,10,135.65,51.9,75,3000,19.6,20.4,187.2,270.8,167.0,250.0,61.0,64.0,19.5,34,18.5,35,17.0,32.5,16.0,30.5,10,4,10,6,NW,S,SE,SSE,64.6,85,84,87,500,28615
3,Cuddalore,delux ponni,clay,75,37.5,wet,60,3,120,6,81.39,31.14,45,1800,19.6,20.4,187.2,270.8,167.0,250.0,61.0,64.0,18.5,34,16.0,30,15.5,31.0,16.0,33.0,4,10,8,10,SW,W,NNW,WSW,72.0,78,88,85,240,17508
5,Panruti,ponmani,clay,125,62.5,dry,100,5,200,10,135.65,51.9,75,3000,18.5,21.5,185.2,272.8,165.3,251.7,60.0,65.0,20.0,35,18.0,30,17.5,33.5,18.0,33.0,4,12,4,12,ENE,NE,NNE,W,85.0,96,84,79,500,32155
5,Panruti,CO_43,clay,125,62.5,wet,100,5,200,10,135.65,51.9,75,3000,18.5,21.5,185.2,272.8,165.3,251.7,60.0,65.0,20.0,35,18.0,30,17.5,33.5,18.0,33.0,4,12,4,12,ENE,NE,NNE,W,85.0,96,84,79,450,27265
4,Chinnasalem,CO_43,clay,100,50.0,dry,80,4,160,8,108.52,41.52,60,2400,18.1,21.9,185.6,272.4,166.1,250.9,60.2,64.8,18.0,31,15.5,34,15.0,33.0,15.0,31.5,6,6,8,10,E,ENE,NE,NNW,78.6,80,92,88,360,25724
2,Panruti,delux ponni,clay,50,25.0,wet,40,2,80,4,54.26,20.76,30,1200,18.5,21.5,185.2,272.8,165.3,251.7,60.0,65.0,20.0,35,18.0,30,17.5,33.5,18.0,33.0,4,12,4,12,ENE,NE,NNE,W,85.0,96,84,79,160,10984
2,Kurinjipadi,ponmani,alluvial,50,25.0,dry,40,2,80,4,54.26,20.76,30,1200,19.6,20.4,187.2,270.8,167.0,250.0,61.0,64.0,19.5,34,18.5,35,17.0,32.5,16.0,30.5,10,4,10,6,NW,S,SE,SSE,64.6,85,84,87,200,11766
6,Panruti,ponmani,alluvial,150,75.0,dry,120,6,240,12,162.78,62.28,90,3600,18.5,21.5,185.2,272.8,165.3,251.7,60.0,65.0,20.0,35,18.0,30,17.5,33.5,18.0,33.0,4,12,4,12,ENE,NE,NNE,W,85.0,96,84,79,600,35040
1,Sankarapuram,delux ponni,alluvial,25,12.5,dry,20,1,40,2,27.13,10.38,15,600,18.1,21.9,185.6,272.4,166.1,250.9,60.2,64.8,20.5,32,17.5,28,18.0,34.0,16.5,35.0,10,12,10,12,SSE,W,SW,NW,72.7,91,83,81,80,5612
5,Cuddalore,delux ponni,clay,125,62.5,wet,100,5,200,10,135.65,51.9,75,3000,19.6,20.4,187.2,270.8,167.0,250.0,61.0,64.0,18.5,34,16.0,30,15.5,31.0,16.0,33.0,4,10,8,10,SW,W,NNW,WSW,72.0,78,88,85,400,31400
3,Chinnasalem,ponmani,alluvial,75,37.5,wet,60,3,120,6,81.39,31.14,45,1800,18.1,21.9,185.6,272.4,166.1,250.9,60.2,64.8,18.0,31,15.5,34,15.0,33.0,15.0,31.5,6,6,8,10,E,ENE,NE,NNW,78.6,80,92,88,300,17208
5,Cuddalore,delux ponni,alluvial,125,62.5,wet,100,5,200,10,135.65,51.9,75,3000,19.6,20.4,187.2,270.8,167.0,250.0,61.0,64.0,18.5,34,16.0,30,15.5,31.0,16.0,33.0,4,10,8,10,SW,W,NNW,WSW,72.0,78,88,85,400,30905
3,Chinnasalem,ponmani,alluvial,75,37.5,dry,60,3,120,6,81.39,31.14,45,1800,18.1,21.9,185.6,272.4,166.1,250.9,60.2,64.8,18.0,31,15.5,34,15.0,33.0,15.0,31.5,6,6,8,10,E,ENE,NE,NNW,78.6,80,92,88,300,16359
4,Sankarapuram,delux ponni,alluvial,100,50.0,dry,80,4,160,8,108.52,41.52,60,2400,18.1,21.9,185.6,272.4,166.1,250.9,60.2,64.8,20.5,32,17.5,28,18.0,34.0,16.5,35.0,10,12,10,12,SSE,W,SW,NW,72.7,91,83,81,320,22892
5,Sankarapuram,delux ponni,alluvial,125,62.5,dry,100,5,200,10,135.65,51.9,75,3000,18.1,21.9,185.6,272.4,166.1,250.9,60.2,64.8,20.5,32,17.5,28,18.0,34.0,16.5,35.0,10,12,10,12,SSE,W,SW,NW,72.7,91,83,81,400,30610
4,Panruti,CO_43,alluvial,100,50.0,wet,80,4,160,8,108.52,41.52,60,2400,18.5,21.5,185.2,272.8,165.3,251.7,60.0,65.0,20.0,35,18.0,30,17.5,33.5,18.0,33.0,4,12,4,12,ENE,NE,NNE,W,85.0,96,84,79,360,22892
3,Sankarapuram,ponmani,clay,75,37.5,dry,60,3,120,6,81.39,31.14,45,1800,18.1,21.9,185.6,272.4,166.1,250.9,60.2,64.8,20.5,32,17.5,28,18.0,34.0,16.5,35.0,10,12,10,12,SSE,W,SW,NW,72.7,91,83,81,300,17589
4,Sankarapuram,ponmani,alluvial,100,50.0,dry,80,4,160,8,108.52,41.52,60,2400,18.1,21.9,185.6,272.4,166.1,250.9,60.2,64.8,20.5,32,17.5,28,18.0,34.0,16.5,35.0,10,12,10,12,SSE,W,SW,NW,72.7,91,83,81,400,24460
4,Chinnasalem,delux ponni,alluvial,100,50.0,dry,80,4,160,8,108.52,41.52,60,2400,18.1,21.9,185.6,272.4,166.1,250.9,60.2,64.8,18.0,31,15.5,34,15.0,33.0,15.0,31.5,6,6,8,10,E,ENE,NE,NNW,78.6,80,92,88,320,21968
2,Chinnasalem,CO_43,alluvial,50,25.0,dry,40,2,80,4,54.26,20.76,30,1200,18.1,21.9,185.6,272.4,166.1,250.9,60.2,64.8,18.0,31,15.5,34,15.0,33.0,15.0,31.5,6,6,8,10,E,ENE,NE,NNW,78.6,80,92,88,180,11446
5,Sankarapuram,ponmani,clay,125,62.5,dry,100,5,200,10,135.65,51.9,75,3000,18.1,21.9,185.6,272.4,166.1,250.9,60.2,64.8,20.5,32,17.5,28,18.0,34.0,16.5,35.0,10,12,10,12,SSE,W,SW,NW,72.7,91,83,81,500,31625
5,Sankarapuram,delux ponni,alluvial,125,62.5,dry,100,5,200,10,135.65,51.9,75,3000,18.1,21.9,185.6,272.4,166.1,250.9,60.2,64.8,20.5,32,17.5,28,18.0,34.0,16.5,35.0,10,12,10,12,SSE,W,SW,NW,72.7,91,83,81,400,30460
4,Panruti,ponmani,alluvial,100,50.0,wet,80,4,160,8,108.52,41.52,60,2400,18.5,21.5,185.2,272.8,165.3,251.7,60.0,65.0,20.0,35,18.0,30,17.5,33.5,18.0,33.0,4,12,4,12,ENE,NE,NNE,W,85.0,96,84,79,400,25120
6,Kurinjipadi,ponmani,alluvial,150,75.0,dry,120,6,240,12,162.78,62.28,90,3600,19.6,20.4,187.2,270.8,167.0,250.0,61.0,64.0,19.5,34,18.5,35,17.0,32.5,16.0,30.5,10,4,10,6,NW,S,SE,SSE,64.6,85,84,87,600,34620
5,Panruti,delux ponni,alluvial,125,62.5,wet,100,5,200,10,135.65,51.9,75,3000,18.5,21.5,185.2,272.8,165.3,251.7,60.0,65.0,20.0,35,18.0,30,17.5,33.5,18.0,33.0,4,12,4,12,ENE,NE,NNE,W,85.0,96,84,79,400,31625
3,Kurinjipadi,delux ponni,clay,75,37.5,dry,60,3,120,6,81.39,31.14,45,1800,19.6,20.4,187.2,270.8,167.0,250.0,61.0,64.0,19.5,34,18.5,35,17.0,32.5,16.0,30.5,10,4,10,6,NW,S,SE,SSE,64.6,85,84,87,240,17508
2,Panruti,CO_43,clay,50,25.0,wet,40,2,80,4,54.26,20.76,30,1200,18.5,21.5,185.2,272.8,165.3,251.7,60.0,65.0,20.0,35,18.0,30,17.5,33.5,18.0,33.0,4,12,4,12,ENE,NE,NNE,W,85.0,96,84,79,180,11746
4,Chinnasalem,ponmani,alluvial,100,50.0,dry,80,4,160,8,108.52,41.52,60,2400,18.1,21.9,185.6,272.4,166.1,250.9,60.2,64.8,18.0,31,15.5,34,15.0,33.0,15.0,31.5,6,6,8,10,E,ENE,NE,NNW,78.6,80,92,88,400,25244
1,Cuddalore,CO_43,clay,25,12.5,dry,20,1,40,2,27.13,10.38,15,600,19.6,20.4,187.2,270.8,167.0,250.0,61.0,64.0,18.5,34,16.0,30,15.5,31.0,16.0,33.0,4,10,8,10,SW,W,NNW,WSW,72.0,78,88,85,90,5863
4,Kallakurichi,CO_43,alluvial,100,50.0,dry,80,4,160,8,108.52,41.52,60,2400,18.5,21.5,185.2,272.8,165.3,251.7,60.0,65.0,19.0,33,17.0,32,16.5,31.5,15.5,32.5,8,6,8,6,W,WNW,SE,S,88.5,95,81,84,360,24852
6,Kurinjipadi,ponmani,clay,150,75.0,wet,120,6,240,12,162.78,62.28,90,3600,19.6,20.4,187.2,270.8,167.0,250.0,61.0,64.0,19.5,34,18.5,35,17.0,32.5,16.0,30.5,10,4,10,6,NW,S,SE,SSE,64.6,85,84,87,600,36906
4,Cuddalore,ponmani,alluvial,100,50.0,dry,80,4,160,8,108.52,41.52,60,2400,19.6,20.4,187.2,270.8,167.0,250.0,61.0,64.0,18.5,34,16.0,30,15.5,31.0,16.0,33.0,4,10,8,10,SW,W,NNW,WSW,72.0,78,88,85,400,24604
2,Cuddalore,ponmani,alluvial,50,25.0,dry,40,2,80,4,54.26,20.76,30,1200,19.6,20.4,187.2,270.8,167.0,250.0,61.0,64.0,18.5,34,16.0,30,15.5,31.0,16.0,33.0,4,10,8,10,SW,W,NNW,WSW,72.0,78,88,85,200,11446
5,Cuddalore,CO_43,clay,125,62.5,wet,100,5,200,10,135.65,51.9,75,3000,19.6,20.4,187.2,270.8,167.0,250.0,61.0,64.0,18.5,34,16.0,30,15.5,31.0,16.0,33.0,4,10,8,10,SW,W,NNW,WSW,72.0,78,88,85,450,31045
2,Kallakurichi,CO_43,alluvial,50,25.0,wet,40,2,80,4,54.26,20.76,30,1200,18.5,21.5,185.2,272.8,165.3,251.7,60.0,65.0,19.0,33,17.0,32,16.5,31.5,15.5,32.5,8,6,8,6,W,WNW,SE,S,88.5,95,81,84,180,11672
2,Kallakurichi,delux ponni,clay,50,25.0,wet,40,2,80,4,54.26,20.76,30,1200,18.5,21.5,185.2,272.8,165.3,251.7,60.0,65.0,19.0,33,17.0,32,16.5,31.5,15.5,32.5,8,6,8,6,W,WNW,SE,S,88.5,95,81,84,160,11938
4,Sankarapuram,delux ponni,clay,100,50.0,dry,80,4,160,8,108.52,41.52,60,2400,18.1,21.9,185.6,272.4,166.1,250.9,60.2,64.8,20.5,32,17.5,28,18.0,34.0,16.5,35.0,10,12,10,12,SSE,W,SW,NW,72.7,91,83,81,320,23452
4,Kurinjipadi,ponmani,alluvial,100,50.0,dry,80,4,160,8,108.52,41.52,60,2400,19.6,20.4,187.2,270.8,167.0,250.0,61.0,64.0,19.5,34,18.5,35,17.0,32.5,16.0,30.5,10,4,10,6,NW,S,SE,SSE,64.6,85,84,87,400,25452
5,Kallakurichi,CO_43,alluvial,125,62.5,wet,100,5,200,10,135.65,51.9,75,3000,18.5,21.5,185.2,272.8,165.3,251.7,60.0,65.0,19.0,33,17.0,32,16.5,31.5,15.5,32.5,8,6,8,6,W,WNW,SE,S,88.5,95,81,84,450,30905
3,Chinnasalem,delux ponni,alluvial,75,37.5,dry,60,3,120,6,81.39,31.14,45,1800,18.1,21.9,185.6,272.4,166.1,250.9,60.2,64.8,18.0,31,15.5,34,15.0,33.0,15.0,31.5,6,6,8,10,E,ENE,NE,NNW,78.6,80,92,88,240,17619
1,Kallakurichi,ponmani,clay,25,12.5,dry,20,1,40,2,27.13,10.38,15,600,18.5,21.5,185.2,272.8,165.3,251.7,60.0,65.0,19.0,33,17.0,32,16.5,31.5,15.5,32.5,8,6,8,6,W,WNW,SE,S,88.5,95,81,84,100,5916
2,Cuddalore,CO_43,alluvial,50,25.0,dry,40,2,80,4,54.26,20.76,30,1200,19.6,20.4,187.2,270.8,167.0,250.0,61.0,64.0,18.5,34,16.0,30,15.5,31.0,16.0,33.0,4,10,8,10,SW,W,NNW,WSW,72.0,78,88,85,180,11746
3,Cuddalore,delux ponni,clay,75,37.5,dry,60,3,120,6,81.39,31.14,45,1800,19.6,20.4,187.2,270.8,167.0,250.0,61.0,64.0,18.5,34,16.0,30,15.5,31.0,16.0,33.0,4,10,8,10,SW,W,NNW,WSW,72.0,78,88,85,240,17748
3,Kurinjipadi,ponmani,alluvial,75,37.5,wet,60,3,120,6,81.39,31.14,45,1800,19.6,20.4,187.2,270.8,167.0,250.0,61.0,64.0,19.5,34,18.5,35,17.0,32.5,16.0,30.5,10,4,10,6,NW,S,SE,SSE,64.6,85,84,87,300,17619
4,Cuddalore,ponmani,alluvial,100,50.0,dry,80,4,160,8,108.52,41.52,60,2400,19.6,20.4,187.2,270.8,167.0,250.0,61.0,64.0,18.5,34,16.0,30,15.5,31.0,16.0,33.0,4,10,8,10,SW,W,NNW,WSW,72.0,78,88,85,400,25452
4,Cuddalore,ponmani,clay,100,50.0,dry,80,4,160,8,108.52,41.52,60,2400,19.6,20.4,187.2,270.8,167.0,250.0,61.0,64.0,18.5,34,16.0,30,15.5,31.0,16.0,33.0,4,10,8,10,SW,W,NNW,WSW,72.0,78,88,85,400,25244
1,Chinnasalem,CO_43,clay,25,12.5,dry,20,1,40,2,27.13,10.38,15,600,18.1,21.9,185.6,272.4,166.1,250.9,60.2,64.8,18.0,31,15.5,34,15.0,33.0,15.0,31.5,6,6,8,10,E,ENE,NE,NNW,78.6,80,92,88,90,5908
2,Sankarapuram,CO_43,alluvial,50,25.0,wet,40,2,80,4,54.26,20.76,30,1200,18.1,21.9,185.6,272.4,166.1,250.9,60.2,64.8,20.5,32,17.5,28,18.0,34.0,16.5,35.0,10,12,10,12,SSE,W,SW,NW,72.7,91,83,81,180,11256
5,Sankarapuram,CO_43,clay,125,62.5,dry,100,5,200,10,135.65,51.9,75,3000,18.1,21.9,185.6,272.4,166.1,250.9,60.2,64.8,20.5,32,17.5,28,18.0,34.0,16.5,35.0,10,12,10,12,SSE,W,SW,NW,72.7,91,83,81,450,31400
5,Kurinjipadi,ponmani,alluvial,125,62.5,dry,100,5,200,10,135.65,51.9,75,3000,19.6,20.4,187.2,270.8,167.0,250.0,61.0,64.0,19.5,34,18.5,35,17.0,32.5,16.0,30.5,10,4,10,6,NW,S,SE,SSE,64.6,85,84,87,500,30905
2,Cuddalore,delux ponni,alluvial,50,25.0,wet,40,2,80,4,54.26,20.76,30,1200,19.6,20.4,187.2,270.8,167.0,250.0,61.0,64.0,18.5,34,16.0,30,15.5,31.0,16.0,33.0,4,10,8,10,SW,W,NNW,WSW,72.0,78,88,85,160,11804
5,Panruti,delux ponni,alluvial,125,62.5,wet,100,5,200,10,135.65,51.9,75,3000,18.5,21.5,185.2,272.8,165.3,251.7,60.0,65.0,20.0,35,18.0,30,17.5,33.5,18.0,33.0,4,12,4,12,ENE,NE,NNE,W,85.0,96,84,79,400,30250
2,Kurinjipadi,ponmani,alluvial,50,25.0,dry,40,2,80,4,54.26,20.76,30,1200,19.6,20.4,187.2,270.8,167.0,250.0,61.0,64.0,19.5,34,18.5,35,17.0,32.5,16.0,30.5,10,4,10,6,NW,S,SE,SSE,64.6,85,84,87,200,11512
2,Chinnasalem,CO_43,clay,50,25.0,wet,40,2,80,4,54.26,20.76,30,1200,18.1,21.9,185.6,272.4,166.1,250.9,60.2,64.8,18.0,31,15.5,34,15.0,33.0,15.0,31.5,6,6,8,10,E,ENE,NE,NNW,78.6,80,92,88,180,11446
5,Sankarapuram,delux ponni,alluvial,125,62.5,wet,100,5,200,10,135.65,51.9,75,3000,18.1,21.9,185.6,272.4,166.1,250.9,60.2,64.8,20.5,32,17.5,28,18.0,34.0,16.5,35.0,10,12,10,12,SSE,W,SW,NW,72.7,91,83,81,400,32050
2,Kurinjipadi,ponmani,alluvial,50,25.0,wet,40,2,80,4,54.26,20.76,30,1200,19.6,20.4,187.2,270.8,167.0,250.0,61.0,64.0,19.5,34,18.5,35,17.0,32.5,16.0,30.5,10,4,10,6,NW,S,SE,SSE,64.6,85,84,87,200,11432
4,Cuddalore,ponmani,clay,100,50.0,wet,80,4,160,8,108.52,41.52,60,2400,19.6,20.4,187.2,270.8,167.0,250.0,61.0,64.0,18.5,34,16.0,30,15.5,31.0,16.0,33.0,4,10,8,10,SW,W,NNW,WSW,72.0,78,88,85,400,25300
4,Cuddalore,ponmani,alluvial,100,50.0,wet,80,4,160,8,108.52,41.52,60,2400,19.6,20.4,187.2,270.8,167.0,250.0,61.0,64.0,18.5,34,16.0,30,15.5,31.0,16.0,33.0,4,10,8,10,SW,W,NNW,WSW,72.0,78,88,85,400,21640
5,Chinnasalem,ponmani,clay,125,62.5,dry,100,5,200,10,135.65,51.9,75,3000,18.1,21.9,185.6,272.4,166.1,250.9,60.2,64.8,18.0,31,15.5,34,15.0,33.0,15.0,31.5,6,6,8,10,E,ENE,NE,NNW,78.6,80,92,88,500,30285
3,Kallakurichi,delux ponni,alluvial,75,37.5,dry,60,3,120,6,81.39,31.14,45,1800,18.5,21.5,185.2,272.8,165.3,251.7,60.0,65.0,19.0,33,17.0,32,16.5,31.5,15.5,32.5,8,6,8,6,W,WNW,SE,S,88.5,95,81,84,240,17724
5,Cuddalore,CO_43,clay,125,62.5,dry,100,5,200,10,135.65,51.9,75,3000,19.6,20.4,187.2,270.8,167.0,250.0,61.0,64.0,18.5,34,16.0,30,15.5,31.0,16.0,33.0,4,10,8,10,SW,W,NNW,WSW,72.0,78,88,85,450,31920
2,Kallakurichi,ponmani,alluvial,50,25.0,wet,40,2,80,4,54.26,20.76,30,1200,18.5,21.5,185.2,272.8,165.3,251.7,60.0,65.0,19.0,33,17.0,32,16.5,31.5,15.5,32.5,8,6,8,6,W,WNW,SE,S,88.5,95,81,84,200,11180
5,Kallakurichi,ponmani,alluvial,125,62.5,wet,100,5,200,10,135.65,51.9,75,3000,18.5,21.5,185.2,272.8,165.3,251.7,60.0,65.0,19.0,33,17.0,32,16.5,31.5,15.5,32.5,8,6,8,6,W,WNW,SE,S,88.5,95,81,84,500,31045
3,Chinnasalem,ponmani,clay,75,37.5,dry,60,3,120,6,81.39,31.14,45,1800,18.1,21.9,185.6,272.4,166.1,250.9,60.2,64.8,18.0,31,15.5,34,15.0,33.0,15.0,31.5,6,6,8,10,E,ENE,NE,NNW,78.6,80,92,88,300,17565
5,Sankarapuram,CO_43,clay,125,62.5,wet,100,5,200,10,135.65,51.9,75,3000,18.1,21.9,185.6,272.4,166.1,250.9,60.2,64.8,20.5,32,17.5,28,18.0,34.0,16.5,35.0,10,12,10,12,SSE,W,SW,NW,72.7,91,83,81,450,30805
4,Cuddalore,ponmani,alluvial,100,50.0,dry,80,4,160,8,108.52,41.52,60,2400,19.6,20.4,187.2,270.8,167.0,250.0,61.0,64.0,18.5,34,16.0,30,15.5,31.0,16.0,33.0,4,10,8,10,SW,W,NNW,WSW,72.0,78,88,85,400,24908
3,Sankarapuram,ponmani,alluvial,75,37.5,dry,60,3,120,6,81.39,31.14,45,1800,18.1,21.9,185.6,272.4,166.1,250.9,60.2,64.8,20.5,32,17.5,28,18.0,34.0,16.5,35.0,10,12,10,12,SSE,W,SW,NW,72.7,91,83,81,300,17508
5,Panruti,ponmani,alluvial,125,62.5,dry,100,5,200,10,135.65,51.9,75,3000,18.5,21.5,185.2,272.8,165.3,251.7,60.0,65.0,20.0,35,18.0,30,17.5,33.5,18.0,33.0,4,12,4,12,ENE,NE,NNE,W,85.0,96,84,79,500,31065
3,Kallakurichi,CO_43,alluvial,75,37.5,dry,60,3,120,6,81.39,31.14,45,1800,18.5,21.5,185.2,272.8,165.3,251.7,60.0,65.0,19.0,33,17.0,32,16.5,31.5,15.5,32.5,8,6,8,6,W,WNW,SE,S,88.5,95,81,84,270,17619
3,Kallakurichi,delux ponni,alluvial,75,37.5,wet,60,3,120,6,81.39,31.14,45,1800,18.5,21.5,185.2,272.8,165.3,251.7,60.0,65.0,19.0,33,17.0,32,16.5,31.5,15.5,32.5,8,6,8,6,W,WNW,SE,S,88.5,95,81,84,240,17508
2,Kurinjipadi,delux ponni,clay,50,25.0,dry,40,2,80,4,54.26,20.76,30,1200,19.6,20.4,187.2,270.8,167.0,250.0,61.0,64.0,19.5,34,18.5,35,17.0,32.5,16.0,30.5,10,4,10,6,NW,S,SE,SSE,64.6,85,84,87,160,11672
4,Sankarapuram,ponmani,clay,100,50.0,wet,80,4,160,8,108.52,41.52,60,2400,18.1,21.9,185.6,272.4,166.1,250.9,60.2,64.8,20.5,32,17.5,28,18.0,34.0,16.5,35.0,10,12,10,12,SSE,W,SW,NW,72.7,91,83,81,400,25536
1,Cuddalore,delux ponni,alluvial,25,12.5,dry,20,1,40,2,27.13,10.38,15,600,19.6,20.4,187.2,270.8,167.0,250.0,61.0,64.0,18.5,34,16.0,30,15.5,31.0,16.0,33.0,4,10,8,10,SW,W,NNW,WSW,72.0,78,88,85,80,5873
3,Kurinjipadi,delux ponni,alluvial,75,37.5,dry,60,3,120,6,81.39,31.14,45,1800,19.6,20.4,187.2,270.8,167.0,250.0,61.0,64.0,19.5,34,18.5,35,17.0,32.5,16.0,30.5,10,4,10,6,NW,S,SE,SSE,64.6,85,84,87,240,17619
4,Cuddalore,delux ponni,clay,100,50.0,wet,80,4,160,8,108.52,41.52,60,2400,19.6,20.4,187.2,270.8,167.0,250.0,61.0,64.0,18.5,34,16.0,30,15.5,31.0,16.0,33.0,4,10,8,10,SW,W,NNW,WSW,72.0,78,88,85,320,25244
4,Cuddalore,ponmani,alluvial,100,50.0,wet,80,4,160,8,108.52,41.52,60,2400,19.6,20.4,187.2,270.8,167.0,250.0,61.0,64.0,18.5,34,16.0,30,15.5,31.0,16.0,33.0,4,10,8,10,SW,W,NNW,WSW,72.0,78,88,85,400,25300
5,Kurinjipadi,ponmani,alluvial,125,62.5,dry,100,5,200,10,135.65,51.9,75,3000,19.6,20.4,187.2,270.8,167.0,250.0,61.0,64.0,19.5,34,18.5,35,17.0,32.5,16.0,30.5,10,4,10,6,NW,S,SE,SSE,64.6,85,84,87,500,31815
5,Sankarapuram,CO_43,alluvial,125,62.5,dry,100,5,200,10,135.65,51.9,75,3000,18.1,21.9,185.6,272.4,166.1,250.9,60.2,64.8,20.5,32,17.5,28,18.0,34.0,16.5,35.0,10,12,10,12,SSE,W,SW,NW,72.7,91,83,81,450,31810
2,Sankarapuram,CO_43,clay,50,25.0,dry,40,2,80,4,54.26,20.76,30,1200,18.1,21.9,185.6,272.4,166.1,250.9,60.2,64.8,20.5,32,17.5,28,18.0,34.0,16.5,35.0,10,12,10,12,SSE,W,SW,NW,72.7,91,83,81,180,11710
2,Kurinjipadi,ponmani,alluvial,50,25.0,wet,40,2,80,4,54.26,20.76,30,1200,19.6,20.4,187.2,270.8,167.0,250.0,61.0,64.0,19.5,34,18.5,35,17.0,32.5,16.0,30.5,10,4,10,6,NW,S,SE,SSE,64.6,85,84,87,200,11832
5,Kallakurichi,delux ponni,clay,125,62.5,dry,100,5,200,10,135.65,51.9,75,3000,18.5,21.5,185.2,272.8,165.3,251.7,60.0,65.0,19.0,33,17.0,32,16.5,31.5,15.5,32.5,8,6,8,6,W,WNW,SE,S,88.5,95,81,84,400,31135
4,Sankarapuram,CO_43,clay,100,50.0,wet,80,4,160,8,108.52,41.52,60,2400,18.1,21.9,185.6,272.4,166.1,250.9,60.2,64.8,20.5,32,17.5,28,18.0,34.0,16.5,35.0,10,12,10,12,SSE,W,SW,NW,72.7,91,83,81,360,25452
5,Kallakurichi,delux ponni,alluvial,125,62.5,wet,100,5,200,10,135.65,51.9,75,3000,18.5,21.5,185.2,272.8,165.3,251.7,60.0,65.0,19.0,33,17.0,32,16.5,31.5,15.5,32.5,8,6,8,6,W,WNW,SE,S,88.5,95,81,84,400,30075
5,Sankarapuram,delux ponni,alluvial,125,62.5,wet,100,5,200,10,135.65,51.9,75,3000,18.1,21.9,185.6,272.4,166.1,250.9,60.2,64.8,20.5,32,17.5,28,18.0,34.0,16.5,35.0,10,12,10,12,SSE,W,SW,NW,72.7,91,83,81,400,30885
5,Panruti,CO_43,clay,125,62.5,wet,100,5,200,10,135.65,51.9,75,3000,18.5,21.5,185.2,272.8,165.3,251.7,60.0,65.0,20.0,35,18.0,30,17.5,33.5,18.0,33.0,4,12,4,12,ENE,NE,NNE,W,85.0,96,84,79,450,31555
5,Panruti,CO_43,clay,125,62.5,wet,100,5,200,10,135.65,51.9,75,3000,18.5,21.5,185.2,272.8,165.3,251.7,60.0,65.0,20.0,35,18.0,30,17.5,33.5,18.0,33.0,4,12,4,12,ENE,NE,NNE,W,85.0,96,84,79,450,31555
4,Kallakurichi,ponmani,clay,100,50.0,wet,80,4,160,8,108.52,41.52,60,2400,18.5,21.5,185.2,272.8,165.3,251.7,60.0,65.0,19.0,33,17.0,32,16.5,31.5,15.5,32.5,8,6,8,6,W,WNW,SE,S,88.5,95,81,84,400,25448
5,Sankarapuram,CO_43,alluvial,125,62.5,wet,100,5,200,10,135.65,51.9,75,3000,18.1,21.9,185.6,272.4,166.1,250.9,60.2,64.8,20.5,32,17.5,28,18.0,34.0,16.5,35.0,10,12,10,12,SSE,W,SW,NW,72.7,91,83,81,450,31535
5,Chinnasalem,ponmani,alluvial,125,62.5,wet,100,5,200,10,135.65,51.9,75,3000,18.1,21.9,185.6,272.4,166.1,250.9,60.2,64.8,18.0,31,15.5,34,15.0,33.0,15.0,31.5,6,6,8,10,E,ENE,NE,NNW,78.6,80,92,88,500,29180
4,Sankarapuram,delux ponni,alluvial,100,50.0,dry,80,4,160,8,108.52,41.52,60,2400,18.1,21.9,185.6,272.4,166.1,250.9,60.2,64.8,20.5,32,17.5,28,18.0,34.0,16.5,35.0,10,12,10,12,SSE,W,SW,NW,72.7,91,83,81,320,25876
3,Kurinjipadi,delux ponni,alluvial,75,37.5,dry,60,3,120,6,81.39,31.14,45,1800,19.6,20.4,187.2,270.8,167.0,250.0,61.0,64.0,19.5,34,18.5,35,17.0,32.5,16.0,30.5,10,4,10,6,NW,S,SE,SSE,64.6,85,84,87,240,16476
3,Kallakurichi,delux ponni,clay,75,37.5,wet,60,3,120,6,81.39,31.14,45,1800,18.5,21.5,185.2,272.8,165.3,251.7,60.0,65.0,19.0,33,17.0,32,16.5,31.5,15.5,32.5,8,6,8,6,W,WNW,SE,S,88.5,95,81,84,240,17619
5,Panruti,ponmani,clay,125,62.5,dry,100,5,200,10,135.65,51.9,75,3000,18.5,21.5,185.2,272.8,165.3,251.7,60.0,65.0,20.0,35,18.0,30,17.5,33.5,18.0,33.0,4,12,4,12,ENE,NE,NNE,W,85.0,96,84,79,500,32020
1,Chinnasalem,delux ponni,clay,25,12.5,wet,20,1,40,2,27.13,10.38,15,600,18.1,21.9,185.6,272.4,166.1,250.9,60.2,64.8,18.0,31,15.5,34,15.0,33.0,15.0,31.5,6,6,8,10,E,ENE,NE,NNW,78.6,80,92,88,80,5723
6,Cuddalore,CO_43,clay,150,75.0,dry,120,6,240,12,162.78,62.28,90,3600,19.6,20.4,187.2,270.8,167.0,250.0,61.0,64.0,18.5,34,16.0,30,15.5,31.0,16.0,33.0,4,10,8,10,SW,W,NNW,WSW,72.0,78,88,85,540,35298
1,Chinnasalem,CO_43,clay,25,12.5,dry,20,1,40,2,27.13,10.38,15,600,18.1,21.9,185.6,272.4,166.1,250.9,60.2,64.8,18.0,31,15.5,34,15.0,33.0,15.0,31.5,6,6,8,10,E,ENE,NE,NNW,78.6,80,92,88,90,5723
4,Kurinjipadi,CO_43,clay,100,50.0,wet,80,4,160,8,108.52,41.52,60,2400,19.6,20.4,187.2,270.8,167.0,250.0,61.0,64.0,19.5,34,18.5,35,17.0,32.5,16.0,30.5,10,4,10,6,NW,S,SE,SSE,64.6,85,84,87,360,25640
3,Chinnasalem,delux ponni,alluvial,75,37.5,wet,60,3,120,6,81.39,31.14,45,1800,18.1,21.9,185.6,272.4,166.1,250.9,60.2,64.8,18.0,31,15.5,34,15.0,33.0,15.0,31.5,6,6,8,10,E,ENE,NE,NNW,78.6,80,92,88,240,17673
5,Panruti,CO_43,alluvial,125,62.5,wet,100,5,200,10,135.65,51.9,75,3000,18.5,21.5,185.2,272.8,165.3,251.7,60.0,65.0,20.0,35,18.0,30,17.5,33.5,18.0,33.0,4,12,4,12,ENE,NE,NNE,W,85.0,96,84,79,450,32155
3,Sankarapuram,CO_43,alluvial,75,37.5,dry,60,3,120,6,81.39,31.14,45,1800,18.1,21.9,185.6,272.4,166.1,250.9,60.2,64.8,20.5,32,17.5,28,18.0,34.0,16.5,35.0,10,12,10,12,SSE,W,SW,NW,72.7,91,83,81,270,17508
3,Sankarapuram,delux ponni,alluvial,75,37.5,dry,60,3,120,6,81.39,31.14,45,1800,18.1,21.9,185.6,272.4,166.1,250.9,60.2,64.8,20.5,32,17.5,28,18.0,34.0,16.5,35.0,10,12,10,12,SSE,W,SW,NW,72.7,91,83,81,240,17619
2,Cuddalore,CO_43,clay,50,25.0,dry,40,2,80,4,54.26,20.76,30,1200,19.6,20.4,187.2,270.8,167.0,250.0,61.0,64.0,18.5,34,16.0,30,15.5,31.0,16.0,33.0,4,10,8,10,SW,W,NNW,WSW,72.0,78,88,85,180,11224
4,Cuddalore,ponmani,alluvial,100,50.0,dry,80,4,160,8,108.52,41.52,60,2400,19.6,20.4,187.2,270.8,167.0,250.0,61.0,64.0,18.5,34,16.0,30,15.5,31.0,16.0,33.0,4,10,8,10,SW,W,NNW,WSW,72.0,78,88,85,400,23304
5,Kurinjipadi,delux ponni,clay,125,62.5,wet,100,5,200,10,135.65,51.9,75,3000,19.6,20.4,187.2,270.8,167.0,250.0,61.0,64.0,19.5,34,18.5,35,17.0,32.5,16.0,30.5,10,4,10,6,NW,S,SE,SSE,64.6,85,84,87,400,30545
5,Sankarapuram,ponmani,alluvial,125,62.5,wet,100,5,200,10,135.65,51.9,75,3000,18.1,21.9,185.6,272.4,166.1,250.9,60.2,64.8,20.5,32,17.5,28,18.0,34.0,16.5,35.0,10,12,10,12,SSE,W,SW,NW,72.7,91,83,81,500,31065
1,Panruti,CO_43,clay,25,12.5,dry,20,1,40,2,27.13,10.38,15,600,18.5,21.5,185.2,272.8,165.3,251.7,60.0,65.0,20.0,35,18.0,30,17.5,33.5,18.0,33.0,4,12,4,12,ENE,NE,NNE,W,85.0,96,84,79,90,5873
5,Cuddalore,delux ponni,clay,125,62.5,dry,100,5,200,10,135.65,51.9,75,3000,19.6,20.4,187.2,270.8,167.0,250.0,61.0,64.0,18.5,34,16.0,30,15.5,31.0,16.0,33.0,4,10,8,10,SW,W,NNW,WSW,72.0,78,88,85,400,31555
5,Kallakurichi,delux ponni,alluvial,125,62.5,dry,100,5,200,10,135.65,51.9,75,3000,18.5,21.5,185.2,272.8,165.3,251.7,60.0,65.0,19.0,33,17.0,32,16.5,31.5,15.5,32.5,8,6,8,6,W,WNW,SE,S,88.5,95,81,84,400,30250
5,Chinnasalem,delux ponni,alluvial,125,62.5,dry,100,5,200,10,135.65,51.9,75,3000,18.1,21.9,185.6,272.4,166.1,250.9,60.2,64.8,18.0,31,15.5,34,15.0,33.0,15.0,31.5,6,6,8,10,E,ENE,NE,NNW,78.6,80,92,88,400,32050
2,Sankarapuram,ponmani,clay,50,25.0,dry,40,2,80,4,54.26,20.76,30,1200,18.1,21.9,185.6,272.4,166.1,250.9,60.2,64.8,20.5,32,17.5,28,18.0,34.0,16.5,35.0,10,12,10,12,SSE,W,SW,NW,72.7,91,83,81,200,11472
5,Kurinjipadi,ponmani,alluvial,125,62.5,dry,100,5,200,10,135.65,51.9,75,3000,19.6,20.4,187.2,270.8,167.0,250.0,61.0,64.0,19.5,34,18.5,35,17.0,32.5,16.0,30.5,10,4,10,6,NW,S,SE,SSE,64.6,85,84,87,500,30540
4,Chinnasalem,ponmani,alluvial,100,50.0,wet,80,4,160,8,108.52,41.52,60,2400,18.1,21.9,185.6,272.4,166.1,250.9,60.2,64.8,18.0,31,15.5,34,15.0,33.0,15.0,31.5,6,6,8,10,E,ENE,NE,NNW,78.6,80,92,88,400,21812
5,Kurinjipadi,CO_43,clay,125,62.5,dry,100,5,200,10,135.65,51.9,75,3000,19.6,20.4,187.2,270.8,167.0,250.0,61.0,64.0,19.5,34,18.5,35,17.0,32.5,16.0,30.5,10,4,10,6,NW,S,SE,SSE,64.6,85,84,87,450,32345
4,Cuddalore,delux ponni,alluvial,100,50.0,dry,80,4,160,8,108.52,41.52,60,2400,19.6,20.4,187.2,270.8,167.0,250.0,61.0,64.0,18.5,34,16.0,30,15.5,31.0,16.0,33.0,4,10,8,10,SW,W,NNW,WSW,72.0,78,88,85,320,24368
5,Chinnasalem,ponmani,alluvial,125,62.5,dry,100,5,200,10,135.65,51.9,75,3000,18.1,21.9,185.6,272.4,166.1,250.9,60.2,64.8,18.0,31,15.5,34,15.0,33.0,15.0,31.5,6,6,8,10,E,ENE,NE,NNW,78.6,80,92,88,500,31045
1,Kurinjipadi,ponmani,clay,25,12.5,wet,20,1,40,2,27.13,10.38,15,600,19.6,20.4,187.2,270.8,167.0,250.0,61.0,64.0,19.5,34,18.5,35,17.0,32.5,16.0,30.5,10,4,10,6,NW,S,SE,SSE,64.6,85,84,87,100,5863
4,Cuddalore,ponmani,clay,100,50.0,wet,80,4,160,8,108.52,41.52,60,2400,19.6,20.4,187.2,270.8,167.0,250.0,61.0,64.0,18.5,34,16.0,30,15.5,31.0,16.0,33.0,4,10,8,10,SW,W,NNW,WSW,72.0,78,88,85,400,24724
5,Sankarapuram,ponmani,alluvial,125,62.5,dry,100,5,200,10,135.65,51.9,75,3000,18.1,21.9,185.6,272.4,166.1,250.9,60.2,64.8,20.5,32,17.5,28,18.0,34.0,16.5,35.0,10,12,10,12,SSE,W,SW,NW,72.7,91,83,81,500,30885
4,Cuddalore,CO_43,clay,100,50.0,dry,80,4,160,8,108.52,41.52,60,2400,19.6,20.4,187.2,270.8,167.0,250.0,61.0,64.0,18.5,34,16.0,30,15.5,31.0,16.0,33.0,4,10,8,10,SW,W,NNW,WSW,72.0,78,88,85,360,24200
3,Sankarapuram,delux ponni,clay,75,37.5,dry,60,3,120,6,81.39,31.14,45,1800,18.1,21.9,185.6,272.4,166.1,250.9,60.2,64.8,20.5,32,17.5,28,18.0,34.0,16.5,35.0,10,12,10,12,SSE,W,SW,NW,72.7,91,83,81,240,17181
5,Kallakurichi,delux ponni,alluvial,125,62.5,dry,100,5,200,10,135.65,51.9,75,3000,18.5,21.5,185.2,272.8,165.3,251.7,60.0,65.0,19.0,33,17.0,32,16.5,31.5,15.5,32.5,8,6,8,6,W,WNW,SE,S,88.5,95,81,84,400,31625
3,Sankarapuram,ponmani,clay,75,37.5,wet,60,3,120,6,81.39,31.14,45,1800,18.1,21.9,185.6,272.4,166.1,250.9,60.2,64.8,20.5,32,17.5,28,18.0,34.0,16.5,35.0,10,12,10,12,SSE,W,SW,NW,72.7,91,83,81,300,17724
1,Cuddalore,ponmani,clay,25,12.5,wet,20,1,40,2,27.13,10.38,15,600,19.6,20.4,187.2,270.8,167.0,250.0,61.0,64.0,18.5,34,16.0,30,15.5,31.0,16.0,33.0,4,10,8,10,SW,W,NNW,WSW,72.0,78,88,85,100,5836
3,Sankarapuram,delux ponni,clay,75,37.5,wet,60,3,120,6,81.39,31.14,45,1800,18.1,21.9,185.6,272.4,166.1,250.9,60.2,64.8,20.5,32,17.5,28,18.0,34.0,16.5,35.0,10,12,10,12,SSE,W,SW,NW,72.7,91,83,81,240,17508
4,Chinnasalem,CO_43,alluvial,100,50.0,dry,80,4,160,8,108.52,41.52,60,2400,18.1,21.9,185.6,272.4,166.1,250.9,60.2,64.8,18.0,31,15.5,34,15.0,33.0,15.0,31.5,6,6,8,10,E,ENE,NE,NNW,78.6,80,92,88,360,22492
1,Cuddalore,delux ponni,clay,25,12.5,wet,20,1,40,2,27.13,10.38,15,600,19.6,20.4,187.2,270.8,167.0,250.0,61.0,64.0,18.5,34,16.0,30,15.5,31.0,16.0,33.0,4,10,8,10,SW,W,NNW,WSW,72.0,78,88,85,80,5863
4,Chinnasalem,delux ponni,alluvial,100,50.0,dry,80,4,160,8,108.52,41.52,60,2400,18.1,21.9,185.6,272.4,166.1,250.9,60.2,64.8,18.0,31,15.5,34,15.0,33.0,15.0,31.5,6,6,8,10,E,ENE,NE,NNW,78.6,80,92,88,320,25244
5,Kallakurichi,ponmani,clay,125,62.5,dry,100,5,200,10,135.65,51.9,75,3000,18.5,21.5,185.2,272.8,165.3,251.7,60.0,65.0,19.0,33,17.0,32,16.5,31.5,15.5,32.5,8,6,8,6,W,WNW,SE,S,88.5,95,81,84,500,31035
2,Panruti,CO_43,alluvial,50,25.0,dry,40,2,80,4,54.26,20.76,30,1200,18.5,21.5,185.2,272.8,165.3,251.7,60.0,65.0,20.0,35,18.0,30,17.5,33.5,18.0,33.0,4,12,4,12,ENE,NE,NNE,W,85.0,96,84,79,180,11446
4,Panruti,CO_43,clay,100,50.0,dry,80,4,160,8,108.52,41.52,60,2400,18.5,21.5,185.2,272.8,165.3,251.7,60.0,65.0,20.0,35,18.0,30,17.5,33.5,18.0,33.0,4,12,4,12,ENE,NE,NNE,W,85.0,96,84,79,360,24368
4,Panruti,CO_43,alluvial,100,50.0,dry,80,4,160,8,108.52,41.52,60,2400,18.5,21.5,185.2,272.8,165.3,251.7,60.0,65.0,20.0,35,18.0,30,17.5,33.5,18.0,33.0,4,12,4,12,ENE,NE,NNE,W,85.0,96,84,79,360,21968
1,Kallakurichi,ponmani,clay,25,12.5,wet,20,1,40,2,27.13,10.38,15,600,18.5,21.5,185.2,272.8,165.3,251.7,60.0,65.0,19.0,33,17.0,32,16.5,31.5,15.5,32.5,8,6,8,6,W,WNW,SE,S,88.5,95,81,84,100,5527
2,Kurinjipadi,CO_43,clay,50,25.0,wet,40,2,80,4,54.26,20.76,30,1200,19.6,20.4,187.2,270.8,167.0,250.0,61.0,64.0,19.5,34,18.5,35,17.0,32.5,16.0,30.5,10,4,10,6,NW,S,SE,SSE,64.6,85,84,87,180,10984
4,Chinnasalem,delux ponni,clay,100,50.0,dry,80,4,160,8,108.52,41.52,60,2400,18.1,21.9,185.6,272.4,166.1,250.9,60.2,64.8,18.0,31,15.5,34,15.0,33.0,15.0,31.5,6,6,8,10,E,ENE,NE,NNW,78.6,80,92,88,320,21852
5,Kallakurichi,delux ponni,alluvial,125,62.5,dry,100,5,200,10,135.65,51.9,75,3000,18.5,21.5,185.2,272.8,165.3,251.7,60.0,65.0,19.0,33,17.0,32,16.5,31.5,15.5,32.5,8,6,8,6,W,WNW,SE,S,88.5,95,81,84,400,31980
3,Chinnasalem,delux ponni,clay,75,37.5,wet,60,3,120,6,81.39,31.14,45,1800,18.1,21.9,185.6,272.4,166.1,250.9,60.2,64.8,18.0,31,15.5,34,15.0,33.0,15.0,31.5,6,6,8,10,E,ENE,NE,NNW,78.6,80,92,88,240,17619
4,Kallakurichi,delux ponni,clay,100,50.0,wet,80,4,160,8,108.52,41.52,60,2400,18.5,21.5,185.2,272.8,165.3,251.7,60.0,65.0,19.0,33,17.0,32,16.5,31.5,15.5,32.5,8,6,8,6,W,WNW,SE,S,88.5,95,81,84,320,24436
4,Cuddalore,delux ponni,alluvial,100,50.0,wet,80,4,160,8,108.52,41.52,60,2400,19.6,20.4,187.2,270.8,167.0,250.0,61.0,64.0,18.5,34,16.0,30,15.5,31.0,16.0,33.0,4,10,8,10,SW,W,NNW,WSW,72.0,78,88,85,320,24724
1,Cuddalore,delux ponni,alluvial,25,12.5,dry,20,1,40,2,27.13,10.38,15,600,19.6,20.4,187.2,270.8,167.0,250.0,61.0,64.0,18.5,34,16.0,30,15.5,31.0,16.0,33.0,4,10,8,10,SW,W,NNW,WSW,72.0,78,88,85,80,5891
6,Panruti,ponmani,alluvial,150,75.0,wet,120,6,240,12,162.78,62.28,90,3600,18.5,21.5,185.2,272.8,165.3,251.7,60.0,65.0,20.0,35,18.0,30,17.5,33.5,18.0,33.0,4,12,4,12,ENE,NE,NNE,W,85.0,96,84,79,600,34338
4,Chinnasalem,CO_43,clay,100,50.0,wet,80,4,160,8,108.52,41.52,60,2400,18.1,21.9,185.6,272.4,166.1,250.9,60.2,64.8,18.0,31,15.5,34,15.0,33.0,15.0,31.5,6,6,8,10,E,ENE,NE,NNW,78.6,80,92,88,360,22180
5,Chinnasalem,delux ponni,alluvial,125,62.5,dry,100,5,200,10,135.65,51.9,75,3000,18.1,21.9,185.6,272.4,166.1,250.9,60.2,64.8,18.0,31,15.5,34,15.0,33.0,15.0,31.5,6,6,8,10,E,ENE,NE,NNW,78.6,80,92,88,400,31065
6,Sankarapuram,ponmani,clay,150,75.0,wet,120,6,240,12,162.78,62.28,90,3600,18.1,21.9,185.6,272.4,166.1,250.9,60.2,64.8,20.5,32,17.5,28,18.0,34.0,16.5,35.0,10,12,10,12,SSE,W,SW,NW,72.7,91,83,81,600,35238
5,Sankarapuram,ponmani,alluvial,125,62.5,wet,100,5,200,10,135.65,51.9,75,3000,18.1,21.9,185.6,272.4,166.1,250.9,60.2,64.8,20.5,32,17.5,28,18.0,34.0,16.5,35.0,10,12,10,12,SSE,W,SW,NW,72.7,91,83,81,500,31780
2,Kallakurichi,delux ponni,clay,50,25.0,wet,40,2,80,4,54.26,20.76,30,1200,18.5,21.5,185.2,272.8,165.3,251.7,60.0,65.0,19.0,33,17.0,32,16.5,31.5,15.5,32.5,8,6,8,6,W,WNW,SE,S,88.5,95,81,84,160,11446
5,Chinnasalem,ponmani,clay,125,62.5,dry,100,5,200,10,135.65,51.9,75,3000,18.1,21.9,185.6,272.4,166.1,250.9,60.2,64.8,18.0,31,15.5,34,15.0,33.0,15.0,31.5,6,6,8,10,E,ENE,NE,NNW,78.6,80,92,88,500,32345
3,Kurinjipadi,ponmani,alluvial,75,37.5,wet,60,3,120,6,81.39,31.14,45,1800,19.6,20.4,187.2,270.8,167.0,250.0,61.0,64.0,19.5,34,18.5,35,17.0,32.5,16.0,30.5,10,4,10,6,NW,S,SE,SSE,64.6,85,84,87,300,16476
6,Cuddalore,CO_43,alluvial,150,75.0,dry,120,6,240,12,162.78,62.28,90,3600,19.6,20.4,187.2,270.8,167.0,250.0,61.0,64.0,18.5,34,16.0,30,15.5,31.0,16.0,33.0,4,10,8,10,SW,W,NNW,WSW,72.0,78,88,85,540,35130
4,Panruti,ponmani,clay,100,50.0,dry,80,4,160,8,108.52,41.52,60,2400,18.5,21.5,185.2,272.8,165.3,251.7,60.0,65.0,20.0,35,18.0,30,17.5,33.5,18.0,33.0,4,12,4,12,ENE,NE,NNE,W,85.0,96,84,79,400,25300
5,Sankarapuram,ponmani,clay,125,62.5,dry,100,5,200,10,135.65,51.9,75,3000,18.1,21.9,185.6,272.4,166.1,250.9,60.2,64.8,20.5,32,17.5,28,18.0,34.0,16.5,35.0,10,12,10,12,SSE,W,SW,NW,72.7,91,83,81,500,31135
3,Cuddalore,delux ponni,clay,75,37.5,wet,60,3,120,6,81.39,31.14,45,1800,19.6,20.4,187.2,270.8,167.0,250.0,61.0,64.0,18.5,34,16.0,30,15.5,31.0,16.0,33.0,4,10,8,10,SW,W,NNW,WSW,72.0,78,88,85,240,16359
3,Chinnasalem,delux ponni,clay,75,37.5,wet,60,3,120,6,81.39,31.14,45,1800,18.1,21.9,185.6,272.4,166.1,250.9,60.2,64.8,18.0,31,15.5,34,15.0,33.0,15.0,31.5,6,6,8,10,E,ENE,NE,NNW,78.6,80,92,88,240,17589
3,Kurinjipadi,CO_43,alluvial,75,37.5,dry,60,3,120,6,81.39,31.14,45,1800,19.6,20.4,187.2,270.8,167.0,250.0,61.0,64.0,19.5,34,18.5,35,17.0,32.5,16.0,30.5,10,4,10,6,NW,S,SE,SSE,64.6,85,84,87,270,17748
2,Kallakurichi,ponmani,clay,50,25.0,wet,40,2,80,4,54.26,20.76,30,1200,18.5,21.5,185.2,272.8,165.3,251.7,60.0,65.0,19.0,33,17.0,32,16.5,31.5,15.5,32.5,8,6,8,6,W,WNW,SE,S,88.5,95,81,84,200,11348
2,Panruti,CO_43,clay,50,25.0,wet,40,2,80,4,54.26,20.76,30,1200,18.5,21.5,185.2,272.8,165.3,251.7,60.0,65.0,20.0,35,18.0,30,17.5,33.5,18.0,33.0,4,12,4,12,ENE,NE,NNE,W,85.0,96,84,79,180,11672
4,Sankarapuram,ponmani,alluvial,100,50.0,wet,80,4,160,8,108.52,41.52,60,2400,18.1,21.9,185.6,272.4,166.1,250.9,60.2,64.8,20.5,32,17.5,28,18.0,34.0,16.5,35.0,10,12,10,12,SSE,W,SW,NW,72.7,91,83,81,400,23216
4,Chinnasalem,delux ponni,alluvial,100,50.0,wet,80,4,160,8,108.52,41.52,60,2400,18.1,21.9,185.6,272.4,166.1,250.9,60.2,64.8,18.0,31,15.5,34,15.0,33.0,15.0,31.5,6,6,8,10,E,ENE,NE,NNW,78.6,80,92,88,320,25284
5,Sankarapuram,CO_43,alluvial,125,62.5,wet,100,5,200,10,135.65,51.9,75,3000,18.1,21.9,185.6,272.4,166.1,250.9,60.2,64.8,20.5,32,17.5,28,18.0,34.0,16.5,35.0,10,12,10,12,SSE,W,SW,NW,72.7,91,83,81,450,32020
5,Kallakurichi,delux ponni,clay,125,62.5,wet,100,5,200,10,135.65,51.9,75,3000,18.5,21.5,185.2,272.8,165.3,251.7,60.0,65.0,19.0,33,17.0,32,16.5,31.5,15.5,32.5,8,6,8,6,W,WNW,SE,S,88.5,95,81,84,400,30805
5,Chinnasalem,delux ponni,clay,125,62.5,wet,100,5,200,10,135.65,51.9,75,3000,18.1,21.9,185.6,272.4,166.1,250.9,60.2,64.8,18.0,31,15.5,34,15.0,33.0,15.0,31.5,6,6,8,10,E,ENE,NE,NNW,78.6,80,92,88,400,31815
6,Sankarapuram,CO_43,clay,150,75.0,wet,120,6,240,12,162.78,62.28,90,3600,18.1,21.9,185.6,272.4,166.1,250.9,60.2,64.8,20.5,32,17.5,28,18.0,34.0,16.5,35.0,10,12,10,12,SSE,W,SW,NW,72.7,91,83,81,540,37086
2,Sankarapuram,ponmani,alluvial,50,25.0,dry,40,2,80,4,54.26,20.76,30,1200,18.1,21.9,185.6,272.4,166.1,250.9,60.2,64.8,20.5,32,17.5,28,18.0,34.0,16.5,35.0,10,12,10,12,SSE,W,SW,NW,72.7,91,83,81,200,11840
4,Chinnasalem,ponmani,clay,100,50.0,dry,80,4,160,8,108.52,41.52,60,2400,18.1,21.9,185.6,272.4,166.1,250.9,60.2,64.8,18.0,31,15.5,34,15.0,33.0,15.0,31.5,6,6,8,10,E,ENE,NE,NNW,78.6,80,92,88,400,24836
2,Kurinjipadi,delux ponni,clay,50,25.0,dry,40,2,80,4,54.26,20.76,30,1200,19.6,20.4,187.2,270.8,167.0,250.0,61.0,64.0,19.5,34,18.5,35,17.0,32.5,16.0,30.5,10,4,10,6,NW,S,SE,SSE,64.6,85,84,87,160,11672
6,Kallakurichi,CO_43,clay,150,75.0,dry,120,6,240,12,162.78,62.28,90,3600,18.5,21.5,185.2,272.8,165.3,251.7,60.0,65.0,19.0,33,17.0,32,16.5,31.5,15.5,32.5,8,6,8,6,W,WNW,SE,S,88.5,95,81,84,540,36342
3,Cuddalore,ponmani,clay,75,37.5,wet,60,3,120,6,81.39,31.14,45,1800,19.6,20.4,187.2,270.8,167.0,250.0,61.0,64.0,18.5,34,16.0,30,15.5,31.0,16.0,33.0,4,10,8,10,SW,W,NNW,WSW,72.0,78,88,85,300,17508
1,Kurinjipadi,delux ponni,clay,25,12.5,wet,20,1,40,2,27.13,10.38,15,600,19.6,20.4,187.2,270.8,167.0,250.0,61.0,64.0,19.5,34,18.5,35,17.0,32.5,16.0,30.5,10,4,10,6,NW,S,SE,SSE,64.6,85,84,87,80,5873
3,Cuddalore,CO_43,clay,75,37.5,wet,60,3,120,6,81.39,31.14,45,1800,19.6,20.4,187.2,270.8,167.0,250.0,61.0,64.0,18.5,34,16.0,30,15.5,31.0,16.0,33.0,4,10,8,10,SW,W,NNW,WSW,72.0,78,88,85,270,17748
6,Chinnasalem,delux ponni,alluvial,150,75.0,wet,120,6,240,12,162.78,62.28,90,3600,18.1,21.9,185.6,272.4,166.1,250.9,60.2,64.8,18.0,31,15.5,34,15.0,33.0,15.0,31.5,6,6,8,10,E,ENE,NE,NNW,78.6,80,92,88,480,36966
3,Sankarapuram,delux ponni,clay,75,37.5,dry,60,3,120,6,81.39,31.14,45,1800,18.1,21.9,185.6,272.4,166.1,250.9,60.2,64.8,20.5,32,17.5,28,18.0,34.0,16.5,35.0,10,12,10,12,SSE,W,SW,NW,72.7,91,83,81,240,17508
6,Chinnasalem,delux ponni,clay,150,75.0,dry,120,6,240,12,162.78,62.28,90,3600,18.1,21.9,185.6,272.4,166.1,250.9,60.2,64.8,18.0,31,15.5,34,15.0,33.0,15.0,31.5,6,6,8,10,E,ENE,NE,NNW,78.6,80,92,88,480,38178
5,Kurinjipadi,ponmani,clay,125,62.5,dry,100,5,200,10,135.65,51.9,75,3000,19.6,20.4,187.2,270.8,167.0,250.0,61.0,64.0,19.5,34,18.5,35,17.0,32.5,16.0,30.5,10,4,10,6,NW,S,SE,SSE,64.6,85,84,87,500,31980
5,Sankarapuram,CO_43,clay,125,62.5,dry,100,5,200,10,135.65,51.9,75,3000,18.1,21.9,185.6,272.4,166.1,250.9,60.2,64.8,20.5,32,17.5,28,18.0,34.0,16.5,35.0,10,12,10,12,SSE,W,SW,NW,72.7,91,83,81,450,31535
3,Sankarapuram,CO_43,clay,75,37.5,dry,60,3,120,6,81.39,31.14,45,1800,18.1,21.9,185.6,272.4,166.1,250.9,60.2,64.8,20.5,32,17.5,28,18.0,34.0,16.5,35.0,10,12,10,12,SSE,W,SW,NW,72.7,91,83,81,270,17169
5,Kurinjipadi,ponmani,clay,125,62.5,dry,100,5,200,10,135.65,51.9,75,3000,19.6,20.4,187.2,270.8,167.0,250.0,61.0,64.0,19.5,34,18.5,35,17.0,32.5,16.0,30.5,10,4,10,6,NW,S,SE,SSE,64.6,85,84,87,500,31140
6,Sankarapuram,ponmani,alluvial,150,75.0,wet,120,6,240,12,162.78,62.28,90,3600,18.1,21.9,185.6,272.4,166.1,250.9,60.2,64.8,20.5,32,17.5,28,18.0,34.0,16.5,35.0,10,12,10,12,SSE,W,SW,NW,72.7,91,83,81,600,38304
5,Cuddalore,CO_43,alluvial,125,62.5,wet,100,5,200,10,135.65,51.9,75,3000,19.6,20.4,187.2,270.8,167.0,250.0,61.0,64.0,18.5,34,16.0,30,15.5,31.0,16.0,33.0,4,10,8,10,SW,W,NNW,WSW,72.0,78,88,85,450,30575
2,Kallakurichi,ponmani,clay,50,25.0,wet,40,2,80,4,54.26,20.76,30,1200,18.5,21.5,185.2,272.8,165.3,251.7,60.0,65.0,19.0,33,17.0,32,16.5,31.5,15.5,32.5,8,6,8,6,W,WNW,SE,S,88.5,95,81,84,200,11746
4,Kurinjipadi,delux ponni,alluvial,100,50.0,dry,80,4,160,8,108.52,41.52,60,2400,19.6,20.4,187.2,270.8,167.0,250.0,61.0,64.0,19.5,34,18.5,35,17.0,32.5,16.0,30.5,10,4,10,6,NW,S,SE,SSE,64.6,85,84,87,320,22100
5,Panruti,delux ponni,alluvial,125,62.5,dry,100,5,200,10,135.65,51.9,75,3000,18.5,21.5,185.2,272.8,165.3,251.7,60.0,65.0,20.0,35,18.0,30,17.5,33.5,18.0,33.0,4,12,4,12,ENE,NE,NNE,W,85.0,96,84,79,400,31045
1,Sankarapuram,delux ponni,alluvial,25,12.5,dry,20,1,40,2,27.13,10.38,15,600,18.1,21.9,185.6,272.4,166.1,250.9,60.2,64.8,20.5,32,17.5,28,18.0,34.0,16.5,35.0,10,12,10,12,SSE,W,SW,NW,72.7,91,83,81,80,5723
5,Chinnasalem,ponmani,clay,125,62.5,wet,100,5,200,10,135.65,51.9,75,3000,18.1,21.9,185.6,272.4,166.1,250.9,60.2,64.8,18.0,31,15.5,34,15.0,33.0,15.0,31.5,6,6,8,10,E,ENE,NE,NNW,78.6,80,92,88,500,31625
5,Chinnasalem,ponmani,clay,125,62.5,wet,100,5,200,10,135.65,51.9,75,3000,18.1,21.9,185.6,272.4,166.1,250.9,60.2,64.8,18.0,31,15.5,34,15.0,33.0,15.0,31.5,6,6,8,10,E,ENE,NE,NNW,78.6,80,92,88,500,31920
2,Chinnasalem,delux ponni,clay,50,25.0,dry,40,2,80,4,54.26,20.76,30,1200,18.1,21.9,185.6,272.4,166.1,250.9,60.2,64.8,18.0,31,15.5,34,15.0,33.0,15.0,31.5,6,6,8,10,E,ENE,NE,NNW,78.6,80,92,88,160,11726
1,Chinnasalem,delux ponni,alluvial,25,12.5,dry,20,1,40,2,27.13,10.38,15,600,18.1,21.9,185.6,272.4,166.1,250.9,60.2,64.8,18.0,31,15.5,34,15.0,33.0,15.0,31.5,6,6,8,10,E,ENE,NE,NNW,78.6,80,92,88,80,5836
6,Panruti,delux ponni,clay,150,75.0,dry,120,6,240,12,162.78,62.28,90,3600,18.5,21.5,185.2,272.8,165.3,251.7,60.0,65.0,20.0,35,18.0,30,17.5,33.5,18.0,33.0,4,12,4,12,ENE,NE,NNE,W,85.0,96,84,79,480,36300
5,Kallakurichi,ponmani,clay,125,62.5,dry,100,5,200,10,135.65,51.9,75,3000,18.5,21.5,185.2,272.8,165.3,251.7,60.0,65.0,19.0,33,17.0,32,16.5,31.5,15.5,32.5,8,6,8,6,W,WNW,SE,S,88.5,95,81,84,500,31135
3,Chinnasalem,ponmani,clay,75,37.5,dry,60,3,120,6,81.39,31.14,45,1800,18.1,21.9,185.6,272.4,166.1,250.9,60.2,64.8,18.0,31,15.5,34,15.0,33.0,15.0,31.5,6,6,8,10,E,ENE,NE,NNW,78.6,80,92,88,300,17169
5,Panruti,delux ponni,clay,125,62.5,dry,100,5,200,10,135.65,51.9,75,3000,18.5,21.5,185.2,272.8,165.3,251.7,60.0,65.0,20.0,35,18.0,30,17.5,33.5,18.0,33.0,4,12,4,12,ENE,NE,NNE,W,85.0,96,84,79,400,31535
4,Chinnasalem,ponmani,alluvial,100,50.0,wet,80,4,160,8,108.52,41.52,60,2400,18.1,21.9,185.6,272.4,166.1,250.9,60.2,64.8,18.0,31,15.5,34,15.0,33.0,15.0,31.5,6,6,8,10,E,ENE,NE,NNW,78.6,80,92,88,400,25244
4,Kallakurichi,ponmani,alluvial,100,50.0,wet,80,4,160,8,108.52,41.52,60,2400,18.5,21.5,185.2,272.8,165.3,251.7,60.0,65.0,19.0,33,17.0,32,16.5,31.5,15.5,32.5,8,6,8,6,W,WNW,SE,S,88.5,95,81,84,400,25244
5,Cuddalore,delux ponni,alluvial,125,62.5,wet,100,5,200,10,135.65,51.9,75,3000,19.6,20.4,187.2,270.8,167.0,250.0,61.0,64.0,18.5,34,16.0,30,15.5,31.0,16.0,33.0,4,10,8,10,SW,W,NNW,WSW,72.0,78,88,85,400,31605
4,Sankarapuram,ponmani,alluvial,100,50.0,wet,80,4,160,8,108.52,41.52,60,2400,18.1,21.9,185.6,272.4,166.1,250.9,60.2,64.8,20.5,32,17.5,28,18.0,34.0,16.5,35.0,10,12,10,12,SSE,W,SW,NW,72.7,91,83,81,400,22892
3,Panruti,delux ponni,alluvial,75,37.5,dry,60,3,120,6,81.39,31.14,45,1800,18.5,21.5,185.2,272.8,165.3,251.7,60.0,65.0,20.0,35,18.0,30,17.5,33.5,18.0,33.0,4,12,4,12,ENE,NE,NNE,W,85.0,96,84,79,240,17619
4,Kurinjipadi,ponmani,clay,100,50.0,wet,80,4,160,8,108.52,41.52,60,2400,19.6,20.4,187.2,270.8,167.0,250.0,61.0,64.0,19.5,34,18.5,35,17.0,32.5,16.0,30.5,10,4,10,6,NW,S,SE,SSE,64.6,85,84,87,400,25724
5,Sankarapuram,ponmani,alluvial,125,62.5,wet,100,5,200,10,135.65,51.9,75,3000,18.1,21.9,185.6,272.4,166.1,250.9,60.2,64.8,20.5,32,17.5,28,18.0,34.0,16.5,35.0,10,12,10,12,SSE,W,SW,NW,72.7,91,83,81,500,30755
5,Cuddalore,ponmani,alluvial,125,62.5,wet,100,5,200,10,135.65,51.9,75,3000,19.6,20.4,187.2,270.8,167.0,250.0,61.0,64.0,18.5,34,16.0,30,15.5,31.0,16.0,33.0,4,10,8,10,SW,W,NNW,WSW,72.0,78,88,85,500,31135
5,Chinnasalem,delux ponni,alluvial,125,62.5,dry,100,5,200,10,135.65,51.9,75,3000,18.1,21.9,185.6,272.4,166.1,250.9,60.2,64.8,18.0,31,15.5,34,15.0,33.0,15.0,31.5,6,6,8,10,E,ENE,NE,NNW,78.6,80,92,88,400,30575
6,Sankarapuram,ponmani,clay,150,75.0,wet,120,6,240,12,162.78,62.28,90,3600,18.1,21.9,185.6,272.4,166.1,250.9,60.2,64.8,20.5,32,17.5,28,18.0,34.0,16.5,35.0,10,12,10,12,SSE,W,SW,NW,72.7,91,83,81,600,36966
5,Kurinjipadi,ponmani,alluvial,125,62.5,dry,100,5,200,10,135.65,51.9,75,3000,19.6,20.4,187.2,270.8,167.0,250.0,61.0,64.0,19.5,34,18.5,35,17.0,32.5,16.0,30.5,10,4,10,6,NW,S,SE,SSE,64.6,85,84,87,500,30885
3,Kurinjipadi,ponmani,clay,75,37.5,wet,60,3,120,6,81.39,31.14,45,1800,19.6,20.4,187.2,270.8,167.0,250.0,61.0,64.0,19.5,34,18.5,35,17.0,32.5,16.0,30.5,10,4,10,6,NW,S,SE,SSE,64.6,85,84,87,300,17619
3,Sankarapuram,CO_43,clay,75,37.5,dry,60,3,120,6,81.39,31.14,45,1800,18.1,21.9,185.6,272.4,166.1,250.9,60.2,64.8,20.5,32,17.5,28,18.0,34.0,16.5,35.0,10,12,10,12,SSE,W,SW,NW,72.7,91,83,81,270,17508
4,Cuddalore,CO_43,alluvial,100,50.0,wet,80,4,160,8,108.52,41.52,60,2400,19.6,20.4,187.2,270.8,167.0,250.0,61.0,64.0,18.5,34,16.0,30,15.5,31.0,16.0,33.0,4,10,8,10,SW,W,NNW,WSW,72.0,78,88,85,360,24708
2,Sankarapuram,ponmani,clay,50,25.0,wet,40,2,80,4,54.26,20.76,30,1200,18.1,21.9,185.6,272.4,166.1,250.9,60.2,64.8,20.5,32,17.5,28,18.0,34.0,16.5,35.0,10,12,10,12,SSE,W,SW,NW,72.7,91,83,81,200,11702
5,Sankarapuram,CO_43,alluvial,125,62.5,dry,100,5,200,10,135.65,51.9,75,3000,18.1,21.9,185.6,272.4,166.1,250.9,60.2,64.8,20.5,32,17.5,28,18.0,34.0,16.5,35.0,10,12,10,12,SSE,W,SW,NW,72.7,91,83,81,450,30855
5,Chinnasalem,CO_43,alluvial,125,62.5,dry,100,5,200,10,135.65,51.9,75,3000,18.1,21.9,185.6,272.4,166.1,250.9,60.2,64.8,18.0,31,15.5,34,15.0,33.0,15.0,31.5,6,6,8,10,E,ENE,NE,NNW,78.6,80,92,88,450,31045
4,Panruti,delux ponni,clay,100,50.0,dry,80,4,160,8,108.52,41.52,60,2400,18.5,21.5,185.2,272.8,165.3,251.7,60.0,65.0,20.0,35,18.0,30,17.5,33.5,18.0,33.0,4,12,4,12,ENE,NE,NNE,W,85.0,96,84,79,320,23344
3,Panruti,ponmani,alluvial,75,37.5,dry,60,3,120,6,81.39,31.14,45,1800,18.5,21.5,185.2,272.8,165.3,251.7,60.0,65.0,20.0,35,18.0,30,17.5,33.5,18.0,33.0,4,12,4,12,ENE,NE,NNE,W,85.0,96,84,79,300,17169
2,Kallakurichi,ponmani,clay,50,25.0,dry,40,2,80,4,54.26,20.76,30,1200,18.5,21.5,185.2,272.8,165.3,251.7,60.0,65.0,19.0,33,17.0,32,16.5,31.5,15.5,32.5,8,6,8,6,W,WNW,SE,S,88.5,95,81,84,200,11612
3,Cuddalore,CO_43,clay,75,37.5,dry,60,3,120,6,81.39,31.14,45,1800,19.6,20.4,187.2,270.8,167.0,250.0,61.0,64.0,18.5,34,16.0,30,15.5,31.0,16.0,33.0,4,10,8,10,SW,W,NNW,WSW,72.0,78,88,85,270,17169
1,Kallakurichi,ponmani,alluvial,25,12.5,dry,20,1,40,2,27.13,10.38,15,600,18.5,21.5,185.2,272.8,165.3,251.7,60.0,65.0,19.0,33,17.0,32,16.5,31.5,15.5,32.5,8,6,8,6,W,WNW,SE,S,88.5,95,81,84,100,5916
5,Panruti,delux ponni,alluvial,125,62.5,dry,100,5,200,10,135.65,51.9,75,3000,18.5,21.5,185.2,272.8,165.3,251.7,60.0,65.0,20.0,35,18.0,30,17.5,33.5,18.0,33.0,4,12,4,12,ENE,NE,NNE,W,85.0,96,84,79,400,31625
1,Kallakurichi,delux ponni,clay,25,12.5,dry,20,1,40,2,27.13,10.38,15,600,18.5,21.5,185.2,272.8,165.3,251.7,60.0,65.0,19.0,33,17.0,32,16.5,31.5,15.5,32.5,8,6,8,6,W,WNW,SE,S,88.5,95,81,84,80,5527
1,Kurinjipadi,ponmani,clay,25,12.5,wet,20,1,40,2,27.13,10.38,15,600,19.6,20.4,187.2,270.8,167.0,250.0,61.0,64.0,19.5,34,18.5,35,17.0,32.5,16.0,30.5,10,4,10,6,NW,S,SE,SSE,64.6,85,84,87,100,5453
5,Sankarapuram,CO_43,alluvial,125,62.5,dry,100,5,200,10,135.65,51.9,75,3000,18.1,21.9,185.6,272.4,166.1,250.9,60.2,64.8,20.5,32,17.5,28,18.0,34.0,16.5,35.0,10,12,10,12,SSE,W,SW,NW,72.7,91,83,81,450,31400
6,Sankarapuram,delux ponni,alluvial,150,75.0,dry,120,6,240,12,162.78,62.28,90,3600,18.1,21.9,185.6,272.4,166.1,250.9,60.2,64.8,20.5,32,17.5,28,18.0,34.0,16.5,35.0,10,12,10,12,SSE,W,SW,NW,72.7,91,83,81,480,37278
3,Kallakurichi,ponmani,alluvial,75,37.5,wet,60,3,120,6,81.39,31.14,45,1800,18.5,21.5,185.2,272.8,165.3,251.7,60.0,65.0,19.0,33,17.0,32,16.5,31.5,15.5,32.5,8,6,8,6,W,WNW,SE,S,88.5,95,81,84,300,17565
1,Panruti,ponmani,clay,25,12.5,dry,20,1,40,2,27.13,10.38,15,600,18.5,21.5,185.2,272.8,165.3,251.7,60.0,65.0,20.0,35,18.0,30,17.5,33.5,18.0,33.0,4,12,4,12,ENE,NE,NNE,W,85.0,96,84,79,100,5883
4,Cuddalore,CO_43,alluvial,100,50.0,dry,80,4,160,8,108.52,41.52,60,2400,19.6,20.4,187.2,270.8,167.0,250.0,61.0,64.0,18.5,34,16.0,30,15.5,31.0,16.0,33.0,4,10,8,10,SW,W,NNW,WSW,72.0,78,88,85,360,23420
4,Kurinjipadi,delux ponni,alluvial,100,50.0,dry,80,4,160,8,108.52,41.52,60,2400,19.6,20.4,187.2,270.8,167.0,250.0,61.0,64.0,19.5,34,18.5,35,17.0,32.5,16.0,30.5,10,4,10,6,NW,S,SE,SSE,64.6,85,84,87,320,24836
4,Kurinjipadi,delux ponni,alluvial,100,50.0,dry,80,4,160,8,108.52,41.52,60,2400,19.6,20.4,187.2,270.8,167.0,250.0,61.0,64.0,19.5,34,18.5,35,17.0,32.5,16.0,30.5,10,4,10,6,NW,S,SE,SSE,64.6,85,84,87,320,22512
1,Panruti,CO_43,clay,25,12.5,dry,20,1,40,2,27.13,10.38,15,600,18.5,21.5,185.2,272.8,165.3,251.7,60.0,65.0,20.0,35,18.0,30,17.5,33.5,18.0,33.0,4,12,4,12,ENE,NE,NNE,W,85.0,96,84,79,90,5723
4,Chinnasalem,ponmani,clay,100,50.0,wet,80,4,160,8,108.52,41.52,60,2400,18.1,21.9,185.6,272.4,166.1,250.9,60.2,64.8,18.0,31,15.5,34,15.0,33.0,15.0,31.5,6,6,8,10,E,ENE,NE,NNW,78.6,80,92,88,400,24908
5,Kallakurichi,delux ponni,clay,125,62.5,dry,100,5,200,10,135.65,51.9,75,3000,18.5,21.5,185.2,272.8,165.3,251.7,60.0,65.0,19.0,33,17.0,32,16.5,31.5,15.5,32.5,8,6,8,6,W,WNW,SE,S,88.5,95,81,84,400,30575
4,Sankarapuram,CO_43,clay,100,50.0,dry,80,4,160,8,108.52,41.52,60,2400,18.1,21.9,185.6,272.4,166.1,250.9,60.2,64.8,20.5,32,17.5,28,18.0,34.0,16.5,35.0,10,12,10,12,SSE,W,SW,NW,72.7,91,83,81,360,25668
1,Sankarapuram,delux ponni,clay,25,12.5,dry,20,1,40,2,27.13,10.38,15,600,18.1,21.9,185.6,272.4,166.1,250.9,60.2,64.8,20.5,32,17.5,28,18.0,34.0,16.5,35.0,10,12,10,12,SSE,W,SW,NW,72.7,91,83,81,80,5836
6,Chinnasalem,delux ponni,clay,150,75.0,dry,120,6,240,12,162.78,62.28,90,3600,18.1,21.9,185.6,272.4,166.1,250.9,60.2,64.8,18.0,31,15.5,34,15.0,33.0,15.0,31.5,6,6,8,10,E,ENE,NE,NNW,78.6,80,92,88,480,36906
5,Cuddalore,CO_43,alluvial,125,62.5,wet,100,5,200,10,135.65,51.9,75,3000,19.6,20.4,187.2,270.8,167.0,250.0,61.0,64.0,18.5,34,16.0,30,15.5,31.0,16.0,33.0,4,10,8,10,SW,W,NNW,WSW,72.0,78,88,85,450,31815
6,Sankarapuram,delux ponni,clay,150,75.0,dry,120,6,240,12,162.78,62.28,90,3600,18.1,21.9,185.6,272.4,166.1,250.9,60.2,64.8,20.5,32,17.5,28,18.0,34.0,16.5,35.0,10,12,10,12,SSE,W,SW,NW,72.7,91,83,81,480,37134
5,Sankarapuram,delux ponni,alluvial,125,62.5,wet,100,5,200,10,135.65,51.9,75,3000,18.1,21.9,185.6,272.4,166.1,250.9,60.2,64.8,20.5,32,17.5,28,18.0,34.0,16.5,35.0,10,12,10,12,SSE,W,SW,NW,72.7,91,83,81,400,30945
4,Kurinjipadi,ponmani,alluvial,100,50.0,dry,80,4,160,8,108.52,41.52,60,2400,19.6,20.4,187.2,270.8,167.0,250.0,61.0,64.0,19.5,34,18.5,35,17.0,32.5,16.0,30.5,10,4,10,6,NW,S,SE,SSE,64.6,85,84,87,400,24828
5,Sankarapuram,ponmani,clay,125,62.5,dry,100,5,200,10,135.65,51.9,75,3000,18.1,21.9,185.6,272.4,166.1,250.9,60.2,64.8,20.5,32,17.5,28,18.0,34.0,16.5,35.0,10,12,10,12,SSE,W,SW,NW,72.7,91,83,81,500,31045
5,Chinnasalem,CO_43,clay,125,62.5,wet,100,5,200,10,135.65,51.9,75,3000,18.1,21.9,185.6,272.4,166.1,250.9,60.2,64.8,18.0,31,15.5,34,15.0,33.0,15.0,31.5,6,6,8,10,E,ENE,NE,NNW,78.6,80,92,88,450,29365
6,Cuddalore,CO_43,clay,150,75.0,wet,120,6,240,12,162.78,62.28,90,3600,19.6,20.4,187.2,270.8,167.0,250.0,61.0,64.0,18.5,34,16.0,30,15.5,31.0,16.0,33.0,4,10,8,10,SW,W,NNW,WSW,72.0,78,88,85,540,34338
3,Panruti,CO_43,clay,75,37.5,dry,60,3,120,6,81.39,31.14,45,1800,18.5,21.5,185.2,272.8,165.3,251.7,60.0,65.0,20.0,35,18.0,30,17.5,33.5,18.0,33.0,4,12,4,12,ENE,NE,NNE,W,85.0,96,84,79,270,16476
2,Kallakurichi,ponmani,clay,50,25.0,wet,40,2,80,4,54.26,20.76,30,1200,18.5,21.5,185.2,272.8,165.3,251.7,60.0,65.0,19.0,33,17.0,32,16.5,31.5,15.5,32.5,8,6,8,6,W,WNW,SE,S,88.5,95,81,84,200,11652
1,Cuddalore,delux ponni,alluvial,25,12.5,wet,20,1,40,2,27.13,10.38,15,600,19.6,20.4,187.2,270.8,167.0,250.0,61.0,64.0,18.5,34,16.0,30,15.5,31.0,16.0,33.0,4,10,8,10,SW,W,NNW,WSW,72.0,78,88,85,80,5836
3,Kurinjipadi,delux ponni,clay,75,37.5,wet,60,3,120,6,81.39,31.14,45,1800,19.6,20.4,187.2,270.8,167.0,250.0,61.0,64.0,19.5,34,18.5,35,17.0,32.5,16.0,30.5,10,4,10,6,NW,S,SE,SSE,64.6,85,84,87,240,17508
4,Kallakurichi,ponmani,alluvial,100,50.0,wet,80,4,160,8,108.52,41.52,60,2400,18.5,21.5,185.2,272.8,165.3,251.7,60.0,65.0,19.0,33,17.0,32,16.5,31.5,15.5,32.5,8,6,8,6,W,WNW,SE,S,88.5,95,81,84,400,25448
4,Kurinjipadi,delux ponni,alluvial,100,50.0,dry,80,4,160,8,108.52,41.52,60,2400,19.6,20.4,187.2,270.8,167.0,250.0,61.0,64.0,19.5,34,18.5,35,17.0,32.5,16.0,30.5,10,4,10,6,NW,S,SE,SSE,64.6,85,84,87,320,24488
5,Panruti,delux ponni,alluvial,125,62.5,dry,100,5,200,10,135.65,51.9,75,3000,18.5,21.5,185.2,272.8,165.3,251.7,60.0,65.0,20.0,35,18.0,30,17.5,33.5,18.0,33.0,4,12,4,12,ENE,NE,NNE,W,85.0,96,84,79,400,30250
6,Sankarapuram,delux ponni,clay,150,75.0,wet,120,6,240,12,162.78,62.28,90,3600,18.1,21.9,185.6,272.4,166.1,250.9,60.2,64.8,20.5,32,17.5,28,18.0,34.0,16.5,35.0,10,12,10,12,SSE,W,SW,NW,72.7,91,83,81,480,36654
5,Kallakurichi,ponmani,alluvial,125,62.5,dry,100,5,200,10,135.65,51.9,75,3000,18.5,21.5,185.2,272.8,165.3,251.7,60.0,65.0,19.0,33,17.0,32,16.5,31.5,15.5,32.5,8,6,8,6,W,WNW,SE,S,88.5,95,81,84,500,30610
6,Chinnasalem,ponmani,clay,150,75.0,dry,120,6,240,12,162.78,62.28,90,3600,18.1,21.9,185.6,272.4,166.1,250.9,60.2,64.8,18.0,31,15.5,34,15.0,33.0,15.0,31.5,6,6,8,10,E,ENE,NE,NNW,78.6,80,92,88,600,32460
6,Kallakurichi,CO_43,alluvial,150,75.0,wet,120,6,240,12,162.78,62.28,90,3600,18.5,21.5,185.2,272.8,165.3,251.7,60.0,65.0,19.0,33,17.0,32,16.5,31.5,15.5,32.5,8,6,8,6,W,WNW,SE,S,88.5,95,81,84,540,35592
1,Kurinjipadi,ponmani,clay,25,12.5,wet,20,1,40,2,27.13,10.38,15,600,19.6,20.4,187.2,270.8,167.0,250.0,61.0,64.0,19.5,34,18.5,35,17.0,32.5,16.0,30.5,10,4,10,6,NW,S,SE,SSE,64.6,85,84,87,100,5883
5,Sankarapuram,CO_43,clay,125,62.5,wet,100,5,200,10,135.65,51.9,75,3000,18.1,21.9,185.6,272.4,166.1,250.9,60.2,64.8,20.5,32,17.5,28,18.0,34.0,16.5,35.0,10,12,10,12,SSE,W,SW,NW,72.7,91,83,81,450,30285
3,Cuddalore,CO_43,clay,75,37.5,wet,60,3,120,6,81.39,31.14,45,1800,19.6,20.4,187.2,270.8,167.0,250.0,61.0,64.0,18.5,34,16.0,30,15.5,31.0,16.0,33.0,4,10,8,10,SW,W,NNW,WSW,72.0,78,88,85,270,17565
2,Chinnasalem,delux ponni,clay,50,25.0,dry,40,2,80,4,54.26,20.76,30,1200,18.1,21.9,185.6,272.4,166.1,250.9,60.2,64.8,18.0,31,15.5,34,15.0,33.0,15.0,31.5,6,6,8,10,E,ENE,NE,NNW,78.6,80,92,88,160,10984
5,Cuddalore,delux ponni,alluvial,125,62.5,dry,100,5,200,10,135.65,51.9,75,3000,19.6,20.4,187.2,270.8,167.0,250.0,61.0,64.0,18.5,34,16.0,30,15.5,31.0,16.0,33.0,4,10,8,10,SW,W,NNW,WSW,72.0,78,88,85,400,30460
2,Sankarapuram,CO_43,clay,50,25.0,wet,40,2,80,4,54.26,20.76,30,1200,18.1,21.9,185.6,272.4,166.1,250.9,60.2,64.8,20.5,32,17.5,28,18.0,34.0,16.5,35.0,10,12,10,12,SSE,W,SW,NW,72.7,91,83,81,180,11672
5,Chinnasalem,delux ponni,alluvial,125,62.5,dry,100,5,200,10,135.65,51.9,75,3000,18.1,21.9,185.6,272.4,166.1,250.9,60.2,64.8,18.0,31,15.5,34,15.0,33.0,15.0,31.5,6,6,8,10,E,ENE,NE,NNW,78.6,80,92,88,400,30795
1,Chinnasalem,CO_43,clay,25,12.5,wet,20,1,40,2,27.13,10.38,15,600,18.1,21.9,185.6,272.4,166.1,250.9,60.2,64.8,18.0,31,15.5,34,15.0,33.0,15.0,31.5,6,6,8,10,E,ENE,NE,NNW,78.6,80,92,88,90,5410
5,Kallakurichi,delux ponni,alluvial,125,62.5,dry,100,5,200,10,135.65,51.9,75,3000,18.5,21.5,185.2,272.8,165.3,251.7,60.0,65.0,19.0,33,17.0,32,16.5,31.5,15.5,32.5,8,6,8,6,W,WNW,SE,S,88.5,95,81,84,400,32050
2,Cuddalore,delux ponni,clay,50,25.0,dry,40,2,80,4,54.26,20.76,30,1200,19.6,20.4,187.2,270.8,167.0,250.0,61.0,64.0,18.5,34,16.0,30,15.5,31.0,16.0,33.0,4,10,8,10,SW,W,NNW,WSW,72.0,78,88,85,160,11832
3,Chinnasalem,delux ponni,clay,75,37.5,wet,60,3,120,6,81.39,31.14,45,1800,18.1,21.9,185.6,272.4,166.1,250.9,60.2,64.8,18.0,31,15.5,34,15.0,33.0,15.0,31.5,6,6,8,10,E,ENE,NE,NNW,78.6,80,92,88,240,16476
3,Chinnasalem,ponmani,alluvial,75,37.5,dry,60,3,120,6,81.39,31.14,45,1800,18.1,21.9,185.6,272.4,166.1,250.9,60.2,64.8,18.0,31,15.5,34,15.0,33.0,15.0,31.5,6,6,8,10,E,ENE,NE,NNW,78.6,80,92,88,300,17169
3,Sankarapuram,delux ponni,clay,75,37.5,wet,60,3,120,6,81.39,31.14,45,1800,18.1,21.9,185.6,272.4,166.1,250.9,60.2,64.8,20.5,32,17.5,28,18.0,34.0,16.5,35.0,10,12,10,12,SSE,W,SW,NW,72.7,91,83,81,240,17169
2,Kurinjipadi,delux ponni,clay,50,25.0,dry,40,2,80,4,54.26,20.76,30,1200,19.6,20.4,187.2,270.8,167.0,250.0,61.0,64.0,19.5,34,18.5,35,17.0,32.5,16.0,30.5,10,4,10,6,NW,S,SE,SSE,64.6,85,84,87,160,11928
2,Kurinjipadi,ponmani,clay,50,25.0,wet,40,2,80,4,54.26,20.76,30,1200,19.6,20.4,187.2,270.8,167.0,250.0,61.0,64.0,19.5,34,18.5,35,17.0,32.5,16.0,30.5,10,4,10,6,NW,S,SE,SSE,64.6,85,84,87,200,11816
2,Sankarapuram,CO_43,clay,50,25.0,wet,40,2,80,4,54.26,20.76,30,1200,18.1,21.9,185.6,272.4,166.1,250.9,60.2,64.8,20.5,32,17.5,28,18.0,34.0,16.5,35.0,10,12,10,12,SSE,W,SW,NW,72.7,91,83,81,180,11832
4,Kurinjipadi,CO_43,alluvial,100,50.0,wet,80,4,160,8,108.52,41.52,60,2400,19.6,20.4,187.2,270.8,167.0,250.0,61.0,64.0,19.5,34,18.5,35,17.0,32.5,16.0,30.5,10,4,10,6,NW,S,SE,SSE,64.6,85,84,87,360,22892
3,Sankarapuram,CO_43,clay,75,37.5,dry,60,3,120,6,81.39,31.14,45,1800,18.1,21.9,185.6,272.4,166.1,250.9,60.2,64.8,20.5,32,17.5,28,18.0,34.0,16.5,35.0,10,12,10,12,SSE,W,SW,NW,72.7,91,83,81,270,17619
5,Panruti,ponmani,clay,125,62.5,dry,100,5,200,10,135.65,51.9,75,3000,18.5,21.5,185.2,272.8,165.3,251.7,60.0,65.0,20.0,35,18.0,30,17.5,33.5,18.0,33.0,4,12,4,12,ENE,NE,NNE,W,85.0,96,84,79,500,31065
4,Cuddalore,CO_43,alluvial,100,50.0,wet,80,4,160,8,108.52,41.52,60,2400,19.6,20.4,187.2,270.8,167.0,250.0,61.0,64.0,18.5,34,16.0,30,15.5,31.0,16.0,33.0,4,10,8,10,SW,W,NNW,WSW,72.0,78,88,85,360,25876
4,Chinnasalem,ponmani,alluvial,100,50.0,wet,80,4,160,8,108.52,41.52,60,2400,18.1,21.9,185.6,272.4,166.1,250.9,60.2,64.8,18.0,31,15.5,34,15.0,33.0,15.0,31.5,6,6,8,10,E,ENE,NE,NNW,78.6,80,92,88,400,24908
2,Cuddalore,ponmani,clay,50,25.0,wet,40,2,80,4,54.26,20.76,30,1200,19.6,20.4,187.2,270.8,167.0,250.0,61.0,64.0,18.5,34,16.0,30,15.5,31.0,16.0,33.0,4,10,8,10,SW,W,NNW,WSW,72.0,78,88,85,200,11766
6,Panruti,ponmani,alluvial,150,75.0,dry,120,6,240,12,162.78,62.28,90,3600,18.5,21.5,185.2,272.8,165.3,251.7,60.0,65.0,20.0,35,18.0,30,17.5,33.5,18.0,33.0,4,12,4,12,ENE,NE,NNE,W,85.0,96,84,79,600,33462
4,Kurinjipadi,ponmani,clay,100,50.0,wet,80,4,160,8,108.52,41.52,60,2400,19.6,20.4,187.2,270.8,167.0,250.0,61.0,64.0,19.5,34,18.5,35,17.0,32.5,16.0,30.5,10,4,10,6,NW,S,SE,SSE,64.6,85,84,87,400,25876
5,Sankarapuram,CO_43,alluvial,125,62.5,dry,100,5,200,10,135.65,51.9,75,3000,18.1,21.9,185.6,272.4,166.1,250.9,60.2,64.8,20.5,32,17.5,28,18.0,34.0,16.5,35.0,10,12,10,12,SSE,W,SW,NW,72.7,91,83,81,450,31815
4,Sankarapuram,delux ponni,clay,100,50.0,dry,80,4,160,8,108.52,41.52,60,2400,18.1,21.9,185.6,272.4,166.1,250.9,60.2,64.8,20.5,32,17.5,28,18.0,34.0,16.5,35.0,10,12,10,12,SSE,W,SW,NW,72.7,91,83,81,320,23344
4,Sankarapuram,delux ponni,clay,100,50.0,dry,80,4,160,8,108.52,41.52,60,2400,18.1,21.9,185.6,272.4,166.1,250.9,60.2,64.8,20.5,32,17.5,28,18.0,34.0,16.5,35.0,10,12,10,12,SSE,W,SW,NW,72.7,91,83,81,320,25452
6,Kurinjipadi,ponmani,clay,150,75.0,dry,120,6,240,12,162.78,62.28,90,3600,19.6,20.4,187.2,270.8,167.0,250.0,61.0,64.0,19.5,34,18.5,35,17.0,32.5,16.0,30.5,10,4,10,6,NW,S,SE,SSE,64.6,85,84,87,600,36000
4,Kurinjipadi,ponmani,clay,100,50.0,wet,80,4,160,8,108.52,41.52,60,2400,19.6,20.4,187.2,270.8,167.0,250.0,61.0,64.0,19.5,34,18.5,35,17.0,32.5,16.0,30.5,10,4,10,6,NW,S,SE,SSE,64.6,85,84,87,400,24908
2,Chinnasalem,ponmani,clay,50,25.0,dry,40,2,80,4,54.26,20.76,30,1200,18.1,21.9,185.6,272.4,166.1,250.9,60.2,64.8,18.0,31,15.5,34,15.0,33.0,15.0,31.5,6,6,8,10,E,ENE,NE,NNW,78.6,80,92,88,200,11090
2,Cuddalore,CO_43,clay,50,25.0,dry,40,2,80,4,54.26,20.76,30,1200,19.6,20.4,187.2,270.8,167.0,250.0,61.0,64.0,18.5,34,16.0,30,15.5,31.0,16.0,33.0,4,10,8,10,SW,W,NNW,WSW,72.0,78,88,85,180,11672
4,Chinnasalem,delux ponni,alluvial,100,50.0,wet,80,4,160,8,108.52,41.52,60,2400,18.1,21.9,185.6,272.4,166.1,250.9,60.2,64.8,18.0,31,15.5,34,15.0,33.0,15.0,31.5,6,6,8,10,E,ENE,NE,NNW,78.6,80,92,88,320,24828
3,Panruti,ponmani,alluvial,75,37.5,dry,60,3,120,6,81.39,31.14,45,1800,18.5,21.5,185.2,272.8,165.3,251.7,60.0,65.0,20.0,35,18.0,30,17.5,33.5,18.0,33.0,4,12,4,12,ENE,NE,NNE,W,85.0,96,84,79,300,17619
5,Panruti,ponmani,alluvial,125,62.5,dry,100,5,200,10,135.65,51.9,75,3000,18.5,21.5,185.2,272.8,165.3,251.7,60.0,65.0,20.0,35,18.0,30,17.5,33.5,18.0,33.0,4,12,4,12,ENE,NE,NNE,W,85.0,96,84,79,500,31065
4,Kurinjipadi,CO_43,clay,100,50.0,wet,80,4,160,8,108.52,41.52,60,2400,19.6,20.4,187.2,270.8,167.0,250.0,61.0,64.0,19.5,34,18.5,35,17.0,32.5,16.0,30.5,10,4,10,6,NW,S,SE,SSE,64.6,85,84,87,360,23492
2,Chinnasalem,CO_43,alluvial,50,25.0,wet,40,2,80,4,54.26,20.76,30,1200,18.1,21.9,185.6,272.4,166.1,250.9,60.2,64.8,18.0,31,15.5,34,15.0,33.0,15.0,31.5,6,6,8,10,E,ENE,NE,NNW,78.6,80,92,88,180,11054
2,Panruti,delux ponni,clay,50,25.0,wet,40,2,80,4,54.26,20.76,30,1200,18.5,21.5,185.2,272.8,165.3,251.7,60.0,65.0,20.0,35,18.0,30,17.5,33.5,18.0,33.0,4,12,4,12,ENE,NE,NNE,W,85.0,96,84,79,160,11746
1,Chinnasalem,delux ponni,clay,25,12.5,dry,20,1,40,2,27.13,10.38,15,600,18.1,21.9,185.6,272.4,166.1,250.9,60.2,64.8,18.0,31,15.5,34,15.0,33.0,15.0,31.5,6,6,8,10,E,ENE,NE,NNW,78.6,80,92,88,80,5908
6,Chinnasalem,ponmani,alluvial,150,75.0,dry,120,6,240,12,162.78,62.28,90,3600,18.1,21.9,185.6,272.4,166.1,250.9,60.2,64.8,18.0,31,15.5,34,15.0,33.0,15.0,31.5,6,6,8,10,E,ENE,NE,NNW,78.6,80,92,88,600,34824
6,Sankarapuram,delux ponni,clay,150,75.0,wet,120,6,240,12,162.78,62.28,90,3600,18.1,21.9,185.6,272.4,166.1,250.9,60.2,64.8,20.5,32,17.5,28,18.0,34.0,16.5,35.0,10,12,10,12,SSE,W,SW,NW,72.7,91,83,81,480,36648
2,Kurinjipadi,delux ponni,alluvial,50,25.0,wet,40,2,80,4,54.26,20.76,30,1200,19.6,20.4,187.2,270.8,167.0,250.0,61.0,64.0,19.5,34,18.5,35,17.0,32.5,16.0,30.5,10,4,10,6,NW,S,SE,SSE,64.6,85,84,87,160,11190
3,Kurinjipadi,ponmani,clay,75,37.5,dry,60,3,120,6,81.39,31.14,45,1800,19.6,20.4,187.2,270.8,167.0,250.0,61.0,64.0,19.5,34,18.5,35,17.0,32.5,16.0,30.5,10,4,10,6,NW,S,SE,SSE,64.6,85,84,87,300,16389
3,Cuddalore,ponmani,alluvial,75,37.5,dry,60,3,120,6,81.39,31.14,45,1800,19.6,20.4,187.2,270.8,167.0,250.0,61.0,64.0,18.5,34,16.0,30,15.5,31.0,16.0,33.0,4,10,8,10,SW,W,NNW,WSW,72.0,78,88,85,300,17508
3,Sankarapuram,delux ponni,clay,75,37.5,dry,60,3,120,6,81.39,31.14,45,1800,18.1,21.9,185.6,272.4,166.1,250.9,60.2,64.8,20.5,32,17.5,28,18.0,34.0,16.5,35.0,10,12,10,12,SSE,W,SW,NW,72.7,91,83,81,240,17619
4,Kallakurichi,CO_43,clay,100,50.0,wet,80,4,160,8,108.52,41.52,60,2400,18.5,21.5,185.2,272.8,165.3,251.7,60.0,65.0,19.0,33,17.0,32,16.5,31.5,15.5,32.5,8,6,8,6,W,WNW,SE,S,88.5,95,81,84,360,25300
4,Panruti,delux ponni,alluvial,100,50.0,wet,80,4,160,8,108.52,41.52,60,2400,18.5,21.5,185.2,272.8,165.3,251.7,60.0,65.0,20.0,35,18.0,30,17.5,33.5,18.0,33.0,4,12,4,12,ENE,NE,NNE,W,85.0,96,84,79,320,24724
2,Kurinjipadi,ponmani,clay,50,25.0,dry,40,2,80,4,54.26,20.76,30,1200,19.6,20.4,187.2,270.8,167.0,250.0,61.0,64.0,19.5,34,18.5,35,17.0,32.5,16.0,30.5,10,4,10,6,NW,S,SE,SSE,64.6,85,84,87,200,11672
2,Panruti,CO_43,alluvial,50,25.0,dry,40,2,80,4,54.26,20.76,30,1200,18.5,21.5,185.2,272.8,165.3,251.7,60.0,65.0,20.0,35,18.0,30,17.5,33.5,18.0,33.0,4,12,4,12,ENE,NE,NNE,W,85.0,96,84,79,180,11672
3,Kallakurichi,delux ponni,alluvial,75,37.5,dry,60,3,120,6,81.39,31.14,45,1800,18.5,21.5,185.2,272.8,165.3,251.7,60.0,65.0,19.0,33,17.0,32,16.5,31.5,15.5,32.5,8,6,8,6,W,WNW,SE,S,88.5,95,81,84,240,16581
3,Kallakurichi,delux ponni,alluvial,75,37.5,wet,60,3,120,6,81.39,31.14,45,1800,18.5,21.5,185.2,272.8,165.3,251.7,60.0,65.0,19.0,33,17.0,32,16.5,31.5,15.5,32.5,8,6,8,6,W,WNW,SE,S,88.5,95,81,84,240,17748
5,Cuddalore,ponmani,clay,125,62.5,dry,100,5,200,10,135.65,51.9,75,3000,19.6,20.4,187.2,270.8,167.0,250.0,61.0,64.0,18.5,34,16.0,30,15.5,31.0,16.0,33.0,4,10,8,10,SW,W,NNW,WSW,72.0,78,88,85,500,28610
4,Kurinjipadi,delux ponni,clay,100,50.0,dry,80,4,160,8,108.52,41.52,60,2400,19.6,20.4,187.2,270.8,167.0,250.0,61.0,64.0,19.5,34,18.5,35,17.0,32.5,16.0,30.5,10,4,10,6,NW,S,SE,SSE,64.6,85,84,87,320,24756
3,Kurinjipadi,delux ponni,alluvial,75,37.5,wet,60,3,120,6,81.39,31.14,45,1800,19.6,20.4,187.2,270.8,167.0,250.0,61.0,64.0,19.5,34,18.5,35,17.0,32.5,16.0,30.5,10,4,10,6,NW,S,SE,SSE,64.6,85,84,87,240,16965
5,Chinnasalem,ponmani,alluvial,125,62.5,dry,100,5,200,10,135.65,51.9,75,3000,18.1,21.9,185.6,272.4,166.1,250.9,60.2,64.8,18.0,31,15.5,34,15.0,33.0,15.0,31.5,6,6,8,10,E,ENE,NE,NNW,78.6,80,92,88,500,30540
4,Panruti,CO_43,clay,100,50.0,dry,80,4,160,8,108.52,41.52,60,2400,18.5,21.5,185.2,272.8,165.3,251.7,60.0,65.0,20.0,35,18.0,30,17.5,33.5,18.0,33.0,4,12,4,12,ENE,NE,NNE,W,85.0,96,84,79,360,24836
4,Cuddalore,delux ponni,alluvial,100,50.0,dry,80,4,160,8,108.52,41.52,60,2400,19.6,20.4,187.2,270.8,167.0,250.0,61.0,64.0,18.5,34,16.0,30,15.5,31.0,16.0,33.0,4,10,8,10,SW,W,NNW,WSW,72.0,78,88,85,320,21888
2,Kurinjipadi,delux ponni,alluvial,50,25.0,dry,40,2,80,4,54.26,20.76,30,1200,19.6,20.4,187.2,270.8,167.0,250.0,61.0,64.0,19.5,34,18.5,35,17.0,32.5,16.0,30.5,10,4,10,6,NW,S,SE,SSE,64.6,85,84,87,160,11686
4,Cuddalore,delux ponni,alluvial,100,50.0,dry,80,4,160,8,108.52,41.52,60,2400,19.6,20.4,187.2,270.8,167.0,250.0,61.0,64.0,18.5,34,16.0,30,15.5,31.0,16.0,33.0,4,10,8,10,SW,W,NNW,WSW,72.0,78,88,85,320,22448
2,Kurinjipadi,ponmani,clay,50,25.0,wet,40,2,80,4,54.26,20.76,30,1200,19.6,20.4,187.2,270.8,167.0,250.0,61.0,64.0,19.5,34,18.5,35,17.0,32.5,16.0,30.5,10,4,10,6,NW,S,SE,SSE,64.6,85,84,87,200,11514
4,Cuddalore,CO_43,alluvial,100,50.0,dry,80,4,160,8,108.52,41.52,60,2400,19.6,20.4,187.2,270.8,167.0,250.0,61.0,64.0,18.5,34,16.0,30,15.5,31.0,16.0,33.0,4,10,8,10,SW,W,NNW,WSW,72.0,78,88,85,360,25424
4,Cuddalore,ponmani,clay,100,50.0,wet,80,4,160,8,108.52,41.52,60,2400,19.6,20.4,187.2,270.8,167.0,250.0,61.0,64.0,18.5,34,16.0,30,15.5,31.0,16.0,33.0,4,10,8,10,SW,W,NNW,WSW,72.0,78,88,85,400,25452
3,Kallakurichi,ponmani,clay,75,37.5,dry,60,3,120,6,81.39,31.14,45,1800,18.5,21.5,185.2,272.8,165.3,251.7,60.0,65.0,19.0,33,17.0,32,16.5,31.5,15.5,32.5,8,6,8,6,W,WNW,SE,S,88.5,95,81,84,300,17508
2,Chinnasalem,CO_43,alluvial,50,25.0,wet,40,2,80,4,54.26,20.76,30,1200,18.1,21.9,185.6,272.4,166.1,250.9,60.2,64.8,18.0,31,15.5,34,15.0,33.0,15.0,31.5,6,6,8,10,E,ENE,NE,NNW,78.6,80,92,88,180,11446
5,Chinnasalem,ponmani,clay,125,62.5,wet,100,5,200,10,135.65,51.9,75,3000,18.1,21.9,185.6,272.4,166.1,250.9,60.2,64.8,18.0,31,15.5,34,15.0,33.0,15.0,31.5,6,6,8,10,E,ENE,NE,NNW,78.6,80,92,88,500,31140
5,Chinnasalem,delux ponni,alluvial,125,62.5,dry,100,5,200,10,135.65,51.9,75,3000,18.1,21.9,185.6,272.4,166.1,250.9,60.2,64.8,18.0,31,15.5,34,15.0,33.0,15.0,31.5,6,6,8,10,E,ENE,NE,NNW,78.6,80,92,88,400,31535
1,Kallakurichi,ponmani,clay,25,12.5,dry,20,1,40,2,27.13,10.38,15,600,18.5,21.5,185.2,272.8,165.3,251.7,60.0,65.0,19.0,33,17.0,32,16.5,31.5,15.5,32.5,8,6,8,6,W,WNW,SE,S,88.5,95,81,84,100,5836
2,Kallakurichi,delux ponni,alluvial,50,25.0,dry,40,2,80,4,54.26,20.76,30,1200,18.5,21.5,185.2,272.8,165.3,251.7,60.0,65.0,19.0,33,17.0,32,16.5,31.5,15.5,32.5,8,6,8,6,W,WNW,SE,S,88.5,95,81,84,160,11446
5,Chinnasalem,delux ponni,clay,125,62.5,dry,100,5,200,10,135.65,51.9,75,3000,18.1,21.9,185.6,272.4,166.1,250.9,60.2,64.8,18.0,31,15.5,34,15.0,33.0,15.0,31.5,6,6,8,10,E,ENE,NE,NNW,78.6,80,92,88,400,30250
1,Chinnasalem,ponmani,clay,25,12.5,dry,20,1,40,2,27.13,10.38,15,600,18.1,21.9,185.6,272.4,166.1,250.9,60.2,64.8,18.0,31,15.5,34,15.0,33.0,15.0,31.5,6,6,8,10,E,ENE,NE,NNW,78.6,80,92,88,100,5916
2,Kallakurichi,CO_43,clay,50,25.0,wet,40,2,80,4,54.26,20.76,30,1200,18.5,21.5,185.2,272.8,165.3,251.7,60.0,65.0,19.0,33,17.0,32,16.5,31.5,15.5,32.5,8,6,8,6,W,WNW,SE,S,88.5,95,81,84,180,11940
1,Cuddalore,ponmani,clay,25,12.5,dry,20,1,40,2,27.13,10.38,15,600,19.6,20.4,187.2,270.8,167.0,250.0,61.0,64.0,18.5,34,16.0,30,15.5,31.0,16.0,33.0,4,10,8,10,SW,W,NNW,WSW,72.0,78,88,85,100,5836
2,Kurinjipadi,ponmani,clay,50,25.0,wet,40,2,80,4,54.26,20.76,30,1200,19.6,20.4,187.2,270.8,167.0,250.0,61.0,64.0,19.5,34,18.5,35,17.0,32.5,16.0,30.5,10,4,10,6,NW,S,SE,SSE,64.6,85,84,87,200,11816
4,Chinnasalem,CO_43,alluvial,100,50.0,dry,80,4,160,8,108.52,41.52,60,2400,18.1,21.9,185.6,272.4,166.1,250.9,60.2,64.8,18.0,31,15.5,34,15.0,33.0,15.0,31.5,6,6,8,10,E,ENE,NE,NNW,78.6,80,92,88,360,25144
4,Kallakurichi,ponmani,clay,100,50.0,dry,80,4,160,8,108.52,41.52,60,2400,18.5,21.5,185.2,272.8,165.3,251.7,60.0,65.0,19.0,33,17.0,32,16.5,31.5,15.5,32.5,8,6,8,6,W,WNW,SE,S,88.5,95,81,84,400,24724
5,Kallakurichi,CO_43,alluvial,125,62.5,wet,100,5,200,10,135.65,51.9,75,3000,18.5,21.5,185.2,272.8,165.3,251.7,60.0,65.0,19.0,33,17.0,32,16.5,31.5,15.5,32.5,8,6,8,6,W,WNW,SE,S,88.5,95,81,84,450,31400
4,Chinnasalem,CO_43,alluvial,100,50.0,wet,80,4,160,8,108.52,41.52,60,2400,18.1,21.9,185.6,272.4,166.1,250.9,60.2,64.8,18.0,31,15.5,34,15.0,33.0,15.0,31.5,6,6,8,10,E,ENE,NE,NNW,78.6,80,92,88,360,24724
2,Sankarapuram,ponmani,alluvial,50,25.0,wet,40,2,80,4,54.26,20.76,30,1200,18.1,21.9,185.6,272.4,166.1,250.9,60.2,64.8,20.5,32,17.5,28,18.0,34.0,16.5,35.0,10,12,10,12,SSE,W,SW,NW,72.7,91,83,81,200,10820
5,Chinnasalem,CO_43,clay,125,62.5,wet,100,5,200,10,135.65,51.9,75,3000,18.1,21.9,185.6,272.4,166.1,250.9,60.2,64.8,18.0,31,15.5,34,15.0,33.0,15.0,31.5,6,6,8,10,E,ENE,NE,NNW,78.6,80,92,88,450,31400
3,Cuddalore,ponmani,clay,75,37.5,wet,60,3,120,6,81.39,31.14,45,1800,19.6,20.4,187.2,270.8,167.0,250.0,61.0,64.0,18.5,34,16.0,30,15.5,31.0,16.0,33.0,4,10,8,10,SW,W,NNW,WSW,72.0,78,88,85,300,17553
3,Cuddalore,CO_43,clay,75,37.5,wet,60,3,120,6,81.39,31.14,45,1800,19.6,20.4,187.2,270.8,167.0,250.0,61.0,64.0,18.5,34,16.0,30,15.5,31.0,16.0,33.0,4,10,8,10,SW,W,NNW,WSW,72.0,78,88,85,270,16389
2,Panruti,ponmani,clay,50,25.0,dry,40,2,80,4,54.26,20.76,30,1200,18.5,21.5,185.2,272.8,165.3,251.7,60.0,65.0,20.0,35,18.0,30,17.5,33.5,18.0,33.0,4,12,4,12,ENE,NE,NNE,W,85.0,96,84,79,200,11224
2,Kurinjipadi,CO_43,clay,50,25.0,wet,40,2,80,4,54.26,20.76,30,1200,19.6,20.4,187.2,270.8,167.0,250.0,61.0,64.0,19.5,34,18.5,35,17.0,32.5,16.0,30.5,10,4,10,6,NW,S,SE,SSE,64.6,85,84,87,180,11832
6,Cuddalore,ponmani,alluvial,150,75.0,wet,120,6,240,12,162.78,62.28,90,3600,19.6,20.4,187.2,270.8,167.0,250.0,61.0,64.0,18.5,34,16.0,30,15.5,31.0,16.0,33.0,4,10,8,10,SW,W,NNW,WSW,72.0,78,88,85,600,38172
4,Panruti,delux ponni,alluvial,100,50.0,dry,80,4,160,8,108.52,41.52,60,2400,18.5,21.5,185.2,272.8,165.3,251.7,60.0,65.0,20.0,35,18.0,30,17.5,33.5,18.0,33.0,4,12,4,12,ENE,NE,NNE,W,85.0,96,84,79,320,24000
5,Kallakurichi,ponmani,alluvial,125,62.5,wet,100,5,200,10,135.65,51.9,75,3000,18.5,21.5,185.2,272.8,165.3,251.7,60.0,65.0,19.0,33,17.0,32,16.5,31.5,15.5,32.5,8,6,8,6,W,WNW,SE,S,88.5,95,81,84,500,30250
4,Cuddalore,ponmani,clay,100,50.0,dry,80,4,160,8,108.52,41.52,60,2400,19.6,20.4,187.2,270.8,167.0,250.0,61.0,64.0,18.5,34,16.0,30,15.5,31.0,16.0,33.0,4,10,8,10,SW,W,NNW,WSW,72.0,78,88,85,400,23016
3,Chinnasalem,ponmani,clay,75,37.5,dry,60,3,120,6,81.39,31.14,45,1800,18.1,21.9,185.6,272.4,166.1,250.9,60.2,64.8,18.0,31,15.5,34,15.0,33.0,15.0,31.5,6,6,8,10,E,ENE,NE,NNW,78.6,80,92,88,300,17169
5,Panruti,ponmani,alluvial,125,62.5,dry,100,5,200,10,135.65,51.9,75,3000,18.5,21.5,185.2,272.8,165.3,251.7,60.0,65.0,20.0,35,18.0,30,17.5,33.5,18.0,33.0,4,12,4,12,ENE,NE,NNE,W,85.0,96,84,79,500,30285
4,Kallakurichi,ponmani,alluvial,100,50.0,wet,80,4,160,8,108.52,41.52,60,2400,18.5,21.5,185.2,272.8,165.3,251.7,60.0,65.0,19.0,33,17.0,32,16.5,31.5,15.5,32.5,8,6,8,6,W,WNW,SE,S,88.5,95,81,84,400,24756
5,Cuddalore,ponmani,clay,125,62.5,dry,100,5,200,10,135.65,51.9,75,3000,19.6,20.4,187.2,270.8,167.0,250.0,61.0,64.0,18.5,34,16.0,30,15.5,31.0,16.0,33.0,4,10,8,10,SW,W,NNW,WSW,72.0,78,88,85,500,31625
5,Kurinjipadi,CO_43,alluvial,125,62.5,dry,100,5,200,10,135.65,51.9,75,3000,19.6,20.4,187.2,270.8,167.0,250.0,61.0,64.0,19.5,34,18.5,35,17.0,32.5,16.0,30.5,10,4,10,6,NW,S,SE,SSE,64.6,85,84,87,450,30285
4,Kurinjipadi,ponmani,clay,100,50.0,wet,80,4,160,8,108.52,41.52,60,2400,19.6,20.4,187.2,270.8,167.0,250.0,61.0,64.0,19.5,34,18.5,35,17.0,32.5,16.0,30.5,10,4,10,6,NW,S,SE,SSE,64.6,85,84,87,400,25876
4,Kurinjipadi,delux ponni,clay,100,50.0,dry,80,4,160,8,108.52,41.52,60,2400,19.6,20.4,187.2,270.8,167.0,250.0,61.0,64.0,19.5,34,18.5,35,17.0,32.5,16.0,30.5,10,4,10,6,NW,S,SE,SSE,64.6,85,84,87,320,23492
1,Kurinjipadi,delux ponni,alluvial,25,12.5,dry,20,1,40,2,27.13,10.38,15,600,19.6,20.4,187.2,270.8,167.0,250.0,61.0,64.0,19.5,34,18.5,35,17.0,32.5,16.0,30.5,10,4,10,6,NW,S,SE,SSE,64.6,85,84,87,80,5453
5,Panruti,delux ponni,clay,125,62.5,wet,100,5,200,10,135.65,51.9,75,3000,18.5,21.5,185.2,272.8,165.3,251.7,60.0,65.0,20.0,35,18.0,30,17.5,33.5,18.0,33.0,4,12,4,12,ENE,NE,NNE,W,85.0,96,84,79,400,30905
4,Sankarapuram,delux ponni,alluvial,100,50.0,dry,80,4,160,8,108.52,41.52,60,2400,18.1,21.9,185.6,272.4,166.1,250.9,60.2,64.8,20.5,32,17.5,28,18.0,34.0,16.5,35.0,10,12,10,12,SSE,W,SW,NW,72.7,91,83,81,320,25584
3,Panruti,ponmani,clay,75,37.5,dry,60,3,120,6,81.39,31.14,45,1800,18.5,21.5,185.2,272.8,165.3,251.7,60.0,65.0,20.0,35,18.0,30,17.5,33.5,18.0,33.0,4,12,4,12,ENE,NE,NNE,W,85.0,96,84,79,300,17508
2,Kallakurichi,CO_43,clay,50,25.0,dry,40,2,80,4,54.26,20.76,30,1200,18.5,21.5,185.2,272.8,165.3,251.7,60.0,65.0,19.0,33,17.0,32,16.5,31.5,15.5,32.5,8,6,8,6,W,WNW,SE,S,88.5,95,81,84,180,11472
5,Cuddalore,delux ponni,clay,125,62.5,wet,100,5,200,10,135.65,51.9,75,3000,19.6,20.4,187.2,270.8,167.0,250.0,61.0,64.0,18.5,34,16.0,30,15.5,31.0,16.0,33.0,4,10,8,10,SW,W,NNW,WSW,72.0,78,88,85,400,30250
5,Kallakurichi,ponmani,clay,125,62.5,dry,100,5,200,10,135.65,51.9,75,3000,18.5,21.5,185.2,272.8,165.3,251.7,60.0,65.0,19.0,33,17.0,32,16.5,31.5,15.5,32.5,8,6,8,6,W,WNW,SE,S,88.5,95,81,84,500,31135
4,Kurinjipadi,delux ponni,clay,100,50.0,wet,80,4,160,8,108.52,41.52,60,2400,19.6,20.4,187.2,270.8,167.0,250.0,61.0,64.0,19.5,34,18.5,35,17.0,32.5,16.0,30.5,10,4,10,6,NW,S,SE,SSE,64.6,85,84,87,320,22892
3,Sankarapuram,delux ponni,alluvial,75,37.5,dry,60,3,120,6,81.39,31.14,45,1800,18.1,21.9,185.6,272.4,166.1,250.9,60.2,64.8,20.5,32,17.5,28,18.0,34.0,16.5,35.0,10,12,10,12,SSE,W,SW,NW,72.7,91,83,81,240,17169
6,Sankarapuram,ponmani,clay,150,75.0,dry,120,6,240,12,162.78,62.28,90,3600,18.1,21.9,185.6,272.4,166.1,250.9,60.2,64.8,20.5,32,17.5,28,18.0,34.0,16.5,35.0,10,12,10,12,SSE,W,SW,NW,72.7,91,83,81,600,38424
5,Panruti,ponmani,clay,125,62.5,wet,100,5,200,10,135.65,51.9,75,3000,18.5,21.5,185.2,272.8,165.3,251.7,60.0,65.0,20.0,35,18.0,30,17.5,33.5,18.0,33.0,4,12,4,12,ENE,NE,NNE,W,85.0,96,84,79,500,32345
3,Kallakurichi,delux ponni,clay,75,37.5,wet,60,3,120,6,81.39,31.14,45,1800,18.5,21.5,185.2,272.8,165.3,251.7,60.0,65.0,19.0,33,17.0,32,16.5,31.5,15.5,32.5,8,6,8,6,W,WNW,SE,S,88.5,95,81,84,240,17619
5,Panruti,ponmani,clay,125,62.5,wet,100,5,200,10,135.65,51.9,75,3000,18.5,21.5,185.2,272.8,165.3,251.7,60.0,65.0,20.0,35,18.0,30,17.5,33.5,18.0,33.0,4,12,4,12,ENE,NE,NNE,W,85.0,96,84,79,500,30905
3,Kurinjipadi,delux ponni,clay,75,37.5,wet,60,3,120,6,81.39,31.14,45,1800,19.6,20.4,187.2,270.8,167.0,250.0,61.0,64.0,19.5,34,18.5,35,17.0,32.5,16.0,30.5,10,4,10,6,NW,S,SE,SSE,64.6,85,84,87,240,16359
6,Panruti,delux ponni,clay,150,75.0,dry,120,6,240,12,162.78,62.28,90,3600,18.5,21.5,185.2,272.8,165.3,251.7,60.0,65.0,20.0,35,18.0,30,17.5,33.5,18.0,33.0,4,12,4,12,ENE,NE,NNE,W,85.0,96,84,79,480,36906
5,Chinnasalem,delux ponni,clay,125,62.5,dry,100,5,200,10,135.65,51.9,75,3000,18.1,21.9,185.6,272.4,166.1,250.9,60.2,64.8,18.0,31,15.5,34,15.0,33.0,15.0,31.5,6,6,8,10,E,ENE,NE,NNW,78.6,80,92,88,400,30460
5,Cuddalore,ponmani,clay,125,62.5,dry,100,5,200,10,135.65,51.9,75,3000,19.6,20.4,187.2,270.8,167.0,250.0,61.0,64.0,18.5,34,16.0,30,15.5,31.0,16.0,33.0,4,10,8,10,SW,W,NNW,WSW,72.0,78,88,85,500,31045
6,Kallakurichi,ponmani,clay,150,75.0,dry,120,6,240,12,162.78,62.28,90,3600,18.5,21.5,185.2,272.8,165.3,251.7,60.0,65.0,19.0,33,17.0,32,16.5,31.5,15.5,32.5,8,6,8,6,W,WNW,SE,S,88.5,95,81,84,600,38460
6,Chinnasalem,delux ponni,clay,150,75.0,dry,120,6,240,12,162.78,62.28,90,3600,18.1,21.9,185.6,272.4,166.1,250.9,60.2,64.8,18.0,31,15.5,34,15.0,33.0,15.0,31.5,6,6,8,10,E,ENE,NE,NNW,78.6,80,92,88,480,38496
3,Kallakurichi,ponmani,alluvial,75,37.5,dry,60,3,120,6,81.39,31.14,45,1800,18.5,21.5,185.2,272.8,165.3,251.7,60.0,65.0,19.0,33,17.0,32,16.5,31.5,15.5,32.5,8,6,8,6,W,WNW,SE,S,88.5,95,81,84,300,17169
4,Sankarapuram,CO_43,clay,100,50.0,wet,80,4,160,8,108.52,41.52,60,2400,18.1,21.9,185.6,272.4,166.1,250.9,60.2,64.8,20.5,32,17.5,28,18.0,34.0,16.5,35.0,10,12,10,12,SSE,W,SW,NW,72.7,91,83,81,360,24488
4,Panruti,CO_43,alluvial,100,50.0,dry,80,4,160,8,108.52,41.52,60,2400,18.5,21.5,185.2,272.8,165.3,251.7,60.0,65.0,20.0,35,18.0,30,17.5,33.5,18.0,33.0,4,12,4,12,ENE,NE,NNE,W,85.0,96,84,79,360,24436
5,Kurinjipadi,ponmani,alluvial,125,62.5,dry,100,5,200,10,135.65,51.9,75,3000,19.6,20.4,187.2,270.8,167.0,250.0,61.0,64.0,19.5,34,18.5,35,17.0,32.5,16.0,30.5,10,4,10,6,NW,S,SE,SSE,64.6,85,84,87,500,30575
4,Panruti,CO_43,clay,100,50.0,wet,80,4,160,8,108.52,41.52,60,2400,18.5,21.5,185.2,272.8,165.3,251.7,60.0,65.0,20.0,35,18.0,30,17.5,33.5,18.0,33.0,4,12,4,12,ENE,NE,NNE,W,85.0,96,84,79,360,25876
6,Cuddalore,CO_43,alluvial,150,75.0,wet,120,6,240,12,162.78,62.28,90,3600,19.6,20.4,187.2,270.8,167.0,250.0,61.0,64.0,18.5,34,16.0,30,15.5,31.0,16.0,33.0,4,10,8,10,SW,W,NNW,WSW,72.0,78,88,85,540,37362
3,Panruti,ponmani,alluvial,75,37.5,wet,60,3,120,6,81.39,31.14,45,1800,18.5,21.5,185.2,272.8,165.3,251.7,60.0,65.0,20.0,35,18.0,30,17.5,33.5,18.0,33.0,4,12,4,12,ENE,NE,NNE,W,85.0,96,84,79,300,17508
4,Chinnasalem,delux ponni,clay,100,50.0,dry,80,4,160,8,108.52,41.52,60,2400,18.1,21.9,185.6,272.4,166.1,250.9,60.2,64.8,18.0,31,15.5,34,15.0,33.0,15.0,31.5,6,6,8,10,E,ENE,NE,NNW,78.6,80,92,88,320,25244
4,Sankarapuram,ponmani,alluvial,100,50.0,wet,80,4,160,8,108.52,41.52,60,2400,18.1,21.9,185.6,272.4,166.1,250.9,60.2,64.8,20.5,32,17.5,28,18.0,34.0,16.5,35.0,10,12,10,12,SSE,W,SW,NW,72.7,91,83,81,400,23876
4,Kurinjipadi,delux ponni,clay,100,50.0,wet,80,4,160,8,108.52,41.52,60,2400,19.6,20.4,187.2,270.8,167.0,250.0,61.0,64.0,19.5,34,18.5,35,17.0,32.5,16.0,30.5,10,4,10,6,NW,S,SE,SSE,64.6,85,84,87,320,23876
3,Cuddalore,ponmani,clay,75,37.5,wet,60,3,120,6,81.39,31.14,45,1800,19.6,20.4,187.2,270.8,167.0,250.0,61.0,64.0,18.5,34,16.0,30,15.5,31.0,16.0,33.0,4,10,8,10,SW,W,NNW,WSW,72.0,78,88,85,300,16389
4,Panruti,ponmani,clay,100,50.0,wet,80,4,160,8,108.52,41.52,60,2400,18.5,21.5,185.2,272.8,165.3,251.7,60.0,65.0,20.0,35,18.0,30,17.5,33.5,18.0,33.0,4,12,4,12,ENE,NE,NNE,W,85.0,96,84,79,400,21852
1,Panruti,delux ponni,alluvial,25,12.5,dry,20,1,40,2,27.13,10.38,15,600,18.5,21.5,185.2,272.8,165.3,251.7,60.0,65.0,20.0,35,18.0,30,17.5,33.5,18.0,33.0,4,12,4,12,ENE,NE,NNE,W,85.0,96,84,79,80,5680
3,Kallakurichi,CO_43,alluvial,75,37.5,dry,60,3,120,6,81.39,31.14,45,1800,18.5,21.5,185.2,272.8,165.3,251.7,60.0,65.0,19.0,33,17.0,32,16.5,31.5,15.5,32.5,8,6,8,6,W,WNW,SE,S,88.5,95,81,84,270,16359
5,Chinnasalem,CO_43,alluvial,125,62.5,wet,100,5,200,10,135.65,51.9,75,3000,18.1,21.9,185.6,272.4,166.1,250.9,60.2,64.8,18.0,31,15.5,34,15.0,33.0,15.0,31.5,6,6,8,10,E,ENE,NE,NNW,78.6,80,92,88,450,31065
3,Sankarapuram,CO_43,clay,75,37.5,dry,60,3,120,6,81.39,31.14,45,1800,18.1,21.9,185.6,272.4,166.1,250.9,60.2,64.8,20.5,32,17.5,28,18.0,34.0,16.5,35.0,10,12,10,12,SSE,W,SW,NW,72.7,91,83,81,270,17748
1,Chinnasalem,CO_43,alluvial,25,12.5,wet,20,1,40,2,27.13,10.38,15,600,18.1,21.9,185.6,272.4,166.1,250.9,60.2,64.8,18.0,31,15.5,34,15.0,33.0,15.0,31.5,6,6,8,10,E,ENE,NE,NNW,78.6,80,92,88,90,5492
5,Chinnasalem,CO_43,clay,125,62.5,dry,100,5,200,10,135.65,51.9,75,3000,18.1,21.9,185.6,272.4,166.1,250.9,60.2,64.8,18.0,31,15.5,34,15.0,33.0,15.0,31.5,6,6,8,10,E,ENE,NE,NNW,78.6,80,92,88,450,32050
5,Kurinjipadi,ponmani,alluvial,125,62.5,dry,100,5,200,10,135.65,51.9,75,3000,19.6,20.4,187.2,270.8,167.0,250.0,61.0,64.0,19.5,34,18.5,35,17.0,32.5,16.0,30.5,10,4,10,6,NW,S,SE,SSE,64.6,85,84,87,500,31035
5,Chinnasalem,ponmani,clay,125,62.5,wet,100,5,200,10,135.65,51.9,75,3000,18.1,21.9,185.6,272.4,166.1,250.9,60.2,64.8,18.0,31,15.5,34,15.0,33.0,15.0,31.5,6,6,8,10,E,ENE,NE,NNW,78.6,80,92,88,500,31135
5,Cuddalore,delux ponni,alluvial,125,62.5,dry,100,5,200,10,135.65,51.9,75,3000,19.6,20.4,187.2,270.8,167.0,250.0,61.0,64.0,18.5,34,16.0,30,15.5,31.0,16.0,33.0,4,10,8,10,SW,W,NNW,WSW,72.0,78,88,85,400,30545
4,Cuddalore,CO_43,alluvial,100,50.0,wet,80,4,160,8,108.52,41.52,60,2400,19.6,20.4,187.2,270.8,167.0,250.0,61.0,64.0,18.5,34,16.0,30,15.5,31.0,16.0,33.0,4,10,8,10,SW,W,NNW,WSW,72.0,78,88,85,360,25640
5,Panruti,CO_43,clay,125,62.5,dry,100,5,200,10,135.65,51.9,75,3000,18.5,21.5,185.2,272.8,165.3,251.7,60.0,65.0,20.0,35,18.0,30,17.5,33.5,18.0,33.0,4,12,4,12,ENE,NE,NNE,W,85.0,96,84,79,450,30540
5,Kallakurichi,CO_43,alluvial,125,62.5,dry,100,5,200,10,135.65,51.9,75,3000,18.5,21.5,185.2,272.8,165.3,251.7,60.0,65.0,19.0,33,17.0,32,16.5,31.5,15.5,32.5,8,6,8,6,W,WNW,SE,S,88.5,95,81,84,450,30575
1,Sankarapuram,ponmani,alluvial,25,12.5,dry,20,1,40,2,27.13,10.38,15,600,18.1,21.9,185.6,272.4,166.1,250.9,60.2,64.8,20.5,32,17.5,28,18.0,34.0,16.5,35.0,10,12,10,12,SSE,W,SW,NW,72.7,91,83,81,100,5873
5,Cuddalore,delux ponni,clay,125,62.5,wet,100,5,200,10,135.65,51.9,75,3000,19.6,20.4,187.2,270.8,167.0,250.0,61.0,64.0,18.5,34,16.0,30,15.5,31.0,16.0,33.0,4,10,8,10,SW,W,NNW,WSW,72.0,78,88,85,400,31135
5,Sankarapuram,CO_43,clay,125,62.5,dry,100,5,200,10,135.65,51.9,75,3000,18.1,21.9,185.6,272.4,166.1,250.9,60.2,64.8,20.5,32,17.5,28,18.0,34.0,16.5,35.0,10,12,10,12,SSE,W,SW,NW,72.7,91,83,81,450,31605
5,Panruti,ponmani,clay,125,62.5,wet,100,5,200,10,135.65,51.9,75,3000,18.5,21.5,185.2,272.8,165.3,251.7,60.0,65.0,20.0,35,18.0,30,17.5,33.5,18.0,33.0,4,12,4,12,ENE,NE,NNE,W,85.0,96,84,79,500,31535
1,Kallakurichi,ponmani,alluvial,25,12.5,wet,20,1,40,2,27.13,10.38,15,600,18.5,21.5,185.2,272.8,165.3,251.7,60.0,65.0,19.0,33,17.0,32,16.5,31.5,15.5,32.5,8,6,8,6,W,WNW,SE,S,88.5,95,81,84,100,5863
5,Sankarapuram,CO_43,alluvial,125,62.5,dry,100,5,200,10,135.65,51.9,75,3000,18.1,21.9,185.6,272.4,166.1,250.9,60.2,64.8,20.5,32,17.5,28,18.0,34.0,16.5,35.0,10,12,10,12,SSE,W,SW,NW,72.7,91,83,81,450,31810
3,Sankarapuram,ponmani,clay,75,37.5,dry,60,3,120,6,81.39,31.14,45,1800,18.1,21.9,185.6,272.4,166.1,250.9,60.2,64.8,20.5,32,17.5,28,18.0,34.0,16.5,35.0,10,12,10,12,SSE,W,SW,NW,72.7,91,83,81,300,17619
3,Kallakurichi,delux ponni,alluvial,75,37.5,dry,60,3,120,6,81.39,31.14,45,1800,18.5,21.5,185.2,272.8,165.3,251.7,60.0,65.0,19.0,33,17.0,32,16.5,31.5,15.5,32.5,8,6,8,6,W,WNW,SE,S,88.5,95,81,84,240,17748
3,Panruti,ponmani,clay,75,37.5,dry,60,3,120,6,81.39,31.14,45,1800,18.5,21.5,185.2,272.8,165.3,251.7,60.0,65.0,20.0,35,18.0,30,17.5,33.5,18.0,33.0,4,12,4,12,ENE,NE,NNE,W,85.0,96,84,79,300,17508
1,Chinnasalem,ponmani,clay,25,12.5,wet,20,1,40,2,27.13,10.38,15,600,18.1,21.9,185.6,272.4,166.1,250.9,60.2,64.8,18.0,31,15.5,34,15.0,33.0,15.0,31.5,6,6,8,10,E,ENE,NE,NNW,78.6,80,92,88,100,5908
4,Chinnasalem,delux ponni,alluvial,100,50.0,dry,80,4,160,8,108.52,41.52,60,2400,18.1,21.9,185.6,272.4,166.1,250.9,60.2,64.8,18.0,31,15.5,34,15.0,33.0,15.0,31.5,6,6,8,10,E,ENE,NE,NNW,78.6,80,92,88,320,24368
2,Sankarapuram,ponmani,clay,50,25.0,wet,40,2,80,4,54.26,20.76,30,1200,18.1,21.9,185.6,272.4,166.1,250.9,60.2,64.8,20.5,32,17.5,28,18.0,34.0,16.5,35.0,10,12,10,12,SSE,W,SW,NW,72.7,91,83,81,200,11994
5,Kallakurichi,ponmani,alluvial,125,62.5,wet,100,5,200,10,135.65,51.9,75,3000,18.5,21.5,185.2,272.8,165.3,251.7,60.0,65.0,19.0,33,17.0,32,16.5,31.5,15.5,32.5,8,6,8,6,W,WNW,SE,S,88.5,95,81,84,500,31555
5,Panruti,delux ponni,alluvial,125,62.5,wet,100,5,200,10,135.65,51.9,75,3000,18.5,21.5,185.2,272.8,165.3,251.7,60.0,65.0,20.0,35,18.0,30,17.5,33.5,18.0,33.0,4,12,4,12,ENE,NE,NNE,W,85.0,96,84,79,400,31135
5,Sankarapuram,delux ponni,clay,125,62.5,wet,100,5,200,10,135.65,51.9,75,3000,18.1,21.9,185.6,272.4,166.1,250.9,60.2,64.8,20.5,32,17.5,28,18.0,34.0,16.5,35.0,10,12,10,12,SSE,W,SW,NW,72.7,91,83,81,400,30905
3,Sankarapuram,CO_43,clay,75,37.5,wet,60,3,120,6,81.39,31.14,45,1800,18.1,21.9,185.6,272.4,166.1,250.9,60.2,64.8,20.5,32,17.5,28,18.0,34.0,16.5,35.0,10,12,10,12,SSE,W,SW,NW,72.7,91,83,81,270,16836
5,Chinnasalem,ponmani,clay,125,62.5,dry,100,5,200,10,135.65,51.9,75,3000,18.1,21.9,185.6,272.4,166.1,250.9,60.2,64.8,18.0,31,15.5,34,15.0,33.0,15.0,31.5,6,6,8,10,E,ENE,NE,NNW,78.6,80,92,88,500,30540
3,Kurinjipadi,ponmani,alluvial,75,37.5,dry,60,3,120,6,81.39,31.14,45,1800,19.6,20.4,187.2,270.8,167.0,250.0,61.0,64.0,19.5,34,18.5,35,17.0,32.5,16.0,30.5,10,4,10,6,NW,S,SE,SSE,64.6,85,84,87,300,17169
1,Panruti,CO_43,alluvial,25,12.5,wet,20,1,40,2,27.13,10.38,15,600,18.5,21.5,185.2,272.8,165.3,251.7,60.0,65.0,20.0,35,18.0,30,17.5,33.5,18.0,33.0,4,12,4,12,ENE,NE,NNE,W,85.0,96,84,79,90,5680
4,Kallakurichi,delux ponni,alluvial,100,50.0,dry,80,4,160,8,108.52,41.52,60,2400,18.5,21.5,185.2,272.8,165.3,251.7,60.0,65.0,19.0,33,17.0,32,16.5,31.5,15.5,32.5,8,6,8,6,W,WNW,SE,S,88.5,95,81,84,320,24460
4,Chinnasalem,CO_43,clay,100,50.0,dry,80,4,160,8,108.52,41.52,60,2400,18.1,21.9,185.6,272.4,166.1,250.9,60.2,64.8,18.0,31,15.5,34,15.0,33.0,15.0,31.5,6,6,8,10,E,ENE,NE,NNW,78.6,80,92,88,360,22892
3,Kallakurichi,CO_43,clay,75,37.5,wet,60,3,120,6,81.39,31.14,45,1800,18.5,21.5,185.2,272.8,165.3,251.7,60.0,65.0,19.0,33,17.0,32,16.5,31.5,15.5,32.5,8,6,8,6,W,WNW,SE,S,88.5,95,81,84,270,16476
5,Cuddalore,CO_43,clay,125,62.5,dry,100,5,200,10,135.65,51.9,75,3000,19.6,20.4,187.2,270.8,167.0,250.0,61.0,64.0,18.5,34,16.0,30,15.5,31.0,16.0,33.0,4,10,8,10,SW,W,NNW,WSW,72.0,78,88,85,450,31535
6,Sankarapuram,ponmani,clay,150,75.0,dry,120,6,240,12,162.78,62.28,90,3600,18.1,21.9,185.6,272.4,166.1,250.9,60.2,64.8,20.5,32,17.5,28,18.0,34.0,16.5,35.0,10,12,10,12,SSE,W,SW,NW,72.7,91,83,81,600,35538
5,Chinnasalem,delux ponni,clay,125,62.5,dry,100,5,200,10,135.65,51.9,75,3000,18.1,21.9,185.6,272.4,166.1,250.9,60.2,64.8,18.0,31,15.5,34,15.0,33.0,15.0,31.5,6,6,8,10,E,ENE,NE,NNW,78.6,80,92,88,400,31135
5,Sankarapuram,delux ponni,clay,125,62.5,wet,100,5,200,10,135.65,51.9,75,3000,18.1,21.9,185.6,272.4,166.1,250.9,60.2,64.8,20.5,32,17.5,28,18.0,34.0,16.5,35.0,10,12,10,12,SSE,W,SW,NW,72.7,91,83,81,400,31625
5,Cuddalore,delux ponni,alluvial,125,62.5,dry,100,5,200,10,135.65,51.9,75,3000,19.6,20.4,187.2,270.8,167.0,250.0,61.0,64.0,18.5,34,16.0,30,15.5,31.0,16.0,33.0,4,10,8,10,SW,W,NNW,WSW,72.0,78,88,85,400,31815
5,Kurinjipadi,delux ponni,clay,125,62.5,wet,100,5,200,10,135.65,51.9,75,3000,19.6,20.4,187.2,270.8,167.0,250.0,61.0,64.0,19.5,34,18.5,35,17.0,32.5,16.0,30.5,10,4,10,6,NW,S,SE,SSE,64.6,85,84,87,400,30100
2,Kurinjipadi,delux ponni,alluvial,50,25.0,wet,40,2,80,4,54.26,20.76,30,1200,19.6,20.4,187.2,270.8,167.0,250.0,61.0,64.0,19.5,34,18.5,35,17.0,32.5,16.0,30.5,10,4,10,6,NW,S,SE,SSE,64.6,85,84,87,160,11772
3,Chinnasalem,delux ponni,alluvial,75,37.5,dry,60,3,120,6,81.39,31.14,45,1800,18.1,21.9,185.6,272.4,166.1,250.9,60.2,64.8,18.0,31,15.5,34,15.0,33.0,15.0,31.5,6,6,8,10,E,ENE,NE,NNW,78.6,80,92,88,240,17619
5,Kallakurichi,CO_43,clay,125,62.5,wet,100,5,200,10,135.65,51.9,75,3000,18.5,21.5,185.2,272.8,165.3,251.7,60.0,65.0,19.0,33,17.0,32,16.5,31.5,15.5,32.5,8,6,8,6,W,WNW,SE,S,88.5,95,81,84,450,31045
3,Sankarapuram,CO_43,alluvial,75,37.5,dry,60,3,120,6,81.39,31.14,45,1800,18.1,21.9,185.6,272.4,166.1,250.9,60.2,64.8,20.5,32,17.5,28,18.0,34.0,16.5,35.0,10,12,10,12,SSE,W,SW,NW,72.7,91,83,81,270,17619
5,Kurinjipadi,CO_43,alluvial,125,62.5,dry,100,5,200,10,135.65,51.9,75,3000,19.6,20.4,187.2,270.8,167.0,250.0,61.0,64.0,19.5,34,18.5,35,17.0,32.5,16.0,30.5,10,4,10,6,NW,S,SE,SSE,64.6,85,84,87,450,31535
3,Cuddalore,ponmani,clay,75,37.5,dry,60,3,120,6,81.39,31.14,45,1800,19.6,20.4,187.2,270.8,167.0,250.0,61.0,64.0,18.5,34,16.0,30,15.5,31.0,16.0,33.0,4,10,8,10,SW,W,NNW,WSW,72.0,78,88,85,300,17619
1,Chinnasalem,CO_43,clay,25,12.5,dry,20,1,40,2,27.13,10.38,15,600,18.1,21.9,185.6,272.4,166.1,250.9,60.2,64.8,18.0,31,15.5,34,15.0,33.0,15.0,31.5,6,6,8,10,E,ENE,NE,NNW,78.6,80,92,88,90,5463
5,Sankarapuram,CO_43,clay,125,62.5,dry,100,5,200,10,135.65,51.9,75,3000,18.1,21.9,185.6,272.4,166.1,250.9,60.2,64.8,20.5,32,17.5,28,18.0,34.0,16.5,35.0,10,12,10,12,SSE,W,SW,NW,72.7,91,83,81,450,30945
2,Chinnasalem,delux ponni,clay,50,25.0,wet,40,2,80,4,54.26,20.76,30,1200,18.1,21.9,185.6,272.4,166.1,250.9,60.2,64.8,18.0,31,15.5,34,15.0,33.0,15.0,31.5,6,6,8,10,E,ENE,NE,NNW,78.6,80,92,88,160,10840
3,Panruti,ponmani,clay,75,37.5,dry,60,3,120,6,81.39,31.14,45,1800,18.5,21.5,185.2,272.8,165.3,251.7,60.0,65.0,20.0,35,18.0,30,17.5,33.5,18.0,33.0,4,12,4,12,ENE,NE,NNE,W,85.0,96,84,79,300,16476
5,Sankarapuram,CO_43,clay,125,62.5,wet,100,5,200,10,135.65,51.9,75,3000,18.1,21.9,185.6,272.4,166.1,250.9,60.2,64.8,20.5,32,17.5,28,18.0,34.0,16.5,35.0,10,12,10,12,SSE,W,SW,NW,72.7,91,83,81,450,32090
3,Kurinjipadi,ponmani,clay,75,37.5,wet,60,3,120,6,81.39,31.14,45,1800,19.6,20.4,187.2,270.8,167.0,250.0,61.0,64.0,19.5,34,18.5,35,17.0,32.5,16.0,30.5,10,4,10,6,NW,S,SE,SSE,64.6,85,84,87,300,17649
3,Kallakurichi,delux ponni,clay,75,37.5,dry,60,3,120,6,81.39,31.14,45,1800,18.5,21.5,185.2,272.8,165.3,251.7,60.0,65.0,19.0,33,17.0,32,16.5,31.5,15.5,32.5,8,6,8,6,W,WNW,SE,S,88.5,95,81,84,240,17724
2,Kurinjipadi,CO_43,clay,50,25.0,wet,40,2,80,4,54.26,20.76,30,1200,19.6,20.4,187.2,270.8,167.0,250.0,61.0,64.0,19.5,34,18.5,35,17.0,32.5,16.0,30.5,10,4,10,6,NW,S,SE,SSE,64.6,85,84,87,180,10906
2,Panruti,ponmani,clay,50,25.0,wet,40,2,80,4,54.26,20.76,30,1200,18.5,21.5,185.2,272.8,165.3,251.7,60.0,65.0,20.0,35,18.0,30,17.5,33.5,18.0,33.0,4,12,4,12,ENE,NE,NNE,W,85.0,96,84,79,200,11256
4,Sankarapuram,ponmani,alluvial,100,50.0,wet,80,4,160,8,108.52,41.52,60,2400,18.1,21.9,185.6,272.4,166.1,250.9,60.2,64.8,20.5,32,17.5,28,18.0,34.0,16.5,35.0,10,12,10,12,SSE,W,SW,NW,72.7,91,83,81,400,25244
3,Cuddalore,delux ponni,alluvial,75,37.5,dry,60,3,120,6,81.39,31.14,45,1800,19.6,20.4,187.2,270.8,167.0,250.0,61.0,64.0,18.5,34,16.0,30,15.5,31.0,16.0,33.0,4,10,8,10,SW,W,NNW,WSW,72.0,78,88,85,240,16581
2,Kallakurichi,ponmani,clay,50,25.0,dry,40,2,80,4,54.26,20.76,30,1200,18.5,21.5,185.2,272.8,165.3,251.7,60.0,65.0,19.0,33,17.0,32,16.5,31.5,15.5,32.5,8,6,8,6,W,WNW,SE,S,88.5,95,81,84,200,11746
1,Kurinjipadi,delux ponni,clay,25,12.5,dry,20,1,40,2,27.13,10.38,15,600,19.6,20.4,187.2,270.8,167.0,250.0,61.0,64.0,19.5,34,18.5,35,17.0,32.5,16.0,30.5,10,4,10,6,NW,S,SE,SSE,64.6,85,84,87,80,5908
6,Cuddalore,CO_43,clay,150,75.0,wet,120,6,240,12,162.78,62.28,90,3600,19.6,20.4,187.2,270.8,167.0,250.0,61.0,64.0,18.5,34,16.0,30,15.5,31.0,16.0,33.0,4,10,8,10,SW,W,NNW,WSW,72.0,78,88,85,540,35238
1,Sankarapuram,ponmani,clay,25,12.5,dry,20,1,40,2,27.13,10.38,15,600,18.1,21.9,185.6,272.4,166.1,250.9,60.2,64.8,20.5,32,17.5,28,18.0,34.0,16.5,35.0,10,12,10,12,SSE,W,SW,NW,72.7,91,83,81,100,5873
4,Kurinjipadi,delux ponni,clay,100,50.0,wet,80,4,160,8,108.52,41.52,60,2400,19.6,20.4,187.2,270.8,167.0,250.0,61.0,64.0,19.5,34,18.5,35,17.0,32.5,16.0,30.5,10,4,10,6,NW,S,SE,SSE,64.6,85,84,87,320,24724
4,Sankarapuram,ponmani,alluvial,100,50.0,wet,80,4,160,8,108.52,41.52,60,2400,18.1,21.9,185.6,272.4,166.1,250.9,60.2,64.8,20.5,32,17.5,28,18.0,34.0,16.5,35.0,10,12,10,12,SSE,W,SW,NW,72.7,91,83,81,400,25724
4,Sankarapuram,delux ponni,clay,100,50.0,wet,80,4,160,8,108.52,41.52,60,2400,18.1,21.9,185.6,272.4,166.1,250.9,60.2,64.8,20.5,32,17.5,28,18.0,34.0,16.5,35.0,10,12,10,12,SSE,W,SW,NW,72.7,91,83,81,320,24436
1,Cuddalore,ponmani,clay,25,12.5,wet,20,1,40,2,27.13,10.38,15,600,19.6,20.4,187.2,270.8,167.0,250.0,61.0,64.0,18.5,34,16.0,30,15.5,31.0,16.0,33.0,4,10,8,10,SW,W,NNW,WSW,72.0,78,88,85,100,5723
4,Sankarapuram,CO_43,clay,100,50.0,dry,80,4,160,8,108.52,41.52,60,2400,18.1,21.9,185.6,272.4,166.1,250.9,60.2,64.8,20.5,32,17.5,28,18.0,34.0,16.5,35.0,10,12,10,12,SSE,W,SW,NW,72.7,91,83,81,360,23344
4,Kurinjipadi,delux ponni,alluvial,100,50.0,dry,80,4,160,8,108.52,41.52,60,2400,19.6,20.4,187.2,270.8,167.0,250.0,61.0,64.0,19.5,34,18.5,35,17.0,32.5,16.0,30.5,10,4,10,6,NW,S,SE,SSE,64.6,85,84,87,320,25876
5,Cuddalore,ponmani,alluvial,125,62.5,dry,100,5,200,10,135.65,51.9,75,3000,19.6,20.4,187.2,270.8,167.0,250.0,61.0,64.0,18.5,34,16.0,30,15.5,31.0,16.0,33.0,4,10,8,10,SW,W,NNW,WSW,72.0,78,88,85,500,31420
5,Chinnasalem,ponmani,clay,125,62.5,dry,100,5,200,10,135.65,51.9,75,3000,18.1,21.9,185.6,272.4,166.1,250.9,60.2,64.8,18.0,31,15.5,34,15.0,33.0,15.0,31.5,6,6,8,10,E,ENE,NE,NNW,78.6,80,92,88,500,30460
4,Kurinjipadi,ponmani,alluvial,100,50.0,wet,80,4,160,8,108.52,41.52,60,2400,19.6,20.4,187.2,270.8,167.0,250.0,61.0,64.0,19.5,34,18.5,35,17.0,32.5,16.0,30.5,10,4,10,6,NW,S,SE,SSE,64.6,85,84,87,400,24200
4,Kallakurichi,CO_43,clay,100,50.0,dry,80,4,160,8,108.52,41.52,60,2400,18.5,21.5,185.2,272.8,165.3,251.7,60.0,65.0,19.0,33,17.0,32,16.5,31.5,15.5,32.5,8,6,8,6,W,WNW,SE,S,88.5,95,81,84,360,25876
2,Panruti,delux ponni,clay,50,25.0,dry,40,2,80,4,54.26,20.76,30,1200,18.5,21.5,185.2,272.8,165.3,251.7,60.0,65.0,20.0,35,18.0,30,17.5,33.5,18.0,33.0,4,12,4,12,ENE,NE,NNE,W,85.0,96,84,79,160,11726
5,Chinnasalem,ponmani,clay,125,62.5,wet,100,5,200,10,135.65,51.9,75,3000,18.1,21.9,185.6,272.4,166.1,250.9,60.2,64.8,18.0,31,15.5,34,15.0,33.0,15.0,31.5,6,6,8,10,E,ENE,NE,NNW,78.6,80,92,88,500,32050
1,Kallakurichi,delux ponni,clay,25,12.5,dry,20,1,40,2,27.13,10.38,15,600,18.5,21.5,185.2,272.8,165.3,251.7,60.0,65.0,19.0,33,17.0,32,16.5,31.5,15.5,32.5,8,6,8,6,W,WNW,SE,S,88.5,95,81,84,80,5855
5,Panruti,delux ponni,clay,125,62.5,dry,100,5,200,10,135.65,51.9,75,3000,18.5,21.5,185.2,272.8,165.3,251.7,60.0,65.0,20.0,35,18.0,30,17.5,33.5,18.0,33.0,4,12,4,12,ENE,NE,NNE,W,85.0,96,84,79,400,31045
5,Panruti,delux ponni,clay,125,62.5,dry,100,5,200,10,135.65,51.9,75,3000,18.5,21.5,185.2,272.8,165.3,251.7,60.0,65.0,20.0,35,18.0,30,17.5,33.5,18.0,33.0,4,12,4,12,ENE,NE,NNE,W,85.0,96,84,79,400,31535
4,Kallakurichi,delux ponni,alluvial,100,50.0,wet,80,4,160,8,108.52,41.52,60,2400,18.5,21.5,185.2,272.8,165.3,251.7,60.0,65.0,19.0,33,17.0,32,16.5,31.5,15.5,32.5,8,6,8,6,W,WNW,SE,S,88.5,95,81,84,320,25300
2,Sankarapuram,delux ponni,alluvial,50,25.0,dry,40,2,80,4,54.26,20.76,30,1200,18.1,21.9,185.6,272.4,166.1,250.9,60.2,64.8,20.5,32,17.5,28,18.0,34.0,16.5,35.0,10,12,10,12,SSE,W,SW,NW,72.7,91,83,81,160,10820
1,Kallakurichi,ponmani,clay,25,12.5,dry,20,1,40,2,27.13,10.38,15,600,18.5,21.5,185.2,272.8,165.3,251.7,60.0,65.0,19.0,33,17.0,32,16.5,31.5,15.5,32.5,8,6,8,6,W,WNW,SE,S,88.5,95,81,84,100,5723
4,Sankarapuram,delux ponni,clay,100,50.0,wet,80,4,160,8,108.52,41.52,60,2400,18.1,21.9,185.6,272.4,166.1,250.9,60.2,64.8,20.5,32,17.5,28,18.0,34.0,16.5,35.0,10,12,10,12,SSE,W,SW,NW,72.7,91,83,81,320,24432
5,Panruti,delux ponni,clay,125,62.5,dry,100,5,200,10,135.65,51.9,75,3000,18.5,21.5,185.2,272.8,165.3,251.7,60.0,65.0,20.0,35,18.0,30,17.5,33.5,18.0,33.0,4,12,4,12,ENE,NE,NNE,W,85.0,96,84,79,400,31400
2,Panruti,delux ponni,clay,50,25.0,dry,40,2,80,4,54.26,20.76,30,1200,18.5,21.5,185.2,272.8,165.3,251.7,60.0,65.0,20.0,35,18.0,30,17.5,33.5,18.0,33.0,4,12,4,12,ENE,NE,NNE,W,85.0,96,84,79,160,10926
3,Kurinjipadi,ponmani,clay,75,37.5,dry,60,3,120,6,81.39,31.14,45,1800,19.6,20.4,187.2,270.8,167.0,250.0,61.0,64.0,19.5,34,18.5,35,17.0,32.5,16.0,30.5,10,4,10,6,NW,S,SE,SSE,64.6,85,84,87,300,17649
2,Kallakurichi,ponmani,alluvial,50,25.0,dry,40,2,80,4,54.26,20.76,30,1200,18.5,21.5,185.2,272.8,165.3,251.7,60.0,65.0,19.0,33,17.0,32,16.5,31.5,15.5,32.5,8,6,8,6,W,WNW,SE,S,88.5,95,81,84,200,11446
2,Kallakurichi,delux ponni,alluvial,50,25.0,dry,40,2,80,4,54.26,20.76,30,1200,18.5,21.5,185.2,272.8,165.3,251.7,60.0,65.0,19.0,33,17.0,32,16.5,31.5,15.5,32.5,8,6,8,6,W,WNW,SE,S,88.5,95,81,84,160,11288
1,Cuddalore,ponmani,clay,25,12.5,wet,20,1,40,2,27.13,10.38,15,600,19.6,20.4,187.2,270.8,167.0,250.0,61.0,64.0,18.5,34,16.0,30,15.5,31.0,16.0,33.0,4,10,8,10,SW,W,NNW,WSW,72.0,78,88,85,100,5863
1,Cuddalore,ponmani,alluvial,25,12.5,dry,20,1,40,2,27.13,10.38,15,600,19.6,20.4,187.2,270.8,167.0,250.0,61.0,64.0,18.5,34,16.0,30,15.5,31.0,16.0,33.0,4,10,8,10,SW,W,NNW,WSW,72.0,78,88,85,100,5873
3,Kurinjipadi,CO_43,clay,75,37.5,dry,60,3,120,6,81.39,31.14,45,1800,19.6,20.4,187.2,270.8,167.0,250.0,61.0,64.0,19.5,34,18.5,35,17.0,32.5,16.0,30.5,10,4,10,6,NW,S,SE,SSE,64.6,85,84,87,270,16389
3,Panruti,ponmani,clay,75,37.5,dry,60,3,120,6,81.39,31.14,45,1800,18.5,21.5,185.2,272.8,165.3,251.7,60.0,65.0,20.0,35,18.0,30,17.5,33.5,18.0,33.0,4,12,4,12,ENE,NE,NNE,W,85.0,96,84,79,300,16389
2,Kurinjipadi,delux ponni,alluvial,50,25.0,wet,40,2,80,4,54.26,20.76,30,1200,19.6,20.4,187.2,270.8,167.0,250.0,61.0,64.0,19.5,34,18.5,35,17.0,32.5,16.0,30.5,10,4,10,6,NW,S,SE,SSE,64.6,85,84,87,160,11672
4,Cuddalore,delux ponni,clay,100,50.0,wet,80,4,160,8,108.52,41.52,60,2400,19.6,20.4,187.2,270.8,167.0,250.0,61.0,64.0,18.5,34,16.0,30,15.5,31.0,16.0,33.0,4,10,8,10,SW,W,NNW,WSW,72.0,78,88,85,320,25244
4,Sankarapuram,delux ponni,clay,100,50.0,wet,80,4,160,8,108.52,41.52,60,2400,18.1,21.9,185.6,272.4,166.1,250.9,60.2,64.8,20.5,32,17.5,28,18.0,34.0,16.5,35.0,10,12,10,12,SSE,W,SW,NW,72.7,91,83,81,320,24368
2,Sankarapuram,delux ponni,alluvial,50,25.0,dry,40,2,80,4,54.26,20.76,30,1200,18.1,21.9,185.6,272.4,166.1,250.9,60.2,64.8,20.5,32,17.5,28,18.0,34.0,16.5,35.0,10,12,10,12,SSE,W,SW,NW,72.7,91,83,81,160,11224
5,Kallakurichi,delux ponni,alluvial,125,62.5,wet,100,5,200,10,135.65,51.9,75,3000,18.5,21.5,185.2,272.8,165.3,251.7,60.0,65.0,19.0,33,17.0,32,16.5,31.5,15.5,32.5,8,6,8,6,W,WNW,SE,S,88.5,95,81,84,400,31555
2,Kurinjipadi,ponmani,clay,50,25.0,wet,40,2,80,4,54.26,20.76,30,1200,19.6,20.4,187.2,270.8,167.0,250.0,61.0,64.0,19.5,34,18.5,35,17.0,32.5,16.0,30.5,10,4,10,6,NW,S,SE,SSE,64.6,85,84,87,200,11446
2,Cuddalore,CO_43,clay,50,25.0,wet,40,2,80,4,54.26,20.76,30,1200,19.6,20.4,187.2,270.8,167.0,250.0,61.0,64.0,18.5,34,16.0,30,15.5,31.0,16.0,33.0,4,10,8,10,SW,W,NNW,WSW,72.0,78,88,85,180,11446
1,Cuddalore,delux ponni,alluvial,25,12.5,dry,20,1,40,2,27.13,10.38,15,600,19.6,20.4,187.2,270.8,167.0,250.0,61.0,64.0,18.5,34,16.0,30,15.5,31.0,16.0,33.0,4,10,8,10,SW,W,NNW,WSW,72.0,78,88,85,80,5723
5,Panruti,delux ponni,clay,125,62.5,dry,100,5,200,10,135.65,51.9,75,3000,18.5,21.5,185.2,272.8,165.3,251.7,60.0,65.0,20.0,35,18.0,30,17.5,33.5,18.0,33.0,4,12,4,12,ENE,NE,NNE,W,85.0,96,84,79,400,32050
5,Kurinjipadi,CO_43,alluvial,125,62.5,wet,100,5,200,10,135.65,51.9,75,3000,19.6,20.4,187.2,270.8,167.0,250.0,61.0,64.0,19.5,34,18.5,35,17.0,32.5,16.0,30.5,10,4,10,6,NW,S,SE,SSE,64.6,85,84,87,450,30805
6,Kallakurichi,ponmani,clay,150,75.0,wet,120,6,240,12,162.78,62.28,90,3600,18.5,21.5,185.2,272.8,165.3,251.7,60.0,65.0,19.0,33,17.0,32,16.5,31.5,15.5,32.5,8,6,8,6,W,WNW,SE,S,88.5,95,81,84,600,35766
2,Sankarapuram,ponmani,alluvial,50,25.0,wet,40,2,80,4,54.26,20.76,30,1200,18.1,21.9,185.6,272.4,166.1,250.9,60.2,64.8,20.5,32,17.5,28,18.0,34.0,16.5,35.0,10,12,10,12,SSE,W,SW,NW,72.7,91,83,81,200,11222
5,Sankarapuram,ponmani,clay,125,62.5,dry,100,5,200,10,135.65,51.9,75,3000,18.1,21.9,185.6,272.4,166.1,250.9,60.2,64.8,20.5,32,17.5,28,18.0,34.0,16.5,35.0,10,12,10,12,SSE,W,SW,NW,72.7,91,83,81,500,31535
3,Chinnasalem,ponmani,alluvial,75,37.5,dry,60,3,120,6,81.39,31.14,45,1800,18.1,21.9,185.6,272.4,166.1,250.9,60.2,64.8,18.0,31,15.5,34,15.0,33.0,15.0,31.5,6,6,8,10,E,ENE,NE,NNW,78.6,80,92,88,300,17508
5,Cuddalore,CO_43,clay,125,62.5,wet,100,5,200,10,135.65,51.9,75,3000,19.6,20.4,187.2,270.8,167.0,250.0,61.0,64.0,18.5,34,16.0,30,15.5,31.0,16.0,33.0,4,10,8,10,SW,W,NNW,WSW,72.0,78,88,85,450,30250
5,Sankarapuram,CO_43,alluvial,125,62.5,wet,100,5,200,10,135.65,51.9,75,3000,18.1,21.9,185.6,272.4,166.1,250.9,60.2,64.8,20.5,32,17.5,28,18.0,34.0,16.5,35.0,10,12,10,12,SSE,W,SW,NW,72.7,91,83,81,450,31535
4,Panruti,delux ponni,alluvial,100,50.0,dry,80,4,160,8,108.52,41.52,60,2400,18.5,21.5,185.2,272.8,165.3,251.7,60.0,65.0,20.0,35,18.0,30,17.5,33.5,18.0,33.0,4,12,4,12,ENE,NE,NNE,W,85.0,96,84,79,320,24908
5,Cuddalore,ponmani,alluvial,125,62.5,dry,100,5,200,10,135.65,51.9,75,3000,19.6,20.4,187.2,270.8,167.0,250.0,61.0,64.0,18.5,34,16.0,30,15.5,31.0,16.0,33.0,4,10,8,10,SW,W,NNW,WSW,72.0,78,88,85,500,30610
4,Kallakurichi,ponmani,alluvial,100,50.0,dry,80,4,160,8,108.52,41.52,60,2400,18.5,21.5,185.2,272.8,165.3,251.7,60.0,65.0,19.0,33,17.0,32,16.5,31.5,15.5,32.5,8,6,8,6,W,WNW,SE,S,88.5,95,81,84,400,22892
4,Sankarapuram,ponmani,clay,100,50.0,wet,80,4,160,8,108.52,41.52,60,2400,18.1,21.9,185.6,272.4,166.1,250.9,60.2,64.8,20.5,32,17.5,28,18.0,34.0,16.5,35.0,10,12,10,12,SSE,W,SW,NW,72.7,91,83,81,400,22512
4,Panruti,delux ponni,clay,100,50.0,wet,80,4,160,8,108.52,41.52,60,2400,18.5,21.5,185.2,272.8,165.3,251.7,60.0,65.0,20.0,35,18.0,30,17.5,33.5,18.0,33.0,4,12,4,12,ENE,NE,NNE,W,85.0,96,84,79,320,24284
2,Sankarapuram,delux ponni,alluvial,50,25.0,wet,40,2,80,4,54.26,20.76,30,1200,18.1,21.9,185.6,272.4,166.1,250.9,60.2,64.8,20.5,32,17.5,28,18.0,34.0,16.5,35.0,10,12,10,12,SSE,W,SW,NW,72.7,91,83,81,160,11446
2,Sankarapuram,ponmani,alluvial,50,25.0,wet,40,2,80,4,54.26,20.76,30,1200,18.1,21.9,185.6,272.4,166.1,250.9,60.2,64.8,20.5,32,17.5,28,18.0,34.0,16.5,35.0,10,12,10,12,SSE,W,SW,NW,72.7,91,83,81,200,11712
4,Cuddalore,CO_43,alluvial,100,50.0,wet,80,4,160,8,108.52,41.52,60,2400,19.6,20.4,187.2,270.8,167.0,250.0,61.0,64.0,18.5,34,16.0,30,15.5,31.0,16.0,33.0,4,10,8,10,SW,W,NNW,WSW,72.0,78,88,85,360,25452
4,Kurinjipadi,delux ponni,alluvial,100,50.0,dry,80,4,160,8,108.52,41.52,60,2400,19.6,20.4,187.2,270.8,167.0,250.0,61.0,64.0,19.5,34,18.5,35,17.0,32.5,16.0,30.5,10,4,10,6,NW,S,SE,SSE,64.6,85,84,87,320,24908
3,Kurinjipadi,delux ponni,clay,75,37.5,wet,60,3,120,6,81.39,31.14,45,1800,19.6,20.4,187.2,270.8,167.0,250.0,61.0,64.0,19.5,34,18.5,35,17.0,32.5,16.0,30.5,10,4,10,6,NW,S,SE,SSE,64.6,85,84,87,240,17793
6,Kurinjipadi,delux ponni,alluvial,150,75.0,dry,120,6,240,12,162.78,62.28,90,3600,19.6,20.4,187.2,270.8,167.0,250.0,61.0,64.0,19.5,34,18.5,35,17.0,32.5,16.0,30.5,10,4,10,6,NW,S,SE,SSE,64.6,85,84,87,480,36690
5,Panruti,delux ponni,clay,125,62.5,wet,100,5,200,10,135.65,51.9,75,3000,18.5,21.5,185.2,272.8,165.3,251.7,60.0,65.0,20.0,35,18.0,30,17.5,33.5,18.0,33.0,4,12,4,12,ENE,NE,NNE,W,85.0,96,84,79,400,31035
5,Kurinjipadi,delux ponni,alluvial,125,62.5,dry,100,5,200,10,135.65,51.9,75,3000,19.6,20.4,187.2,270.8,167.0,250.0,61.0,64.0,19.5,34,18.5,35,17.0,32.5,16.0,30.5,10,4,10,6,NW,S,SE,SSE,64.6,85,84,87,400,31920
5,Panruti,ponmani,clay,125,62.5,dry,100,5,200,10,135.65,51.9,75,3000,18.5,21.5,185.2,272.8,165.3,251.7,60.0,65.0,20.0,35,18.0,30,17.5,33.5,18.0,33.0,4,12,4,12,ENE,NE,NNE,W,85.0,96,84,79,500,30610
3,Sankarapuram,delux ponni,clay,75,37.5,wet,60,3,120,6,81.39,31.14,45,1800,18.1,21.9,185.6,272.4,166.1,250.9,60.2,64.8,20.5,32,17.5,28,18.0,34.0,16.5,35.0,10,12,10,12,SSE,W,SW,NW,72.7,91,83,81,240,17169
4,Kallakurichi,CO_43,clay,100,50.0,dry,80,4,160,8,108.52,41.52,60,2400,18.5,21.5,185.2,272.8,165.3,251.7,60.0,65.0,19.0,33,17.0,32,16.5,31.5,15.5,32.5,8,6,8,6,W,WNW,SE,S,88.5,95,81,84,360,24228
2,Sankarapuram,CO_43,clay,50,25.0,wet,40,2,80,4,54.26,20.76,30,1200,18.1,21.9,185.6,272.4,166.1,250.9,60.2,64.8,20.5,32,17.5,28,18.0,34.0,16.5,35.0,10,12,10,12,SSE,W,SW,NW,72.7,91,83,81,180,11224
2,Panruti,delux ponni,clay,50,25.0,wet,40,2,80,4,54.26,20.76,30,1200,18.5,21.5,185.2,272.8,165.3,251.7,60.0,65.0,20.0,35,18.0,30,17.5,33.5,18.0,33.0,4,12,4,12,ENE,NE,NNE,W,85.0,96,84,79,160,11734
3,Sankarapuram,delux ponni,clay,75,37.5,dry,60,3,120,6,81.39,31.14,45,1800,18.1,21.9,185.6,272.4,166.1,250.9,60.2,64.8,20.5,32,17.5,28,18.0,34.0,16.5,35.0,10,12,10,12,SSE,W,SW,NW,72.7,91,83,81,240,17565
3,Sankarapuram,CO_43,alluvial,75,37.5,dry,60,3,120,6,81.39,31.14,45,1800,18.1,21.9,185.6,272.4,166.1,250.9,60.2,64.8,20.5,32,17.5,28,18.0,34.0,16.5,35.0,10,12,10,12,SSE,W,SW,NW,72.7,91,83,81,270,16389
3,Kallakurichi,delux ponni,clay,75,37.5,dry,60,3,120,6,81.39,31.14,45,1800,18.5,21.5,185.2,272.8,165.3,251.7,60.0,65.0,19.0,33,17.0,32,16.5,31.5,15.5,32.5,8,6,8,6,W,WNW,SE,S,88.5,95,81,84,240,17271
2,Sankarapuram,CO_43,alluvial,50,25.0,wet,40,2,80,4,54.26,20.76,30,1200,18.1,21.9,185.6,272.4,166.1,250.9,60.2,64.8,20.5,32,17.5,28,18.0,34.0,16.5,35.0,10,12,10,12,SSE,W,SW,NW,72.7,91,83,81,180,11816
5,Cuddalore,delux ponni,alluvial,125,62.5,dry,100,5,200,10,135.65,51.9,75,3000,19.6,20.4,187.2,270.8,167.0,250.0,61.0,64.0,18.5,34,16.0,30,15.5,31.0,16.0,33.0,4,10,8,10,SW,W,NNW,WSW,72.0,78,88,85,400,30540
5,Panruti,delux ponni,clay,125,62.5,dry,100,5,200,10,135.65,51.9,75,3000,18.5,21.5,185.2,272.8,165.3,251.7,60.0,65.0,20.0,35,18.0,30,17.5,33.5,18.0,33.0,4,12,4,12,ENE,NE,NNE,W,85.0,96,84,79,400,31980
4,Kallakurichi,CO_43,clay,100,50.0,wet,80,4,160,8,108.52,41.52,60,2400,18.5,21.5,185.2,272.8,165.3,251.7,60.0,65.0,19.0,33,17.0,32,16.5,31.5,15.5,32.5,8,6,8,6,W,WNW,SE,S,88.5,95,81,84,360,24460
4,Cuddalore,delux ponni,clay,100,50.0,wet,80,4,160,8,108.52,41.52,60,2400,19.6,20.4,187.2,270.8,167.0,250.0,61.0,64.0,18.5,34,16.0,30,15.5,31.0,16.0,33.0,4,10,8,10,SW,W,NNW,WSW,72.0,78,88,85,320,24908
4,Kurinjipadi,ponmani,alluvial,100,50.0,wet,80,4,160,8,108.52,41.52,60,2400,19.6,20.4,187.2,270.8,167.0,250.0,61.0,64.0,19.5,34,18.5,35,17.0,32.5,16.0,30.5,10,4,10,6,NW,S,SE,SSE,64.6,85,84,87,400,25616
5,Sankarapuram,ponmani,alluvial,125,62.5,dry,100,5,200,10,135.65,51.9,75,3000,18.1,21.9,185.6,272.4,166.1,250.9,60.2,64.8,20.5,32,17.5,28,18.0,34.0,16.5,35.0,10,12,10,12,SSE,W,SW,NW,72.7,91,83,81,500,30250
4,Kallakurichi,CO_43,clay,100,50.0,wet,80,4,160,8,108.52,41.52,60,2400,18.5,21.5,185.2,272.8,165.3,251.7,60.0,65.0,19.0,33,17.0,32,16.5,31.5,15.5,32.5,8,6,8,6,W,WNW,SE,S,88.5,95,81,84,360,23492
3,Cuddalore,CO_43,alluvial,75,37.5,dry,60,3,120,6,81.39,31.14,45,1800,19.6,20.4,187.2,270.8,167.0,250.0,61.0,64.0,18.5,34,16.0,30,15.5,31.0,16.0,33.0,4,10,8,10,SW,W,NNW,WSW,72.0,78,88,85,270,17619
3,Chinnasalem,CO_43,clay,75,37.5,dry,60,3,120,6,81.39,31.14,45,1800,18.1,21.9,185.6,272.4,166.1,250.9,60.2,64.8,18.0,31,15.5,34,15.0,33.0,15.0,31.5,6,6,8,10,E,ENE,NE,NNW,78.6,80,92,88,270,17508
2,Cuddalore,delux ponni,clay,50,25.0,wet,40,2,80,4,54.26,20.76,30,1200,19.6,20.4,187.2,270.8,167.0,250.0,61.0,64.0,18.5,34,16.0,30,15.5,31.0,16.0,33.0,4,10,8,10,SW,W,NNW,WSW,72.0,78,88,85,160,10820
2,Cuddalore,delux ponni,clay,50,25.0,wet,40,2,80,4,54.26,20.76,30,1200,19.6,20.4,187.2,270.8,167.0,250.0,61.0,64.0,18.5,34,16.0,30,15.5,31.0,16.0,33.0,4,10,8,10,SW,W,NNW,WSW,72.0,78,88,85,160,11510
3,Sankarapuram,delux ponni,clay,75,37.5,wet,60,3,120,6,81.39,31.14,45,1800,18.1,21.9,185.6,272.4,166.1,250.9,60.2,64.8,20.5,32,17.5,28,18.0,34.0,16.5,35.0,10,12,10,12,SSE,W,SW,NW,72.7,91,83,81,240,16260
3,Chinnasalem,delux ponni,clay,75,37.5,wet,60,3,120,6,81.39,31.14,45,1800,18.1,21.9,185.6,272.4,166.1,250.9,60.2,64.8,18.0,31,15.5,34,15.0,33.0,15.0,31.5,6,6,8,10,E,ENE,NE,NNW,78.6,80,92,88,240,16389
4,Cuddalore,CO_43,clay,100,50.0,dry,80,4,160,8,108.52,41.52,60,2400,19.6,20.4,187.2,270.8,167.0,250.0,61.0,64.0,18.5,34,16.0,30,15.5,31.0,16.0,33.0,4,10,8,10,SW,W,NNW,WSW,72.0,78,88,85,360,25284
2,Sankarapuram,delux ponni,alluvial,50,25.0,dry,40,2,80,4,54.26,20.76,30,1200,18.1,21.9,185.6,272.4,166.1,250.9,60.2,64.8,20.5,32,17.5,28,18.0,34.0,16.5,35.0,10,12,10,12,SSE,W,SW,NW,72.7,91,83,81,160,11832
3,Panruti,delux ponni,clay,75,37.5,dry,60,3,120,6,81.39,31.14,45,1800,18.5,21.5,185.2,272.8,165.3,251.7,60.0,65.0,20.0,35,18.0,30,17.5,33.5,18.0,33.0,4,12,4,12,ENE,NE,NNE,W,85.0,96,84,79,240,16389
3,Kallakurichi,CO_43,clay,75,37.5,wet,60,3,120,6,81.39,31.14,45,1800,18.5,21.5,185.2,272.8,165.3,251.7,60.0,65.0,19.0,33,17.0,32,16.5,31.5,15.5,32.5,8,6,8,6,W,WNW,SE,S,88.5,95,81,84,270,17619
5,Kallakurichi,delux ponni,clay,125,62.5,wet,100,5,200,10,135.65,51.9,75,3000,18.5,21.5,185.2,272.8,165.3,251.7,60.0,65.0,19.0,33,17.0,32,16.5,31.5,15.5,32.5,8,6,8,6,W,WNW,SE,S,88.5,95,81,84,400,30885
2,Kallakurichi,ponmani,alluvial,50,25.0,dry,40,2,80,4,54.26,20.76,30,1200,18.5,21.5,185.2,272.8,165.3,251.7,60.0,65.0,19.0,33,17.0,32,16.5,31.5,15.5,32.5,8,6,8,6,W,WNW,SE,S,88.5,95,81,84,200,11746
4,Chinnasalem,CO_43,alluvial,100,50.0,dry,80,4,160,8,108.52,41.52,60,2400,18.1,21.9,185.6,272.4,166.1,250.9,60.2,64.8,18.0,31,15.5,34,15.0,33.0,15.0,31.5,6,6,8,10,E,ENE,NE,NNW,78.6,80,92,88,360,25120
1,Kallakurichi,ponmani,alluvial,25,12.5,wet,20,1,40,2,27.13,10.38,15,600,18.5,21.5,185.2,272.8,165.3,251.7,60.0,65.0,19.0,33,17.0,32,16.5,31.5,15.5,32.5,8,6,8,6,W,WNW,SE,S,88.5,95,81,84,100,5916
5,Kallakurichi,delux ponni,alluvial,125,62.5,dry,100,5,200,10,135.65,51.9,75,3000,18.5,21.5,185.2,272.8,165.3,251.7,60.0,65.0,19.0,33,17.0,32,16.5,31.5,15.5,32.5,8,6,8,6,W,WNW,SE,S,88.5,95,81,84,400,30075
2,Kurinjipadi,delux ponni,clay,50,25.0,dry,40,2,80,4,54.26,20.76,30,1200,19.6,20.4,187.2,270.8,167.0,250.0,61.0,64.0,19.5,34,18.5,35,17.0,32.5,16.0,30.5,10,4,10,6,NW,S,SE,SSE,64.6,85,84,87,160,11154
5,Kallakurichi,CO_43,clay,125,62.5,dry,100,5,200,10,135.65,51.9,75,3000,18.5,21.5,185.2,272.8,165.3,251.7,60.0,65.0,19.0,33,17.0,32,16.5,31.5,15.5,32.5,8,6,8,6,W,WNW,SE,S,88.5,95,81,84,450,31555
5,Chinnasalem,ponmani,alluvial,125,62.5,dry,100,5,200,10,135.65,51.9,75,3000,18.1,21.9,185.6,272.4,166.1,250.9,60.2,64.8,18.0,31,15.5,34,15.0,33.0,15.0,31.5,6,6,8,10,E,ENE,NE,NNW,78.6,80,92,88,500,30805
5,Chinnasalem,ponmani,clay,125,62.5,dry,100,5,200,10,135.65,51.9,75,3000,18.1,21.9,185.6,272.4,166.1,250.9,60.2,64.8,18.0,31,15.5,34,15.0,33.0,15.0,31.5,6,6,8,10,E,ENE,NE,NNW,78.6,80,92,88,500,31780
5,Panruti,delux ponni,clay,125,62.5,wet,100,5,200,10,135.65,51.9,75,3000,18.5,21.5,185.2,272.8,165.3,251.7,60.0,65.0,20.0,35,18.0,30,17.5,33.5,18.0,33.0,4,12,4,12,ENE,NE,NNE,W,85.0,96,84,79,400,30540
2,Sankarapuram,CO_43,alluvial,50,25.0,dry,40,2,80,4,54.26,20.76,30,1200,18.1,21.9,185.6,272.4,166.1,250.9,60.2,64.8,20.5,32,17.5,28,18.0,34.0,16.5,35.0,10,12,10,12,SSE,W,SW,NW,72.7,91,83,81,180,11224
3,Kallakurichi,delux ponni,alluvial,75,37.5,wet,60,3,120,6,81.39,31.14,45,1800,18.5,21.5,185.2,272.8,165.3,251.7,60.0,65.0,19.0,33,17.0,32,16.5,31.5,15.5,32.5,8,6,8,6,W,WNW,SE,S,88.5,95,81,84,240,16902
5,Sankarapuram,delux ponni,clay,125,62.5,wet,100,5,200,10,135.65,51.9,75,3000,18.1,21.9,185.6,272.4,166.1,250.9,60.2,64.8,20.5,32,17.5,28,18.0,34.0,16.5,35.0,10,12,10,12,SSE,W,SW,NW,72.7,91,83,81,400,31605
3,Cuddalore,CO_43,alluvial,75,37.5,dry,60,3,120,6,81.39,31.14,45,1800,19.6,20.4,187.2,270.8,167.0,250.0,61.0,64.0,18.5,34,16.0,30,15.5,31.0,16.0,33.0,4,10,8,10,SW,W,NNW,WSW,72.0,78,88,85,270,17508
1,Kurinjipadi,delux ponni,alluvial,25,12.5,wet,20,1,40,2,27.13,10.38,15,600,19.6,20.4,187.2,270.8,167.0,250.0,61.0,64.0,19.5,34,18.5,35,17.0,32.5,16.0,30.5,10,4,10,6,NW,S,SE,SSE,64.6,85,84,87,80,5723
4,Kurinjipadi,CO_43,clay,100,50.0,wet,80,4,160,8,108.52,41.52,60,2400,19.6,20.4,187.2,270.8,167.0,250.0,61.0,64.0,19.5,34,18.5,35,17.0,32.5,16.0,30.5,10,4,10,6,NW,S,SE,SSE,64.6,85,84,87,360,24460
4,Panruti,ponmani,alluvial,100,50.0,wet,80,4,160,8,108.52,41.52,60,2400,18.5,21.5,185.2,272.8,165.3,251.7,60.0,65.0,20.0,35,18.0,30,17.5,33.5,18.0,33.0,4,12,4,12,ENE,NE,NNE,W,85.0,96,84,79,400,24604
2,Cuddalore,delux ponni,clay,50,25.0,dry,40,2,80,4,54.26,20.76,30,1200,19.6,20.4,187.2,270.8,167.0,250.0,61.0,64.0,18.5,34,16.0,30,15.5,31.0,16.0,33.0,4,10,8,10,SW,W,NNW,WSW,72.0,78,88,85,160,11710
3,Kurinjipadi,CO_43,alluvial,75,37.5,dry,60,3,120,6,81.39,31.14,45,1800,19.6,20.4,187.2,270.8,167.0,250.0,61.0,64.0,19.5,34,18.5,35,17.0,32.5,16.0,30.5,10,4,10,6,NW,S,SE,SSE,64.6,85,84,87,270,17565
3,Sankarapuram,delux ponni,clay,75,37.5,dry,60,3,120,6,81.39,31.14,45,1800,18.1,21.9,185.6,272.4,166.1,250.9,60.2,64.8,20.5,32,17.5,28,18.0,34.0,16.5,35.0,10,12,10,12,SSE,W,SW,NW,72.7,91,83,81,240,17508
2,Cuddalore,CO_43,clay,50,25.0,dry,40,2,80,4,54.26,20.76,30,1200,19.6,20.4,187.2,270.8,167.0,250.0,61.0,64.0,18.5,34,16.0,30,15.5,31.0,16.0,33.0,4,10,8,10,SW,W,NNW,WSW,72.0,78,88,85,180,11224
4,Cuddalore,delux ponni,alluvial,100,50.0,dry,80,4,160,8,108.52,41.52,60,2400,19.6,20.4,187.2,270.8,167.0,250.0,61.0,64.0,18.5,34,16.0,30,15.5,31.0,16.0,33.0,4,10,8,10,SW,W,NNW,WSW,72.0,78,88,85,320,21640
3,Chinnasalem,delux ponni,alluvial,75,37.5,wet,60,3,120,6,81.39,31.14,45,1800,18.1,21.9,185.6,272.4,166.1,250.9,60.2,64.8,18.0,31,15.5,34,15.0,33.0,15.0,31.5,6,6,8,10,E,ENE,NE,NNW,78.6,80,92,88,240,17169
5,Panruti,CO_43,alluvial,125,62.5,dry,100,5,200,10,135.65,51.9,75,3000,18.5,21.5,185.2,272.8,165.3,251.7,60.0,65.0,20.0,35,18.0,30,17.5,33.5,18.0,33.0,4,12,4,12,ENE,NE,NNE,W,85.0,96,84,79,450,30250
2,Cuddalore,ponmani,alluvial,50,25.0,wet,40,2,80,4,54.26,20.76,30,1200,19.6,20.4,187.2,270.8,167.0,250.0,61.0,64.0,18.5,34,16.0,30,15.5,31.0,16.0,33.0,4,10,8,10,SW,W,NNW,WSW,72.0,78,88,85,200,11054
5,Panruti,ponmani,clay,125,62.5,wet,100,5,200,10,135.65,51.9,75,3000,18.5,21.5,185.2,272.8,165.3,251.7,60.0,65.0,20.0,35,18.0,30,17.5,33.5,18.0,33.0,4,12,4,12,ENE,NE,NNE,W,85.0,96,84,79,500,30575
5,Sankarapuram,CO_43,clay,125,62.5,wet,100,5,200,10,135.65,51.9,75,3000,18.1,21.9,185.6,272.4,166.1,250.9,60.2,64.8,20.5,32,17.5,28,18.0,34.0,16.5,35.0,10,12,10,12,SSE,W,SW,NW,72.7,91,83,81,450,30575
1,Cuddalore,ponmani,clay,25,12.5,wet,20,1,40,2,27.13,10.38,15,600,19.6,20.4,187.2,270.8,167.0,250.0,61.0,64.0,18.5,34,16.0,30,15.5,31.0,16.0,33.0,4,10,8,10,SW,W,NNW,WSW,72.0,78,88,85,100,5453
4,Kallakurichi,ponmani,clay,100,50.0,dry,80,4,160,8,108.52,41.52,60,2400,18.5,21.5,185.2,272.8,165.3,251.7,60.0,65.0,19.0,33,17.0,32,16.5,31.5,15.5,32.5,8,6,8,6,W,WNW,SE,S,88.5,95,81,84,400,24836
6,Cuddalore,delux ponni,clay,150,75.0,wet,120,6,240,12,162.78,62.28,90,3600,19.6,20.4,187.2,270.8,167.0,250.0,61.0,64.0,18.5,34,16.0,30,15.5,31.0,16.0,33.0,4,10,8,10,SW,W,NNW,WSW,72.0,78,88,85,480,38814
4,Kallakurichi,ponmani,clay,100,50.0,dry,80,4,160,8,108.52,41.52,60,2400,18.5,21.5,185.2,272.8,165.3,251.7,60.0,65.0,19.0,33,17.0,32,16.5,31.5,15.5,32.5,8,6,8,6,W,WNW,SE,S,88.5,95,81,84,400,24828
5,Kurinjipadi,ponmani,clay,125,62.5,wet,100,5,200,10,135.65,51.9,75,3000,19.6,20.4,187.2,270.8,167.0,250.0,61.0,64.0,19.5,34,18.5,35,17.0,32.5,16.0,30.5,10,4,10,6,NW,S,SE,SSE,64.6,85,84,87,500,31555
3,Cuddalore,CO_43,alluvial,75,37.5,dry,60,3,120,6,81.39,31.14,45,1800,19.6,20.4,187.2,270.8,167.0,250.0,61.0,64.0,18.5,34,16.0,30,15.5,31.0,16.0,33.0,4,10,8,10,SW,W,NNW,WSW,72.0,78,88,85,270,17508
3,Cuddalore,delux ponni,clay,75,37.5,dry,60,3,120,6,81.39,31.14,45,1800,19.6,20.4,187.2,270.8,167.0,250.0,61.0,64.0,18.5,34,16.0,30,15.5,31.0,16.0,33.0,4,10,8,10,SW,W,NNW,WSW,72.0,78,88,85,240,16836
6,Kallakurichi,ponmani,clay,150,75.0,wet,120,6,240,12,162.78,62.28,90,3600,18.5,21.5,185.2,272.8,165.3,251.7,60.0,65.0,19.0,33,17.0,32,16.5,31.5,15.5,32.5,8,6,8,6,W,WNW,SE,S,88.5,95,81,84,600,33030
3,Sankarapuram,CO_43,clay,75,37.5,dry,60,3,120,6,81.39,31.14,45,1800,18.1,21.9,185.6,272.4,166.1,250.9,60.2,64.8,20.5,32,17.5,28,18.0,34.0,16.5,35.0,10,12,10,12,SSE,W,SW,NW,72.7,91,83,81,270,17724
1,Chinnasalem,ponmani,alluvial,25,12.5,dry,20,1,40,2,27.13,10.38,15,600,18.1,21.9,185.6,272.4,166.1,250.9,60.2,64.8,18.0,31,15.5,34,15.0,33.0,15.0,31.5,6,6,8,10,E,ENE,NE,NNW,78.6,80,92,88,100,5873
4,Sankarapuram,delux ponni,clay,100,50.0,dry,80,4,160,8,108.52,41.52,60,2400,18.1,21.9,185.6,272.4,166.1,250.9,60.2,64.8,20.5,32,17.5,28,18.0,34.0,16.5,35.0,10,12,10,12,SSE,W,SW,NW,72.7,91,83,81,320,25244
1,Kurinjipadi,CO_43,clay,25,12.5,wet,20,1,40,2,27.13,10.38,15,600,19.6,20.4,187.2,270.8,167.0,250.0,61.0,64.0,19.5,34,18.5,35,17.0,32.5,16.0,30.5,10,4,10,6,NW,S,SE,SSE,64.6,85,84,87,90,5863
6,Kurinjipadi,delux ponni,clay,150,75.0,dry,120,6,240,12,162.78,62.28,90,3600,19.6,20.4,187.2,270.8,167.0,250.0,61.0,64.0,19.5,34,18.5,35,17.0,32.5,16.0,30.5,10,4,10,6,NW,S,SE,SSE,64.6,85,84,87,480,37134
4,Kallakurichi,ponmani,alluvial,100,50.0,dry,80,4,160,8,108.52,41.52,60,2400,18.5,21.5,185.2,272.8,165.3,251.7,60.0,65.0,19.0,33,17.0,32,16.5,31.5,15.5,32.5,8,6,8,6,W,WNW,SE,S,88.5,95,81,84,400,24908
3,Kallakurichi,ponmani,clay,75,37.5,dry,60,3,120,6,81.39,31.14,45,1800,18.5,21.5,185.2,272.8,165.3,251.7,60.0,65.0,19.0,33,17.0,32,16.5,31.5,15.5,32.5,8,6,8,6,W,WNW,SE,S,88.5,95,81,84,300,17619
4,Cuddalore,delux ponni,clay,100,50.0,wet,80,4,160,8,108.52,41.52,60,2400,19.6,20.4,187.2,270.8,167.0,250.0,61.0,64.0,18.5,34,16.0,30,15.5,31.0,16.0,33.0,4,10,8,10,SW,W,NNW,WSW,72.0,78,88,85,320,23076
5,Kallakurichi,delux ponni,alluvial,125,62.5,dry,100,5,200,10,135.65,51.9,75,3000,18.5,21.5,185.2,272.8,165.3,251.7,60.0,65.0,19.0,33,17.0,32,16.5,31.5,15.5,32.5,8,6,8,6,W,WNW,SE,S,88.5,95,81,84,400,31045
4,Sankarapuram,CO_43,alluvial,100,50.0,wet,80,4,160,8,108.52,41.52,60,2400,18.1,21.9,185.6,272.4,166.1,250.9,60.2,64.8,20.5,32,17.5,28,18.0,34.0,16.5,35.0,10,12,10,12,SSE,W,SW,NW,72.7,91,83,81,360,22020
1,Chinnasalem,delux ponni,clay,25,12.5,dry,20,1,40,2,27.13,10.38,15,600,18.1,21.9,185.6,272.4,166.1,250.9,60.2,64.8,18.0,31,15.5,34,15.0,33.0,15.0,31.5,6,6,8,10,E,ENE,NE,NNW,78.6,80,92,88,80,5463
1,Kurinjipadi,delux ponni,clay,25,12.5,dry,20,1,40,2,27.13,10.38,15,600,19.6,20.4,187.2,270.8,167.0,250.0,61.0,64.0,19.5,34,18.5,35,17.0,32.5,16.0,30.5,10,4,10,6,NW,S,SE,SSE,64.6,85,84,87,80,5916
2,Cuddalore,ponmani,alluvial,50,25.0,dry,40,2,80,4,54.26,20.76,30,1200,19.6,20.4,187.2,270.8,167.0,250.0,61.0,64.0,18.5,34,16.0,30,15.5,31.0,16.0,33.0,4,10,8,10,SW,W,NNW,WSW,72.0,78,88,85,200,10926
3,Kallakurichi,CO_43,alluvial,75,37.5,wet,60,3,120,6,81.39,31.14,45,1800,18.5,21.5,185.2,272.8,165.3,251.7,60.0,65.0,19.0,33,17.0,32,16.5,31.5,15.5,32.5,8,6,8,6,W,WNW,SE,S,88.5,95,81,84,270,17508
4,Sankarapuram,ponmani,clay,100,50.0,wet,80,4,160,8,108.52,41.52,60,2400,18.1,21.9,185.6,272.4,166.1,250.9,60.2,64.8,20.5,32,17.5,28,18.0,34.0,16.5,35.0,10,12,10,12,SSE,W,SW,NW,72.7,91,83,81,400,25876
4,Kallakurichi,CO_43,alluvial,100,50.0,wet,80,4,160,8,108.52,41.52,60,2400,18.5,21.5,185.2,272.8,165.3,251.7,60.0,65.0,19.0,33,17.0,32,16.5,31.5,15.5,32.5,8,6,8,6,W,WNW,SE,S,88.5,95,81,84,360,25452
4,Chinnasalem,ponmani,clay,100,50.0,wet,80,4,160,8,108.52,41.52,60,2400,18.1,21.9,185.6,272.4,166.1,250.9,60.2,64.8,18.0,31,15.5,34,15.0,33.0,15.0,31.5,6,6,8,10,E,ENE,NE,NNW,78.6,80,92,88,400,25448
5,Panruti,CO_43,alluvial,125,62.5,wet,100,5,200,10,135.65,51.9,75,3000,18.5,21.5,185.2,272.8,165.3,251.7,60.0,65.0,20.0,35,18.0,30,17.5,33.5,18.0,33.0,4,12,4,12,ENE,NE,NNE,W,85.0,96,84,79,450,29180
5,Kurinjipadi,CO_43,clay,125,62.5,wet,100,5,200,10,135.65,51.9,75,3000,19.6,20.4,187.2,270.8,167.0,250.0,61.0,64.0,19.5,34,18.5,35,17.0,32.5,16.0,30.5,10,4,10,6,NW,S,SE,SSE,64.6,85,84,87,450,30250
3,Kurinjipadi,CO_43,alluvial,75,37.5,dry,60,3,120,6,81.39,31.14,45,1800,19.6,20.4,187.2,270.8,167.0,250.0,61.0,64.0,19.5,34,18.5,35,17.0,32.5,16.0,30.5,10,4,10,6,NW,S,SE,SSE,64.6,85,84,87,270,17589
4,Sankarapuram,delux ponni,clay,100,50.0,dry,80,4,160,8,108.52,41.52,60,2400,18.1,21.9,185.6,272.4,166.1,250.9,60.2,64.8,20.5,32,17.5,28,18.0,34.0,16.5,35.0,10,12,10,12,SSE,W,SW,NW,72.7,91,83,81,320,21640
4,Panruti,ponmani,clay,100,50.0,wet,80,4,160,8,108.52,41.52,60,2400,18.5,21.5,185.2,272.8,165.3,251.7,60.0,65.0,20.0,35,18.0,30,17.5,33.5,18.0,33.0,4,12,4,12,ENE,NE,NNE,W,85.0,96,84,79,400,23996
3,Cuddalore,ponmani,clay,75,37.5,dry,60,3,120,6,81.39,31.14,45,1800,19.6,20.4,187.2,270.8,167.0,250.0,61.0,64.0,18.5,34,16.0,30,15.5,31.0,16.0,33.0,4,10,8,10,SW,W,NNW,WSW,72.0,78,88,85,300,16389
4,Sankarapuram,ponmani,alluvial,100,50.0,wet,80,4,160,8,108.52,41.52,60,2400,18.1,21.9,185.6,272.4,166.1,250.9,60.2,64.8,20.5,32,17.5,28,18.0,34.0,16.5,35.0,10,12,10,12,SSE,W,SW,NW,72.7,91,83,81,400,23680
3,Kallakurichi,ponmani,clay,75,37.5,wet,60,3,120,6,81.39,31.14,45,1800,18.5,21.5,185.2,272.8,165.3,251.7,60.0,65.0,19.0,33,17.0,32,16.5,31.5,15.5,32.5,8,6,8,6,W,WNW,SE,S,88.5,95,81,84,300,17178
1,Sankarapuram,ponmani,clay,25,12.5,dry,20,1,40,2,27.13,10.38,15,600,18.1,21.9,185.6,272.4,166.1,250.9,60.2,64.8,20.5,32,17.5,28,18.0,34.0,16.5,35.0,10,12,10,12,SSE,W,SW,NW,72.7,91,83,81,100,5723
3,Cuddalore,delux ponni,clay,75,37.5,dry,60,3,120,6,81.39,31.14,45,1800,19.6,20.4,187.2,270.8,167.0,250.0,61.0,64.0,18.5,34,16.0,30,15.5,31.0,16.0,33.0,4,10,8,10,SW,W,NNW,WSW,72.0,78,88,85,240,16359
3,Cuddalore,delux ponni,alluvial,75,37.5,dry,60,3,120,6,81.39,31.14,45,1800,19.6,20.4,187.2,270.8,167.0,250.0,61.0,64.0,18.5,34,16.0,30,15.5,31.0,16.0,33.0,4,10,8,10,SW,W,NNW,WSW,72.0,78,88,85,240,17301
5,Panruti,delux ponni,clay,125,62.5,dry,100,5,200,10,135.65,51.9,75,3000,18.5,21.5,185.2,272.8,165.3,251.7,60.0,65.0,20.0,35,18.0,30,17.5,33.5,18.0,33.0,4,12,4,12,ENE,NE,NNE,W,85.0,96,84,79,400,31135
6,Sankarapuram,CO_43,clay,150,75.0,wet,120,6,240,12,162.78,62.28,90,3600,18.1,21.9,185.6,272.4,166.1,250.9,60.2,64.8,20.5,32,17.5,28,18.0,34.0,16.5,35.0,10,12,10,12,SSE,W,SW,NW,72.7,91,83,81,540,37866
5,Sankarapuram,delux ponni,clay,125,62.5,wet,100,5,200,10,135.65,51.9,75,3000,18.1,21.9,185.6,272.4,166.1,250.9,60.2,64.8,20.5,32,17.5,28,18.0,34.0,16.5,35.0,10,12,10,12,SSE,W,SW,NW,72.7,91,83,81,400,31035
5,Cuddalore,CO_43,alluvial,125,62.5,wet,100,5,200,10,135.65,51.9,75,3000,19.6,20.4,187.2,270.8,167.0,250.0,61.0,64.0,18.5,34,16.0,30,15.5,31.0,16.0,33.0,4,10,8,10,SW,W,NNW,WSW,72.0,78,88,85,450,31555
2,Kallakurichi,ponmani,alluvial,50,25.0,dry,40,2,80,4,54.26,20.76,30,1200,18.5,21.5,185.2,272.8,165.3,251.7,60.0,65.0,19.0,33,17.0,32,16.5,31.5,15.5,32.5,8,6,8,6,W,WNW,SE,S,88.5,95,81,84,200,11040
5,Kurinjipadi,delux ponni,alluvial,125,62.5,dry,100,5,200,10,135.65,51.9,75,3000,19.6,20.4,187.2,270.8,167.0,250.0,61.0,64.0,19.5,34,18.5,35,17.0,32.5,16.0,30.5,10,4,10,6,NW,S,SE,SSE,64.6,85,84,87,400,31400
2,Cuddalore,delux ponni,clay,50,25.0,wet,40,2,80,4,54.26,20.76,30,1200,19.6,20.4,187.2,270.8,167.0,250.0,61.0,64.0,18.5,34,16.0,30,15.5,31.0,16.0,33.0,4,10,8,10,SW,W,NNW,WSW,72.0,78,88,85,160,10926
6,Kurinjipadi,ponmani,alluvial,150,75.0,dry,120,6,240,12,162.78,62.28,90,3600,19.6,20.4,187.2,270.8,167.0,250.0,61.0,64.0,19.5,34,18.5,35,17.0,32.5,16.0,30.5,10,4,10,6,NW,S,SE,SSE,64.6,85,84,87,600,34518
5,Kurinjipadi,delux ponni,alluvial,125,62.5,wet,100,5,200,10,135.65,51.9,75,3000,19.6,20.4,187.2,270.8,167.0,250.0,61.0,64.0,19.5,34,18.5,35,17.0,32.5,16.0,30.5,10,4,10,6,NW,S,SE,SSE,64.6,85,84,87,400,31535
4,Kurinjipadi,ponmani,alluvial,100,50.0,wet,80,4,160,8,108.52,41.52,60,2400,19.6,20.4,187.2,270.8,167.0,250.0,61.0,64.0,19.5,34,18.5,35,17.0,32.5,16.0,30.5,10,4,10,6,NW,S,SE,SSE,64.6,85,84,87,400,24284
2,Panruti,ponmani,alluvial,50,25.0,wet,40,2,80,4,54.26,20.76,30,1200,18.5,21.5,185.2,272.8,165.3,251.7,60.0,65.0,20.0,35,18.0,30,17.5,33.5,18.0,33.0,4,12,4,12,ENE,NE,NNE,W,85.0,96,84,79,200,11446
5,Sankarapuram,CO_43,alluvial,125,62.5,wet,100,5,200,10,135.65,51.9,75,3000,18.1,21.9,185.6,272.4,166.1,250.9,60.2,64.8,20.5,32,17.5,28,18.0,34.0,16.5,35.0,10,12,10,12,SSE,W,SW,NW,72.7,91,83,81,450,30075
1,Panruti,CO_43,alluvial,25,12.5,wet,20,1,40,2,27.13,10.38,15,600,18.5,21.5,185.2,272.8,165.3,251.7,60.0,65.0,20.0,35,18.0,30,17.5,33.5,18.0,33.0,4,12,4,12,ENE,NE,NNE,W,85.0,96,84,79,90,5723
3,Kurinjipadi,ponmani,alluvial,75,37.5,wet,60,3,120,6,81.39,31.14,45,1800,19.6,20.4,187.2,270.8,167.0,250.0,61.0,64.0,19.5,34,18.5,35,17.0,32.5,16.0,30.5,10,4,10,6,NW,S,SE,SSE,64.6,85,84,87,300,17169
4,Panruti,delux ponni,alluvial,100,50.0,wet,80,4,160,8,108.52,41.52,60,2400,18.5,21.5,185.2,272.8,165.3,251.7,60.0,65.0,20.0,35,18.0,30,17.5,33.5,18.0,33.0,4,12,4,12,ENE,NE,NNE,W,85.0,96,84,79,320,24200
4,Cuddalore,ponmani,clay,100,50.0,dry,80,4,160,8,108.52,41.52,60,2400,19.6,20.4,187.2,270.8,167.0,250.0,61.0,64.0,18.5,34,16.0,30,15.5,31.0,16.0,33.0,4,10,8,10,SW,W,NNW,WSW,72.0,78,88,85,400,23532
3,Cuddalore,ponmani,clay,75,37.5,dry,60,3,120,6,81.39,31.14,45,1800,19.6,20.4,187.2,270.8,167.0,250.0,61.0,64.0,18.5,34,16.0,30,15.5,31.0,16.0,33.0,4,10,8,10,SW,W,NNW,WSW,72.0,78,88,85,300,17619
1,Sankarapuram,CO_43,clay,25,12.5,wet,20,1,40,2,27.13,10.38,15,600,18.1,21.9,185.6,272.4,166.1,250.9,60.2,64.8,20.5,32,17.5,28,18.0,34.0,16.5,35.0,10,12,10,12,SSE,W,SW,NW,72.7,91,83,81,90,5723
2,Cuddalore,ponmani,clay,50,25.0,wet,40,2,80,4,54.26,20.76,30,1200,19.6,20.4,187.2,270.8,167.0,250.0,61.0,64.0,18.5,34,16.0,30,15.5,31.0,16.0,33.0,4,10,8,10,SW,W,NNW,WSW,72.0,78,88,85,200,11126
2,Kurinjipadi,ponmani,clay,50,25.0,wet,40,2,80,4,54.26,20.76,30,1200,19.6,20.4,187.2,270.8,167.0,250.0,61.0,64.0,19.5,34,18.5,35,17.0,32.5,16.0,30.5,10,4,10,6,NW,S,SE,SSE,64.6,85,84,87,200,11710
5,Kurinjipadi,ponmani,alluvial,125,62.5,dry,100,5,200,10,135.65,51.9,75,3000,19.6,20.4,187.2,270.8,167.0,250.0,61.0,64.0,19.5,34,18.5,35,17.0,32.5,16.0,30.5,10,4,10,6,NW,S,SE,SSE,64.6,85,84,87,500,31135
5,Sankarapuram,CO_43,alluvial,125,62.5,dry,100,5,200,10,135.65,51.9,75,3000,18.1,21.9,185.6,272.4,166.1,250.9,60.2,64.8,20.5,32,17.5,28,18.0,34.0,16.5,35.0,10,12,10,12,SSE,W,SW,NW,72.7,91,83,81,450,32050
5,Sankarapuram,delux ponni,alluvial,125,62.5,wet,100,5,200,10,135.65,51.9,75,3000,18.1,21.9,185.6,272.4,166.1,250.9,60.2,64.8,20.5,32,17.5,28,18.0,34.0,16.5,35.0,10,12,10,12,SSE,W,SW,NW,72.7,91,83,81,400,30460
5,Chinnasalem,ponmani,alluvial,125,62.5,dry,100,5,200,10,135.65,51.9,75,3000,18.1,21.9,185.6,272.4,166.1,250.9,60.2,64.8,18.0,31,15.5,34,15.0,33.0,15.0,31.5,6,6,8,10,E,ENE,NE,NNW,78.6,80,92,88,500,31400
3,Panruti,CO_43,alluvial,75,37.5,wet,60,3,120,6,81.39,31.14,45,1800,18.5,21.5,185.2,272.8,165.3,251.7,60.0,65.0,20.0,35,18.0,30,17.5,33.5,18.0,33.0,4,12,4,12,ENE,NE,NNE,W,85.0,96,84,79,270,16884
5,Sankarapuram,delux ponni,clay,125,62.5,wet,100,5,200,10,135.65,51.9,75,3000,18.1,21.9,185.6,272.4,166.1,250.9,60.2,64.8,20.5,32,17.5,28,18.0,34.0,16.5,35.0,10,12,10,12,SSE,W,SW,NW,72.7,91,83,81,400,31135
4,Sankarapuram,delux ponni,clay,100,50.0,dry,80,4,160,8,108.52,41.52,60,2400,18.1,21.9,185.6,272.4,166.1,250.9,60.2,64.8,20.5,32,17.5,28,18.0,34.0,16.5,35.0,10,12,10,12,SSE,W,SW,NW,72.7,91,83,81,320,24772
4,Panruti,CO_43,clay,100,50.0,wet,80,4,160,8,108.52,41.52,60,2400,18.5,21.5,185.2,272.8,165.3,251.7,60.0,65.0,20.0,35,18.0,30,17.5,33.5,18.0,33.0,4,12,4,12,ENE,NE,NNE,W,85.0,96,84,79,360,25640
1,Sankarapuram,CO_43,alluvial,25,12.5,wet,20,1,40,2,27.13,10.38,15,600,18.1,21.9,185.6,272.4,166.1,250.9,60.2,64.8,20.5,32,17.5,28,18.0,34.0,16.5,35.0,10,12,10,12,SSE,W,SW,NW,72.7,91,83,81,90,5836
5,Kurinjipadi,ponmani,clay,125,62.5,dry,100,5,200,10,135.65,51.9,75,3000,19.6,20.4,187.2,270.8,167.0,250.0,61.0,64.0,19.5,34,18.5,35,17.0,32.5,16.0,30.5,10,4,10,6,NW,S,SE,SSE,64.6,85,84,87,500,31535
5,Sankarapuram,delux ponni,alluvial,125,62.5,wet,100,5,200,10,135.65,51.9,75,3000,18.1,21.9,185.6,272.4,166.1,250.9,60.2,64.8,20.5,32,17.5,28,18.0,34.0,16.5,35.0,10,12,10,12,SSE,W,SW,NW,72.7,91,83,81,400,31815
5,Sankarapuram,delux ponni,alluvial,125,62.5,wet,100,5,200,10,135.65,51.9,75,3000,18.1,21.9,185.6,272.4,166.1,250.9,60.2,64.8,20.5,32,17.5,28,18.0,34.0,16.5,35.0,10,12,10,12,SSE,W,SW,NW,72.7,91,83,81,400,31045
4,Chinnasalem,delux ponni,alluvial,100,50.0,dry,80,4,160,8,108.52,41.52,60,2400,18.1,21.9,185.6,272.4,166.1,250.9,60.2,64.8,18.0,31,15.5,34,15.0,33.0,15.0,31.5,6,6,8,10,E,ENE,NE,NNW,78.6,80,92,88,320,22576
5,Kurinjipadi,CO_43,clay,125,62.5,dry,100,5,200,10,135.65,51.9,75,3000,19.6,20.4,187.2,270.8,167.0,250.0,61.0,64.0,19.5,34,18.5,35,17.0,32.5,16.0,30.5,10,4,10,6,NW,S,SE,SSE,64.6,85,84,87,450,31920
5,Kurinjipadi,delux ponni,clay,125,62.5,wet,100,5,200,10,135.65,51.9,75,3000,19.6,20.4,187.2,270.8,167.0,250.0,61.0,64.0,19.5,34,18.5,35,17.0,32.5,16.0,30.5,10,4,10,6,NW,S,SE,SSE,64.6,85,84,87,400,31400
2,Cuddalore,delux ponni,clay,50,25.0,wet,40,2,80,4,54.26,20.76,30,1200,19.6,20.4,187.2,270.8,167.0,250.0,61.0,64.0,18.5,34,16.0,30,15.5,31.0,16.0,33.0,4,10,8,10,SW,W,NNW,WSW,72.0,78,88,85,160,11540
3,Panruti,ponmani,alluvial,75,37.5,wet,60,3,120,6,81.39,31.14,45,1800,18.5,21.5,185.2,272.8,165.3,251.7,60.0,65.0,20.0,35,18.0,30,17.5,33.5,18.0,33.0,4,12,4,12,ENE,NE,NNE,W,85.0,96,84,79,300,16389
2,Sankarapuram,delux ponni,alluvial,50,25.0,wet,40,2,80,4,54.26,20.76,30,1200,18.1,21.9,185.6,272.4,166.1,250.9,60.2,64.8,20.5,32,17.5,28,18.0,34.0,16.5,35.0,10,12,10,12,SSE,W,SW,NW,72.7,91,83,81,160,11446
6,Kallakurichi,CO_43,alluvial,150,75.0,wet,120,6,240,12,162.78,62.28,90,3600,18.5,21.5,185.2,272.8,165.3,251.7,60.0,65.0,19.0,33,17.0,32,16.5,31.5,15.5,32.5,8,6,8,6,W,WNW,SE,S,88.5,95,81,84,540,36648
2,Kurinjipadi,ponmani,clay,50,25.0,dry,40,2,80,4,54.26,20.76,30,1200,19.6,20.4,187.2,270.8,167.0,250.0,61.0,64.0,19.5,34,18.5,35,17.0,32.5,16.0,30.5,10,4,10,6,NW,S,SE,SSE,64.6,85,84,87,200,11938
1,Cuddalore,ponmani,clay,25,12.5,dry,20,1,40,2,27.13,10.38,15,600,19.6,20.4,187.2,270.8,167.0,250.0,61.0,64.0,18.5,34,16.0,30,15.5,31.0,16.0,33.0,4,10,8,10,SW,W,NNW,WSW,72.0,78,88,85,100,5883
1,Sankarapuram,ponmani,clay,25,12.5,dry,20,1,40,2,27.13,10.38,15,600,18.1,21.9,185.6,272.4,166.1,250.9,60.2,64.8,20.5,32,17.5,28,18.0,34.0,16.5,35.0,10,12,10,12,SSE,W,SW,NW,72.7,91,83,81,100,5463
6,Kurinjipadi,delux ponni,alluvial,150,75.0,wet,120,6,240,12,162.78,62.28,90,3600,19.6,20.4,187.2,270.8,167.0,250.0,61.0,64.0,19.5,34,18.5,35,17.0,32.5,16.0,30.5,10,4,10,6,NW,S,SE,SSE,64.6,85,84,87,480,38424
5,Chinnasalem,ponmani,alluvial,125,62.5,dry,100,5,200,10,135.65,51.9,75,3000,18.1,21.9,185.6,272.4,166.1,250.9,60.2,64.8,18.0,31,15.5,34,15.0,33.0,15.0,31.5,6,6,8,10,E,ENE,NE,NNW,78.6,80,92,88,500,31555
3,Chinnasalem,CO_43,clay,75,37.5,wet,60,3,120,6,81.39,31.14,45,1800,18.1,21.9,185.6,272.4,166.1,250.9,60.2,64.8,18.0,31,15.5,34,15.0,33.0,15.0,31.5,6,6,8,10,E,ENE,NE,NNW,78.6,80,92,88,270,17748
1,Cuddalore,delux ponni,clay,25,12.5,wet,20,1,40,2,27.13,10.38,15,600,19.6,20.4,187.2,270.8,167.0,250.0,61.0,64.0,18.5,34,16.0,30,15.5,31.0,16.0,33.0,4,10,8,10,SW,W,NNW,WSW,72.0,78,88,85,80,5836
5,Cuddalore,ponmani,alluvial,125,62.5,wet,100,5,200,10,135.65,51.9,75,3000,19.6,20.4,187.2,270.8,167.0,250.0,61.0,64.0,18.5,34,16.0,30,15.5,31.0,16.0,33.0,4,10,8,10,SW,W,NNW,WSW,72.0,78,88,85,500,32050
5,Kurinjipadi,CO_43,clay,125,62.5,dry,100,5,200,10,135.65,51.9,75,3000,19.6,20.4,187.2,270.8,167.0,250.0,61.0,64.0,19.5,34,18.5,35,17.0,32.5,16.0,30.5,10,4,10,6,NW,S,SE,SSE,64.6,85,84,87,450,30075
3,Cuddalore,delux ponni,alluvial,75,37.5,dry,60,3,120,6,81.39,31.14,45,1800,19.6,20.4,187.2,270.8,167.0,250.0,61.0,64.0,18.5,34,16.0,30,15.5,31.0,16.0,33.0,4,10,8,10,SW,W,NNW,WSW,72.0,78,88,85,240,17169
5,Sankarapuram,delux ponni,clay,125,62.5,dry,100,5,200,10,135.65,51.9,75,3000,18.1,21.9,185.6,272.4,166.1,250.9,60.2,64.8,20.5,32,17.5,28,18.0,34.0,16.5,35.0,10,12,10,12,SSE,W,SW,NW,72.7,91,83,81,400,32080
4,Cuddalore,CO_43,alluvial,100,50.0,wet,80,4,160,8,108.52,41.52,60,2400,19.6,20.4,187.2,270.8,167.0,250.0,61.0,64.0,18.5,34,16.0,30,15.5,31.0,16.0,33.0,4,10,8,10,SW,W,NNW,WSW,72.0,78,88,85,360,25640
2,Sankarapuram,delux ponni,alluvial,50,25.0,wet,40,2,80,4,54.26,20.76,30,1200,18.1,21.9,185.6,272.4,166.1,250.9,60.2,64.8,20.5,32,17.5,28,18.0,34.0,16.5,35.0,10,12,10,12,SSE,W,SW,NW,72.7,91,83,81,160,10926
3,Sankarapuram,ponmani,clay,75,37.5,wet,60,3,120,6,81.39,31.14,45,1800,18.1,21.9,185.6,272.4,166.1,250.9,60.2,64.8,20.5,32,17.5,28,18.0,34.0,16.5,35.0,10,12,10,12,SSE,W,SW,NW,72.7,91,83,81,300,17508
4,Kallakurichi,delux ponni,clay,100,50.0,dry,80,4,160,8,108.52,41.52,60,2400,18.5,21.5,185.2,272.8,165.3,251.7,60.0,65.0,19.0,33,17.0,32,16.5,31.5,15.5,32.5,8,6,8,6,W,WNW,SE,S,88.5,95,81,84,320,25876
4,Sankarapuram,delux ponni,clay,100,50.0,dry,80,4,160,8,108.52,41.52,60,2400,18.1,21.9,185.6,272.4,166.1,250.9,60.2,64.8,20.5,32,17.5,28,18.0,34.0,16.5,35.0,10,12,10,12,SSE,W,SW,NW,72.7,91,83,81,320,23704
3,Kurinjipadi,CO_43,alluvial,75,37.5,dry,60,3,120,6,81.39,31.14,45,1800,19.6,20.4,187.2,270.8,167.0,250.0,61.0,64.0,19.5,34,18.5,35,17.0,32.5,16.0,30.5,10,4,10,6,NW,S,SE,SSE,64.6,85,84,87,270,17748
5,Chinnasalem,CO_43,clay,125,62.5,dry,100,5,200,10,135.65,51.9,75,3000,18.1,21.9,185.6,272.4,166.1,250.9,60.2,64.8,18.0,31,15.5,34,15.0,33.0,15.0,31.5,6,6,8,10,E,ENE,NE,NNW,78.6,80,92,88,450,31815
5,Kallakurichi,CO_43,clay,125,62.5,wet,100,5,200,10,135.65,51.9,75,3000,18.5,21.5,185.2,272.8,165.3,251.7,60.0,65.0,19.0,33,17.0,32,16.5,31.5,15.5,32.5,8,6,8,6,W,WNW,SE,S,88.5,95,81,84,450,31555
6,Sankarapuram,delux ponni,clay,150,75.0,dry,120,6,240,12,162.78,62.28,90,3600,18.1,21.9,185.6,272.4,166.1,250.9,60.2,64.8,20.5,32,17.5,28,18.0,34.0,16.5,35.0,10,12,10,12,SSE,W,SW,NW,72.7,91,83,81,480,36954
4,Chinnasalem,delux ponni,alluvial,100,50.0,wet,80,4,160,8,108.52,41.52,60,2400,18.1,21.9,185.6,272.4,166.1,250.9,60.2,64.8,18.0,31,15.5,34,15.0,33.0,15.0,31.5,6,6,8,10,E,ENE,NE,NNW,78.6,80,92,88,320,25120
3,Kallakurichi,ponmani,clay,75,37.5,dry,60,3,120,6,81.39,31.14,45,1800,18.5,21.5,185.2,272.8,165.3,251.7,60.0,65.0,19.0,33,17.0,32,16.5,31.5,15.5,32.5,8,6,8,6,W,WNW,SE,S,88.5,95,81,84,300,17649
3,Kallakurichi,ponmani,alluvial,75,37.5,dry,60,3,120,6,81.39,31.14,45,1800,18.5,21.5,185.2,272.8,165.3,251.7,60.0,65.0,19.0,33,17.0,32,16.5,31.5,15.5,32.5,8,6,8,6,W,WNW,SE,S,88.5,95,81,84,300,17724
1,Panruti,ponmani,clay,25,12.5,dry,20,1,40,2,27.13,10.38,15,600,18.5,21.5,185.2,272.8,165.3,251.7,60.0,65.0,20.0,35,18.0,30,17.5,33.5,18.0,33.0,4,12,4,12,ENE,NE,NNE,W,85.0,96,84,79,100,5463
4,Chinnasalem,delux ponni,alluvial,100,50.0,dry,80,4,160,8,108.52,41.52,60,2400,18.1,21.9,185.6,272.4,166.1,250.9,60.2,64.8,18.0,31,15.5,34,15.0,33.0,15.0,31.5,6,6,8,10,E,ENE,NE,NNW,78.6,80,92,88,320,24724
5,Panruti,CO_43,alluvial,125,62.5,wet,100,5,200,10,135.65,51.9,75,3000,18.5,21.5,185.2,272.8,165.3,251.7,60.0,65.0,20.0,35,18.0,30,17.5,33.5,18.0,33.0,4,12,4,12,ENE,NE,NNE,W,85.0,96,84,79,450,31555
1,Cuddalore,ponmani,alluvial,25,12.5,dry,20,1,40,2,27.13,10.38,15,600,19.6,20.4,187.2,270.8,167.0,250.0,61.0,64.0,18.5,34,16.0,30,15.5,31.0,16.0,33.0,4,10,8,10,SW,W,NNW,WSW,72.0,78,88,85,100,5410
6,Cuddalore,CO_43,clay,150,75.0,dry,120,6,240,12,162.78,62.28,90,3600,19.6,20.4,187.2,270.8,167.0,250.0,61.0,64.0,18.5,34,16.0,30,15.5,31.0,16.0,33.0,4,10,8,10,SW,W,NNW,WSW,72.0,78,88,85,540,35280
3,Panruti,delux ponni,clay,75,37.5,dry,60,3,120,6,81.39,31.14,45,1800,18.5,21.5,185.2,272.8,165.3,251.7,60.0,65.0,20.0,35,18.0,30,17.5,33.5,18.0,33.0,4,12,4,12,ENE,NE,NNE,W,85.0,96,84,79,240,17619
1,Chinnasalem,ponmani,clay,25,12.5,wet,20,1,40,2,27.13,10.38,15,600,18.1,21.9,185.6,272.4,166.1,250.9,60.2,64.8,18.0,31,15.5,34,15.0,33.0,15.0,31.5,6,6,8,10,E,ENE,NE,NNW,78.6,80,92,88,100,5855
2,Kurinjipadi,CO_43,clay,50,25.0,dry,40,2,80,4,54.26,20.76,30,1200,19.6,20.4,187.2,270.8,167.0,250.0,61.0,64.0,19.5,34,18.5,35,17.0,32.5,16.0,30.5,10,4,10,6,NW,S,SE,SSE,64.6,85,84,87,180,11054
6,Kurinjipadi,ponmani,clay,150,75.0,dry,120,6,240,12,162.78,62.28,90,3600,19.6,20.4,187.2,270.8,167.0,250.0,61.0,64.0,19.5,34,18.5,35,17.0,32.5,16.0,30.5,10,4,10,6,NW,S,SE,SSE,64.6,85,84,87,600,38508
1,Chinnasalem,delux ponni,clay,25,12.5,dry,20,1,40,2,27.13,10.38,15,600,18.1,21.9,185.6,272.4,166.1,250.9,60.2,64.8,18.0,31,15.5,34,15.0,33.0,15.0,31.5,6,6,8,10,E,ENE,NE,NNW,78.6,80,92,88,80,5873
4,Cuddalore,ponmani,clay,100,50.0,dry,80,4,160,8,108.52,41.52,60,2400,19.6,20.4,187.2,270.8,167.0,250.0,61.0,64.0,18.5,34,16.0,30,15.5,31.0,16.0,33.0,4,10,8,10,SW,W,NNW,WSW,72.0,78,88,85,400,22320
4,Panruti,CO_43,alluvial,100,50.0,dry,80,4,160,8,108.52,41.52,60,2400,18.5,21.5,185.2,272.8,165.3,251.7,60.0,65.0,20.0,35,18.0,30,17.5,33.5,18.0,33.0,4,12,4,12,ENE,NE,NNE,W,85.0,96,84,79,360,25120
5,Sankarapuram,delux ponni,clay,125,62.5,dry,100,5,200,10,135.65,51.9,75,3000,18.1,21.9,185.6,272.4,166.1,250.9,60.2,64.8,20.5,32,17.5,28,18.0,34.0,16.5,35.0,10,12,10,12,SSE,W,SW,NW,72.7,91,83,81,400,30250
5,Kallakurichi,CO_43,clay,125,62.5,dry,100,5,200,10,135.65,51.9,75,3000,18.5,21.5,185.2,272.8,165.3,251.7,60.0,65.0,19.0,33,17.0,32,16.5,31.5,15.5,32.5,8,6,8,6,W,WNW,SE,S,88.5,95,81,84,450,31535
5,Cuddalore,delux ponni,alluvial,125,62.5,dry,100,5,200,10,135.65,51.9,75,3000,19.6,20.4,187.2,270.8,167.0,250.0,61.0,64.0,18.5,34,16.0,30,15.5,31.0,16.0,33.0,4,10,8,10,SW,W,NNW,WSW,72.0,78,88,85,400,31135
3,Panruti,ponmani,clay,75,37.5,dry,60,3,120,6,81.39,31.14,45,1800,18.5,21.5,185.2,272.8,165.3,251.7,60.0,65.0,20.0,35,18.0,30,17.5,33.5,18.0,33.0,4,12,4,12,ENE,NE,NNE,W,85.0,96,84,79,300,16362
4,Chinnasalem,ponmani,clay,100,50.0,wet,80,4,160,8,108.52,41.52,60,2400,18.1,21.9,185.6,272.4,166.1,250.9,60.2,64.8,18.0,31,15.5,34,15.0,33.0,15.0,31.5,6,6,8,10,E,ENE,NE,NNW,78.6,80,92,88,400,24060
4,Sankarapuram,ponmani,clay,100,50.0,wet,80,4,160,8,108.52,41.52,60,2400,18.1,21.9,185.6,272.4,166.1,250.9,60.2,64.8,20.5,32,17.5,28,18.0,34.0,16.5,35.0,10,12,10,12,SSE,W,SW,NW,72.7,91,83,81,400,24908
3,Sankarapuram,ponmani,alluvial,75,37.5,dry,60,3,120,6,81.39,31.14,45,1800,18.1,21.9,185.6,272.4,166.1,250.9,60.2,64.8,20.5,32,17.5,28,18.0,34.0,16.5,35.0,10,12,10,12,SSE,W,SW,NW,72.7,91,83,81,300,16359
6,Chinnasalem,ponmani,clay,150,75.0,dry,120,6,240,12,162.78,62.28,90,3600,18.1,21.9,185.6,272.4,166.1,250.9,60.2,64.8,18.0,31,15.5,34,15.0,33.0,15.0,31.5,6,6,8,10,E,ENE,NE,NNW,78.6,80,92,88,600,33666
3,Sankarapuram,ponmani,alluvial,75,37.5,dry,60,3,120,6,81.39,31.14,45,1800,18.1,21.9,185.6,272.4,166.1,250.9,60.2,64.8,20.5,32,17.5,28,18.0,34.0,16.5,35.0,10,12,10,12,SSE,W,SW,NW,72.7,91,83,81,300,16230
1,Kallakurichi,ponmani,alluvial,25,12.5,dry,20,1,40,2,27.13,10.38,15,600,18.5,21.5,185.2,272.8,165.3,251.7,60.0,65.0,19.0,33,17.0,32,16.5,31.5,15.5,32.5,8,6,8,6,W,WNW,SE,S,88.5,95,81,84,100,5527
3,Kallakurichi,CO_43,alluvial,75,37.5,wet,60,3,120,6,81.39,31.14,45,1800,18.5,21.5,185.2,272.8,165.3,251.7,60.0,65.0,19.0,33,17.0,32,16.5,31.5,15.5,32.5,8,6,8,6,W,WNW,SE,S,88.5,95,81,84,270,17565
2,Chinnasalem,CO_43,alluvial,50,25.0,dry,40,2,80,4,54.26,20.76,30,1200,18.1,21.9,185.6,272.4,166.1,250.9,60.2,64.8,18.0,31,15.5,34,15.0,33.0,15.0,31.5,6,6,8,10,E,ENE,NE,NNW,78.6,80,92,88,180,11710
2,Panruti,delux ponni,clay,50,25.0,wet,40,2,80,4,54.26,20.76,30,1200,18.5,21.5,185.2,272.8,165.3,251.7,60.0,65.0,20.0,35,18.0,30,17.5,33.5,18.0,33.0,4,12,4,12,ENE,NE,NNE,W,85.0,96,84,79,160,11446
5,Cuddalore,ponmani,clay,125,62.5,dry,100,5,200,10,135.65,51.9,75,3000,19.6,20.4,187.2,270.8,167.0,250.0,61.0,64.0,18.5,34,16.0,30,15.5,31.0,16.0,33.0,4,10,8,10,SW,W,NNW,WSW,72.0,78,88,85,500,31555
1,Kallakurichi,ponmani,alluvial,25,12.5,dry,20,1,40,2,27.13,10.38,15,600,18.5,21.5,185.2,272.8,165.3,251.7,60.0,65.0,19.0,33,17.0,32,16.5,31.5,15.5,32.5,8,6,8,6,W,WNW,SE,S,88.5,95,81,84,100,5863
4,Kurinjipadi,ponmani,clay,100,50.0,wet,80,4,160,8,108.52,41.52,60,2400,19.6,20.4,187.2,270.8,167.0,250.0,61.0,64.0,19.5,34,18.5,35,17.0,32.5,16.0,30.5,10,4,10,6,NW,S,SE,SSE,64.6,85,84,87,400,25144
5,Cuddalore,CO_43,alluvial,125,62.5,wet,100,5,200,10,135.65,51.9,75,3000,19.6,20.4,187.2,270.8,167.0,250.0,61.0,64.0,18.5,34,16.0,30,15.5,31.0,16.0,33.0,4,10,8,10,SW,W,NNW,WSW,72.0,78,88,85,450,30250
2,Kurinjipadi,ponmani,clay,50,25.0,dry,40,2,80,4,54.26,20.76,30,1200,19.6,20.4,187.2,270.8,167.0,250.0,61.0,64.0,19.5,34,18.5,35,17.0,32.5,16.0,30.5,10,4,10,6,NW,S,SE,SSE,64.6,85,84,87,200,11766
2,Chinnasalem,CO_43,clay,50,25.0,wet,40,2,80,4,54.26,20.76,30,1200,18.1,21.9,185.6,272.4,166.1,250.9,60.2,64.8,18.0,31,15.5,34,15.0,33.0,15.0,31.5,6,6,8,10,E,ENE,NE,NNW,78.6,80,92,88,180,11446
5,Kurinjipadi,delux ponni,alluvial,125,62.5,wet,100,5,200,10,135.65,51.9,75,3000,19.6,20.4,187.2,270.8,167.0,250.0,61.0,64.0,19.5,34,18.5,35,17.0,32.5,16.0,30.5,10,4,10,6,NW,S,SE,SSE,64.6,85,84,87,400,31535
2,Chinnasalem,delux ponni,clay,50,25.0,dry,40,2,80,4,54.26,20.76,30,1200,18.1,21.9,185.6,272.4,166.1,250.9,60.2,64.8,18.0,31,15.5,34,15.0,33.0,15.0,31.5,6,6,8,10,E,ENE,NE,NNW,78.6,80,92,88,160,11224
3,Kallakurichi,CO_43,clay,75,37.5,wet,60,3,120,6,81.39,31.14,45,1800,18.5,21.5,185.2,272.8,165.3,251.7,60.0,65.0,19.0,33,17.0,32,16.5,31.5,15.5,32.5,8,6,8,6,W,WNW,SE,S,88.5,95,81,84,270,17169
4,Kurinjipadi,delux ponni,alluvial,100,50.0,wet,80,4,160,8,108.52,41.52,60,2400,19.6,20.4,187.2,270.8,167.0,250.0,61.0,64.0,19.5,34,18.5,35,17.0,32.5,16.0,30.5,10,4,10,6,NW,S,SE,SSE,64.6,85,84,87,320,24644
5,Kallakurichi,delux ponni,clay,125,62.5,dry,100,5,200,10,135.65,51.9,75,3000,18.5,21.5,185.2,272.8,165.3,251.7,60.0,65.0,19.0,33,17.0,32,16.5,31.5,15.5,32.5,8,6,8,6,W,WNW,SE,S,88.5,95,81,84,400,31135
5,Chinnasalem,ponmani,clay,125,62.5,dry,100,5,200,10,135.65,51.9,75,3000,18.1,21.9,185.6,272.4,166.1,250.9,60.2,64.8,18.0,31,15.5,34,15.0,33.0,15.0,31.5,6,6,8,10,E,ENE,NE,NNW,78.6,80,92,88,500,31920
6,Panruti,delux ponni,alluvial,150,75.0,dry,120,6,240,12,162.78,62.28,90,3600,18.5,21.5,185.2,272.8,165.3,251.7,60.0,65.0,20.0,35,18.0,30,17.5,33.5,18.0,33.0,4,12,4,12,ENE,NE,NNE,W,85.0,96,84,79,600,36300
5,Cuddalore,delux ponni,clay,125,62.5,dry,100,5,200,10,135.65,51.9,75,3000,19.6,20.4,187.2,270.8,167.0,250.0,61.0,64.0,18.5,34,16.0,30,15.5,31.0,16.0,33.0,4,10,8,10,SW,W,NNW,WSW,72.0,78,88,85,400,31400
2,Sankarapuram,delux ponni,clay,50,25.0,dry,40,2,80,4,54.26,20.76,30,1200,18.1,21.9,185.6,272.4,166.1,250.9,60.2,64.8,20.5,32,17.5,28,18.0,34.0,16.5,35.0,10,12,10,12,SSE,W,SW,NW,72.7,91,83,81,160,11074
5,Panruti,ponmani,clay,125,62.5,dry,100,5,200,10,135.65,51.9,75,3000,18.5,21.5,185.2,272.8,165.3,251.7,60.0,65.0,20.0,35,18.0,30,17.5,33.5,18.0,33.0,4,12,4,12,ENE,NE,NNE,W,85.0,96,84,79,500,30610
5,Sankarapuram,delux ponni,clay,125,62.5,wet,100,5,200,10,135.65,51.9,75,3000,18.1,21.9,185.6,272.4,166.1,250.9,60.2,64.8,20.5,32,17.5,28,18.0,34.0,16.5,35.0,10,12,10,12,SSE,W,SW,NW,72.7,91,83,81,400,31555
1,Sankarapuram,delux ponni,clay,25,12.5,wet,20,1,40,2,27.13,10.38,15,600,18.1,21.9,185.6,272.4,166.1,250.9,60.2,64.8,20.5,32,17.5,28,18.0,34.0,16.5,35.0,10,12,10,12,SSE,W,SW,NW,72.7,91,83,81,80,5873
4,Panruti,delux ponni,clay,100,50.0,dry,80,4,160,8,108.52,41.52,60,2400,18.5,21.5,185.2,272.8,165.3,251.7,60.0,65.0,20.0,35,18.0,30,17.5,33.5,18.0,33.0,4,12,4,12,ENE,NE,NNE,W,85.0,96,84,79,320,23532
2,Kurinjipadi,ponmani,clay,50,25.0,wet,40,2,80,4,54.26,20.76,30,1200,19.6,20.4,187.2,270.8,167.0,250.0,61.0,64.0,19.5,34,18.5,35,17.0,32.5,16.0,30.5,10,4,10,6,NW,S,SE,SSE,64.6,85,84,87,200,11816
5,Chinnasalem,ponmani,alluvial,125,62.5,dry,100,5,200,10,135.65,51.9,75,3000,18.1,21.9,185.6,272.4,166.1,250.9,60.2,64.8,18.0,31,15.5,34,15.0,33.0,15.0,31.5,6,6,8,10,E,ENE,NE,NNW,78.6,80,92,88,500,31135
4,Sankarapuram,delux ponni,clay,100,50.0,dry,80,4,160,8,108.52,41.52,60,2400,18.1,21.9,185.6,272.4,166.1,250.9,60.2,64.8,20.5,32,17.5,28,18.0,34.0,16.5,35.0,10,12,10,12,SSE,W,SW,NW,72.7,91,83,81,320,23976
6,Chinnasalem,ponmani,alluvial,150,75.0,dry,120,6,240,12,162.78,62.28,90,3600,18.1,21.9,185.6,272.4,166.1,250.9,60.2,64.8,18.0,31,15.5,34,15.0,33.0,15.0,31.5,6,6,8,10,E,ENE,NE,NNW,78.6,80,92,88,600,32460
5,Sankarapuram,delux ponni,alluvial,125,62.5,dry,100,5,200,10,135.65,51.9,75,3000,18.1,21.9,185.6,272.4,166.1,250.9,60.2,64.8,20.5,32,17.5,28,18.0,34.0,16.5,35.0,10,12,10,12,SSE,W,SW,NW,72.7,91,83,81,400,30075
5,Cuddalore,CO_43,clay,125,62.5,wet,100,5,200,10,135.65,51.9,75,3000,19.6,20.4,187.2,270.8,167.0,250.0,61.0,64.0,18.5,34,16.0,30,15.5,31.0,16.0,33.0,4,10,8,10,SW,W,NNW,WSW,72.0,78,88,85,450,30795
2,Sankarapuram,delux ponni,clay,50,25.0,wet,40,2,80,4,54.26,20.76,30,1200,18.1,21.9,185.6,272.4,166.1,250.9,60.2,64.8,20.5,32,17.5,28,18.0,34.0,16.5,35.0,10,12,10,12,SSE,W,SW,NW,72.7,91,83,81,160,10944
3,Kurinjipadi,ponmani,clay,75,37.5,dry,60,3,120,6,81.39,31.14,45,1800,19.6,20.4,187.2,270.8,167.0,250.0,61.0,64.0,19.5,34,18.5,35,17.0,32.5,16.0,30.5,10,4,10,6,NW,S,SE,SSE,64.6,85,84,87,300,17508
5,Kallakurichi,ponmani,alluvial,125,62.5,dry,100,5,200,10,135.65,51.9,75,3000,18.5,21.5,185.2,272.8,165.3,251.7,60.0,65.0,19.0,33,17.0,32,16.5,31.5,15.5,32.5,8,6,8,6,W,WNW,SE,S,88.5,95,81,84,500,32155
1,Kallakurichi,ponmani,clay,25,12.5,dry,20,1,40,2,27.13,10.38,15,600,18.5,21.5,185.2,272.8,165.3,251.7,60.0,65.0,19.0,33,17.0,32,16.5,31.5,15.5,32.5,8,6,8,6,W,WNW,SE,S,88.5,95,81,84,100,5492
2,Sankarapuram,ponmani,alluvial,50,25.0,dry,40,2,80,4,54.26,20.76,30,1200,18.1,21.9,185.6,272.4,166.1,250.9,60.2,64.8,20.5,32,17.5,28,18.0,34.0,16.5,35.0,10,12,10,12,SSE,W,SW,NW,72.7,91,83,81,200,10820
4,Kurinjipadi,CO_43,alluvial,100,50.0,wet,80,4,160,8,108.52,41.52,60,2400,19.6,20.4,187.2,270.8,167.0,250.0,61.0,64.0,19.5,34,18.5,35,17.0,32.5,16.0,30.5,10,4,10,6,NW,S,SE,SSE,64.6,85,84,87,360,25640
4,Kurinjipadi,ponmani,alluvial,100,50.0,wet,80,4,160,8,108.52,41.52,60,2400,19.6,20.4,187.2,270.8,167.0,250.0,61.0,64.0,19.5,34,18.5,35,17.0,32.5,16.0,30.5,10,4,10,6,NW,S,SE,SSE,64.6,85,84,87,400,23520
5,Kurinjipadi,ponmani,alluvial,125,62.5,dry,100,5,200,10,135.65,51.9,75,3000,19.6,20.4,187.2,270.8,167.0,250.0,61.0,64.0,19.5,34,18.5,35,17.0,32.5,16.0,30.5,10,4,10,6,NW,S,SE,SSE,64.6,85,84,87,500,27460
5,Sankarapuram,delux ponni,clay,125,62.5,dry,100,5,200,10,135.65,51.9,75,3000,18.1,21.9,185.6,272.4,166.1,250.9,60.2,64.8,20.5,32,17.5,28,18.0,34.0,16.5,35.0,10,12,10,12,SSE,W,SW,NW,72.7,91,83,81,400,32345
3,Kallakurichi,delux ponni,alluvial,75,37.5,dry,60,3,120,6,81.39,31.14,45,1800,18.5,21.5,185.2,272.8,165.3,251.7,60.0,65.0,19.0,33,17.0,32,16.5,31.5,15.5,32.5,8,6,8,6,W,WNW,SE,S,88.5,95,81,84,240,17508
3,Sankarapuram,CO_43,clay,75,37.5,dry,60,3,120,6,81.39,31.14,45,1800,18.1,21.9,185.6,272.4,166.1,250.9,60.2,64.8,20.5,32,17.5,28,18.0,34.0,16.5,35.0,10,12,10,12,SSE,W,SW,NW,72.7,91,83,81,270,17169
1,Panruti,CO_43,clay,25,12.5,wet,20,1,40,2,27.13,10.38,15,600,18.5,21.5,185.2,272.8,165.3,251.7,60.0,65.0,20.0,35,18.0,30,17.5,33.5,18.0,33.0,4,12,4,12,ENE,NE,NNE,W,85.0,96,84,79,90,5873
4,Panruti,CO_43,clay,100,50.0,dry,80,4,160,8,108.52,41.52,60,2400,18.5,21.5,185.2,272.8,165.3,251.7,60.0,65.0,20.0,35,18.0,30,17.5,33.5,18.0,33.0,4,12,4,12,ENE,NE,NNE,W,85.0,96,84,79,360,24908
2,Kallakurichi,CO_43,alluvial,50,25.0,dry,40,2,80,4,54.26,20.76,30,1200,18.5,21.5,185.2,272.8,165.3,251.7,60.0,65.0,19.0,33,17.0,32,16.5,31.5,15.5,32.5,8,6,8,6,W,WNW,SE,S,88.5,95,81,84,180,11672
5,Sankarapuram,delux ponni,clay,125,62.5,wet,100,5,200,10,135.65,51.9,75,3000,18.1,21.9,185.6,272.4,166.1,250.9,60.2,64.8,20.5,32,17.5,28,18.0,34.0,16.5,35.0,10,12,10,12,SSE,W,SW,NW,72.7,91,83,81,400,30575
5,Chinnasalem,delux ponni,alluvial,125,62.5,wet,100,5,200,10,135.65,51.9,75,3000,18.1,21.9,185.6,272.4,166.1,250.9,60.2,64.8,18.0,31,15.5,34,15.0,33.0,15.0,31.5,6,6,8,10,E,ENE,NE,NNW,78.6,80,92,88,400,30610
5,Kurinjipadi,ponmani,alluvial,125,62.5,wet,100,5,200,10,135.65,51.9,75,3000,19.6,20.4,187.2,270.8,167.0,250.0,61.0,64.0,19.5,34,18.5,35,17.0,32.5,16.0,30.5,10,4,10,6,NW,S,SE,SSE,64.6,85,84,87,500,31625
6,Sankarapuram,ponmani,clay,150,75.0,dry,120,6,240,12,162.78,62.28,90,3600,18.1,21.9,185.6,272.4,166.1,250.9,60.2,64.8,20.5,32,17.5,28,18.0,34.0,16.5,35.0,10,12,10,12,SSE,W,SW,NW,72.7,91,83,81,600,37716
2,Panruti,ponmani,clay,50,25.0,wet,40,2,80,4,54.26,20.76,30,1200,18.5,21.5,185.2,272.8,165.3,251.7,60.0,65.0,20.0,35,18.0,30,17.5,33.5,18.0,33.0,4,12,4,12,ENE,NE,NNE,W,85.0,96,84,79,200,11726
4,Cuddalore,ponmani,clay,100,50.0,wet,80,4,160,8,108.52,41.52,60,2400,19.6,20.4,187.2,270.8,167.0,250.0,61.0,64.0,18.5,34,16.0,30,15.5,31.0,16.0,33.0,4,10,8,10,SW,W,NNW,WSW,72.0,78,88,85,400,22892
4,Chinnasalem,delux ponni,clay,100,50.0,wet,80,4,160,8,108.52,41.52,60,2400,18.1,21.9,185.6,272.4,166.1,250.9,60.2,64.8,18.0,31,15.5,34,15.0,33.0,15.0,31.5,6,6,8,10,E,ENE,NE,NNW,78.6,80,92,88,320,25120
4,Sankarapuram,delux ponni,clay,100,50.0,dry,80,4,160,8,108.52,41.52,60,2400,18.1,21.9,185.6,272.4,166.1,250.9,60.2,64.8,20.5,32,17.5,28,18.0,34.0,16.5,35.0,10,12,10,12,SSE,W,SW,NW,72.7,91,83,81,320,23988
5,Panruti,ponmani,clay,125,62.5,wet,100,5,200,10,135.65,51.9,75,3000,18.5,21.5,185.2,272.8,165.3,251.7,60.0,65.0,20.0,35,18.0,30,17.5,33.5,18.0,33.0,4,12,4,12,ENE,NE,NNE,W,85.0,96,84,79,500,31555
4,Panruti,delux ponni,clay,100,50.0,wet,80,4,160,8,108.52,41.52,60,2400,18.5,21.5,185.2,272.8,165.3,251.7,60.0,65.0,20.0,35,18.0,30,17.5,33.5,18.0,33.0,4,12,4,12,ENE,NE,NNE,W,85.0,96,84,79,320,25244
4,Panruti,CO_43,alluvial,100,50.0,wet,80,4,160,8,108.52,41.52,60,2400,18.5,21.5,185.2,272.8,165.3,251.7,60.0,65.0,20.0,35,18.0,30,17.5,33.5,18.0,33.0,4,12,4,12,ENE,NE,NNE,W,85.0,96,84,79,360,24756
5,Chinnasalem,ponmani,alluvial,125,62.5,wet,100,5,200,10,135.65,51.9,75,3000,18.1,21.9,185.6,272.4,166.1,250.9,60.2,64.8,18.0,31,15.5,34,15.0,33.0,15.0,31.5,6,6,8,10,E,ENE,NE,NNW,78.6,80,92,88,500,30795
3,Kurinjipadi,ponmani,clay,75,37.5,dry,60,3,120,6,81.39,31.14,45,1800,19.6,20.4,187.2,270.8,167.0,250.0,61.0,64.0,19.5,34,18.5,35,17.0,32.5,16.0,30.5,10,4,10,6,NW,S,SE,SSE,64.6,85,84,87,300,17748
5,Panruti,CO_43,alluvial,125,62.5,dry,100,5,200,10,135.65,51.9,75,3000,18.5,21.5,185.2,272.8,165.3,251.7,60.0,65.0,20.0,35,18.0,30,17.5,33.5,18.0,33.0,4,12,4,12,ENE,NE,NNE,W,85.0,96,84,79,450,30575
3,Chinnasalem,delux ponni,alluvial,75,37.5,dry,60,3,120,6,81.39,31.14,45,1800,18.1,21.9,185.6,272.4,166.1,250.9,60.2,64.8,18.0,31,15.5,34,15.0,33.0,15.0,31.5,6,6,8,10,E,ENE,NE,NNW,78.6,80,92,88,240,16836
6,Panruti,ponmani,clay,150,75.0,dry,120,6,240,12,162.78,62.28,90,3600,18.5,21.5,185.2,272.8,165.3,251.7,60.0,65.0,20.0,35,18.0,30,17.5,33.5,18.0,33.0,4,12,4,12,ENE,NE,NNE,W,85.0,96,84,79,600,37026
4,Kurinjipadi,ponmani,clay,100,50.0,dry,80,4,160,8,108.52,41.52,60,2400,19.6,20.4,187.2,270.8,167.0,250.0,61.0,64.0,19.5,34,18.5,35,17.0,32.5,16.0,30.5,10,4,10,6,NW,S,SE,SSE,64.6,85,84,87,400,24488
5,Sankarapuram,ponmani,clay,125,62.5,wet,100,5,200,10,135.65,51.9,75,3000,18.1,21.9,185.6,272.4,166.1,250.9,60.2,64.8,20.5,32,17.5,28,18.0,34.0,16.5,35.0,10,12,10,12,SSE,W,SW,NW,72.7,91,83,81,500,31400
6,Cuddalore,CO_43,alluvial,150,75.0,wet,120,6,240,12,162.78,62.28,90,3600,19.6,20.4,187.2,270.8,167.0,250.0,61.0,64.0,18.5,34,16.0,30,15.5,31.0,16.0,33.0,4,10,8,10,SW,W,NNW,WSW,72.0,78,88,85,540,37278
5,Kallakurichi,delux ponni,alluvial,125,62.5,dry,100,5,200,10,135.65,51.9,75,3000,18.5,21.5,185.2,272.8,165.3,251.7,60.0,65.0,19.0,33,17.0,32,16.5,31.5,15.5,32.5,8,6,8,6,W,WNW,SE,S,88.5,95,81,84,400,30575
5,Kurinjipadi,ponmani,clay,125,62.5,dry,100,5,200,10,135.65,51.9,75,3000,19.6,20.4,187.2,270.8,167.0,250.0,61.0,64.0,19.5,34,18.5,35,17.0,32.5,16.0,30.5,10,4,10,6,NW,S,SE,SSE,64.6,85,84,87,500,29180
4,Chinnasalem,ponmani,alluvial,100,50.0,dry,80,4,160,8,108.52,41.52,60,2400,18.1,21.9,185.6,272.4,166.1,250.9,60.2,64.8,18.0,31,15.5,34,15.0,33.0,15.0,31.5,6,6,8,10,E,ENE,NE,NNW,78.6,80,92,88,400,22360
4,Sankarapuram,ponmani,clay,100,50.0,dry,80,4,160,8,108.52,41.52,60,2400,18.1,21.9,185.6,272.4,166.1,250.9,60.2,64.8,20.5,32,17.5,28,18.0,34.0,16.5,35.0,10,12,10,12,SSE,W,SW,NW,72.7,91,83,81,400,24908
6,Chinnasalem,delux ponni,clay,150,75.0,wet,120,6,240,12,162.78,62.28,90,3600,18.1,21.9,185.6,272.4,166.1,250.9,60.2,64.8,18.0,31,15.5,34,15.0,33.0,15.0,31.5,6,6,8,10,E,ENE,NE,NNW,78.6,80,92,88,480,36690
1,Sankarapuram,ponmani,clay,25,12.5,dry,20,1,40,2,27.13,10.38,15,600,18.1,21.9,185.6,272.4,166.1,250.9,60.2,64.8,20.5,32,17.5,28,18.0,34.0,16.5,35.0,10,12,10,12,SSE,W,SW,NW,72.7,91,83,81,100,5873
5,Kurinjipadi,delux ponni,clay,125,62.5,dry,100,5,200,10,135.65,51.9,75,3000,19.6,20.4,187.2,270.8,167.0,250.0,61.0,64.0,19.5,34,18.5,35,17.0,32.5,16.0,30.5,10,4,10,6,NW,S,SE,SSE,64.6,85,84,87,400,30805
5,Chinnasalem,ponmani,clay,125,62.5,dry,100,5,200,10,135.65,51.9,75,3000,18.1,21.9,185.6,272.4,166.1,250.9,60.2,64.8,18.0,31,15.5,34,15.0,33.0,15.0,31.5,6,6,8,10,E,ENE,NE,NNW,78.6,80,92,88,500,30250
2,Sankarapuram,ponmani,clay,50,25.0,dry,40,2,80,4,54.26,20.76,30,1200,18.1,21.9,185.6,272.4,166.1,250.9,60.2,64.8,20.5,32,17.5,28,18.0,34.0,16.5,35.0,10,12,10,12,SSE,W,SW,NW,72.7,91,83,81,200,11854
3,Cuddalore,delux ponni,clay,75,37.5,wet,60,3,120,6,81.39,31.14,45,1800,19.6,20.4,187.2,270.8,167.0,250.0,61.0,64.0,18.5,34,16.0,30,15.5,31.0,16.0,33.0,4,10,8,10,SW,W,NNW,WSW,72.0,78,88,85,240,17748
3,Chinnasalem,ponmani,alluvial,75,37.5,wet,60,3,120,6,81.39,31.14,45,1800,18.1,21.9,185.6,272.4,166.1,250.9,60.2,64.8,18.0,31,15.5,34,15.0,33.0,15.0,31.5,6,6,8,10,E,ENE,NE,NNW,78.6,80,92,88,300,17169
3,Kallakurichi,ponmani,alluvial,75,37.5,wet,60,3,120,6,81.39,31.14,45,1800,18.5,21.5,185.2,272.8,165.3,251.7,60.0,65.0,19.0,33,17.0,32,16.5,31.5,15.5,32.5,8,6,8,6,W,WNW,SE,S,88.5,95,81,84,300,17589
4,Panruti,delux ponni,clay,100,50.0,wet,80,4,160,8,108.52,41.52,60,2400,18.5,21.5,185.2,272.8,165.3,251.7,60.0,65.0,20.0,35,18.0,30,17.5,33.5,18.0,33.0,4,12,4,12,ENE,NE,NNE,W,85.0,96,84,79,320,25448
3,Kallakurichi,ponmani,alluvial,75,37.5,dry,60,3,120,6,81.39,31.14,45,1800,18.5,21.5,185.2,272.8,165.3,251.7,60.0,65.0,19.0,33,17.0,32,16.5,31.5,15.5,32.5,8,6,8,6,W,WNW,SE,S,88.5,95,81,84,300,17724
3,Panruti,CO_43,clay,75,37.5,wet,60,3,120,6,81.39,31.14,45,1800,18.5,21.5,185.2,272.8,165.3,251.7,60.0,65.0,20.0,35,18.0,30,17.5,33.5,18.0,33.0,4,12,4,12,ENE,NE,NNE,W,85.0,96,84,79,270,17898
4,Panruti,ponmani,alluvial,100,50.0,wet,80,4,160,8,108.52,41.52,60,2400,18.5,21.5,185.2,272.8,165.3,251.7,60.0,65.0,20.0,35,18.0,30,17.5,33.5,18.0,33.0,4,12,4,12,ENE,NE,NNE,W,85.0,96,84,79,400,25244
4,Cuddalore,delux ponni,clay,100,50.0,dry,80,4,160,8,108.52,41.52,60,2400,19.6,20.4,187.2,270.8,167.0,250.0,61.0,64.0,18.5,34,16.0,30,15.5,31.0,16.0,33.0,4,10,8,10,SW,W,NNW,WSW,72.0,78,88,85,320,25672
3,Sankarapuram,delux ponni,alluvial,75,37.5,wet,60,3,120,6,81.39,31.14,45,1800,18.1,21.9,185.6,272.4,166.1,250.9,60.2,64.8,20.5,32,17.5,28,18.0,34.0,16.5,35.0,10,12,10,12,SSE,W,SW,NW,72.7,91,83,81,240,17649
3,Panruti,delux ponni,alluvial,75,37.5,dry,60,3,120,6,81.39,31.14,45,1800,18.5,21.5,185.2,272.8,165.3,251.7,60.0,65.0,20.0,35,18.0,30,17.5,33.5,18.0,33.0,4,12,4,12,ENE,NE,NNE,W,85.0,96,84,79,240,17619
5,Cuddalore,CO_43,alluvial,125,62.5,dry,100,5,200,10,135.65,51.9,75,3000,19.6,20.4,187.2,270.8,167.0,250.0,61.0,64.0,18.5,34,16.0,30,15.5,31.0,16.0,33.0,4,10,8,10,SW,W,NNW,WSW,72.0,78,88,85,450,31605
3,Sankarapuram,ponmani,clay,75,37.5,wet,60,3,120,6,81.39,31.14,45,1800,18.1,21.9,185.6,272.4,166.1,250.9,60.2,64.8,20.5,32,17.5,28,18.0,34.0,16.5,35.0,10,12,10,12,SSE,W,SW,NW,72.7,91,83,81,300,17136
4,Cuddalore,ponmani,alluvial,100,50.0,dry,80,4,160,8,108.52,41.52,60,2400,19.6,20.4,187.2,270.8,167.0,250.0,61.0,64.0,18.5,34,16.0,30,15.5,31.0,16.0,33.0,4,10,8,10,SW,W,NNW,WSW,72.0,78,88,85,400,25244
4,Kurinjipadi,CO_43,alluvial,100,50.0,wet,80,4,160,8,108.52,41.52,60,2400,19.6,20.4,187.2,270.8,167.0,250.0,61.0,64.0,19.5,34,18.5,35,17.0,32.5,16.0,30.5,10,4,10,6,NW,S,SE,SSE,64.6,85,84,87,360,25300
5,Cuddalore,ponmani,clay,125,62.5,dry,100,5,200,10,135.65,51.9,75,3000,19.6,20.4,187.2,270.8,167.0,250.0,61.0,64.0,18.5,34,16.0,30,15.5,31.0,16.0,33.0,4,10,8,10,SW,W,NNW,WSW,72.0,78,88,85,500,31555
4,Kurinjipadi,ponmani,alluvial,100,50.0,dry,80,4,160,8,108.52,41.52,60,2400,19.6,20.4,187.2,270.8,167.0,250.0,61.0,64.0,19.5,34,18.5,35,17.0,32.5,16.0,30.5,10,4,10,6,NW,S,SE,SSE,64.6,85,84,87,400,23492
4,Panruti,ponmani,alluvial,100,50.0,wet,80,4,160,8,108.52,41.52,60,2400,18.5,21.5,185.2,272.8,165.3,251.7,60.0,65.0,20.0,35,18.0,30,17.5,33.5,18.0,33.0,4,12,4,12,ENE,NE,NNE,W,85.0,96,84,79,400,24908
1,Kurinjipadi,delux ponni,clay,25,12.5,dry,20,1,40,2,27.13,10.38,15,600,19.6,20.4,187.2,270.8,167.0,250.0,61.0,64.0,19.5,34,18.5,35,17.0,32.5,16.0,30.5,10,4,10,6,NW,S,SE,SSE,64.6,85,84,87,80,5873
1,Kallakurichi,delux ponni,clay,25,12.5,dry,20,1,40,2,27.13,10.38,15,600,18.5,21.5,185.2,272.8,165.3,251.7,60.0,65.0,19.0,33,17.0,32,16.5,31.5,15.5,32.5,8,6,8,6,W,WNW,SE,S,88.5,95,81,84,80,5916
4,Sankarapuram,ponmani,clay,100,50.0,dry,80,4,160,8,108.52,41.52,60,2400,18.1,21.9,185.6,272.4,166.1,250.9,60.2,64.8,20.5,32,17.5,28,18.0,34.0,16.5,35.0,10,12,10,12,SSE,W,SW,NW,72.7,91,83,81,400,24460
4,Panruti,CO_43,alluvial,100,50.0,dry,80,4,160,8,108.52,41.52,60,2400,18.5,21.5,185.2,272.8,165.3,251.7,60.0,65.0,20.0,35,18.0,30,17.5,33.5,18.0,33.0,4,12,4,12,ENE,NE,NNE,W,85.0,96,84,79,360,25724
1,Panruti,CO_43,alluvial,25,12.5,wet,20,1,40,2,27.13,10.38,15,600,18.5,21.5,185.2,272.8,165.3,251.7,60.0,65.0,20.0,35,18.0,30,17.5,33.5,18.0,33.0,4,12,4,12,ENE,NE,NNE,W,85.0,96,84,79,90,5612
5,Sankarapuram,ponmani,clay,125,62.5,wet,100,5,200,10,135.65,51.9,75,3000,18.1,21.9,185.6,272.4,166.1,250.9,60.2,64.8,20.5,32,17.5,28,18.0,34.0,16.5,35.0,10,12,10,12,SSE,W,SW,NW,72.7,91,83,81,500,31555
4,Chinnasalem,CO_43,alluvial,100,50.0,dry,80,4,160,8,108.52,41.52,60,2400,18.1,21.9,185.6,272.4,166.1,250.9,60.2,64.8,18.0,31,15.5,34,15.0,33.0,15.0,31.5,6,6,8,10,E,ENE,NE,NNW,78.6,80,92,88,360,25244
4,Sankarapuram,delux ponni,clay,100,50.0,dry,80,4,160,8,108.52,41.52,60,2400,18.1,21.9,185.6,272.4,166.1,250.9,60.2,64.8,20.5,32,17.5,28,18.0,34.0,16.5,35.0,10,12,10,12,SSE,W,SW,NW,72.7,91,83,81,320,23596
3,Kurinjipadi,ponmani,alluvial,75,37.5,wet,60,3,120,6,81.39,31.14,45,1800,19.6,20.4,187.2,270.8,167.0,250.0,61.0,64.0,19.5,34,18.5,35,17.0,32.5,16.0,30.5,10,4,10,6,NW,S,SE,SSE,64.6,85,84,87,300,16836
6,Kurinjipadi,delux ponni,alluvial,150,75.0,wet,120,6,240,12,162.78,62.28,90,3600,19.6,20.4,187.2,270.8,167.0,250.0,61.0,64.0,19.5,34,18.5,35,17.0,32.5,16.0,30.5,10,4,10,6,NW,S,SE,SSE,64.6,85,84,87,480,38460
1,Chinnasalem,ponmani,alluvial,25,12.5,wet,20,1,40,2,27.13,10.38,15,600,18.1,21.9,185.6,272.4,166.1,250.9,60.2,64.8,18.0,31,15.5,34,15.0,33.0,15.0,31.5,6,6,8,10,E,ENE,NE,NNW,78.6,80,92,88,100,5883
5,Cuddalore,CO_43,alluvial,125,62.5,wet,100,5,200,10,135.65,51.9,75,3000,19.6,20.4,187.2,270.8,167.0,250.0,61.0,64.0,18.5,34,16.0,30,15.5,31.0,16.0,33.0,4,10,8,10,SW,W,NNW,WSW,72.0,78,88,85,450,31555
2,Sankarapuram,delux ponni,clay,50,25.0,dry,40,2,80,4,54.26,20.76,30,1200,18.1,21.9,185.6,272.4,166.1,250.9,60.2,64.8,20.5,32,17.5,28,18.0,34.0,16.5,35.0,10,12,10,12,SSE,W,SW,NW,72.7,91,83,81,160,11766
3,Cuddalore,CO_43,alluvial,75,37.5,dry,60,3,120,6,81.39,31.14,45,1800,19.6,20.4,187.2,270.8,167.0,250.0,61.0,64.0,18.5,34,16.0,30,15.5,31.0,16.0,33.0,4,10,8,10,SW,W,NNW,WSW,72.0,78,88,85,270,17508
5,Kallakurichi,ponmani,alluvial,125,62.5,dry,100,5,200,10,135.65,51.9,75,3000,18.5,21.5,185.2,272.8,165.3,251.7,60.0,65.0,19.0,33,17.0,32,16.5,31.5,15.5,32.5,8,6,8,6,W,WNW,SE,S,88.5,95,81,84,500,30805
1,Kallakurichi,delux ponni,alluvial,25,12.5,dry,20,1,40,2,27.13,10.38,15,600,18.5,21.5,185.2,272.8,165.3,251.7,60.0,65.0,19.0,33,17.0,32,16.5,31.5,15.5,32.5,8,6,8,6,W,WNW,SE,S,88.5,95,81,84,80,5836
6,Sankarapuram,ponmani,clay,150,75.0,dry,120,6,240,12,162.78,62.28,90,3600,18.1,21.9,185.6,272.4,166.1,250.9,60.2,64.8,20.5,32,17.5,28,18.0,34.0,16.5,35.0,10,12,10,12,SSE,W,SW,NW,72.7,91,83,81,600,34290
3,Cuddalore,delux ponni,clay,75,37.5,dry,60,3,120,6,81.39,31.14,45,1800,19.6,20.4,187.2,270.8,167.0,250.0,61.0,64.0,18.5,34,16.0,30,15.5,31.0,16.0,33.0,4,10,8,10,SW,W,NNW,WSW,72.0,78,88,85,240,16476
3,Kurinjipadi,CO_43,alluvial,75,37.5,wet,60,3,120,6,81.39,31.14,45,1800,19.6,20.4,187.2,270.8,167.0,250.0,61.0,64.0,19.5,34,18.5,35,17.0,32.5,16.0,30.5,10,4,10,6,NW,S,SE,SSE,64.6,85,84,87,270,17619
5,Sankarapuram,delux ponni,clay,125,62.5,dry,100,5,200,10,135.65,51.9,75,3000,18.1,21.9,185.6,272.4,166.1,250.9,60.2,64.8,20.5,32,17.5,28,18.0,34.0,16.5,35.0,10,12,10,12,SSE,W,SW,NW,72.7,91,83,81,400,31045
2,Kallakurichi,CO_43,alluvial,50,25.0,dry,40,2,80,4,54.26,20.76,30,1200,18.5,21.5,185.2,272.8,165.3,251.7,60.0,65.0,19.0,33,17.0,32,16.5,31.5,15.5,32.5,8,6,8,6,W,WNW,SE,S,88.5,95,81,84,180,11672
2,Panruti,ponmani,clay,50,25.0,dry,40,2,80,4,54.26,20.76,30,1200,18.5,21.5,185.2,272.8,165.3,251.7,60.0,65.0,20.0,35,18.0,30,17.5,33.5,18.0,33.0,4,12,4,12,ENE,NE,NNE,W,85.0,96,84,79,200,10820
2,Kurinjipadi,ponmani,clay,50,25.0,wet,40,2,80,4,54.26,20.76,30,1200,19.6,20.4,187.2,270.8,167.0,250.0,61.0,64.0,19.5,34,18.5,35,17.0,32.5,16.0,30.5,10,4,10,6,NW,S,SE,SSE,64.6,85,84,87,200,11726
3,Kallakurichi,delux ponni,alluvial,75,37.5,dry,60,3,120,6,81.39,31.14,45,1800,18.5,21.5,185.2,272.8,165.3,251.7,60.0,65.0,19.0,33,17.0,32,16.5,31.5,15.5,32.5,8,6,8,6,W,WNW,SE,S,88.5,95,81,84,240,16476
5,Kurinjipadi,CO_43,alluvial,125,62.5,dry,100,5,200,10,135.65,51.9,75,3000,19.6,20.4,187.2,270.8,167.0,250.0,61.0,64.0,19.5,34,18.5,35,17.0,32.5,16.0,30.5,10,4,10,6,NW,S,SE,SSE,64.6,85,84,87,450,30250
5,Panruti,CO_43,clay,125,62.5,dry,100,5,200,10,135.65,51.9,75,3000,18.5,21.5,185.2,272.8,165.3,251.7,60.0,65.0,20.0,35,18.0,30,17.5,33.5,18.0,33.0,4,12,4,12,ENE,NE,NNE,W,85.0,96,84,79,450,32080
4,Chinnasalem,ponmani,clay,100,50.0,wet,80,4,160,8,108.52,41.52,60,2400,18.1,21.9,185.6,272.4,166.1,250.9,60.2,64.8,18.0,31,15.5,34,15.0,33.0,15.0,31.5,6,6,8,10,E,ENE,NE,NNW,78.6,80,92,88,400,25244
3,Kallakurichi,CO_43,alluvial,75,37.5,wet,60,3,120,6,81.39,31.14,45,1800,18.5,21.5,185.2,272.8,165.3,251.7,60.0,65.0,19.0,33,17.0,32,16.5,31.5,15.5,32.5,8,6,8,6,W,WNW,SE,S,88.5,95,81,84,270,17508
4,Sankarapuram,CO_43,alluvial,100,50.0,dry,80,4,160,8,108.52,41.52,60,2400,18.1,21.9,185.6,272.4,166.1,250.9,60.2,64.8,20.5,32,17.5,28,18.0,34.0,16.5,35.0,10,12,10,12,SSE,W,SW,NW,72.7,91,83,81,360,24200
6,Sankarapuram,CO_43,clay,150,75.0,dry,120,6,240,12,162.78,62.28,90,3600,18.1,21.9,185.6,272.4,166.1,250.9,60.2,64.8,20.5,32,17.5,28,18.0,34.0,16.5,35.0,10,12,10,12,SSE,W,SW,NW,72.7,91,83,81,540,38586
5,Panruti,delux ponni,clay,125,62.5,wet,100,5,200,10,135.65,51.9,75,3000,18.5,21.5,185.2,272.8,165.3,251.7,60.0,65.0,20.0,35,18.0,30,17.5,33.5,18.0,33.0,4,12,4,12,ENE,NE,NNE,W,85.0,96,84,79,400,30575
5,Kurinjipadi,delux ponni,clay,125,62.5,wet,100,5,200,10,135.65,51.9,75,3000,19.6,20.4,187.2,270.8,167.0,250.0,61.0,64.0,19.5,34,18.5,35,17.0,32.5,16.0,30.5,10,4,10,6,NW,S,SE,SSE,64.6,85,84,87,400,30905
1,Kurinjipadi,CO_43,alluvial,25,12.5,wet,20,1,40,2,27.13,10.38,15,600,19.6,20.4,187.2,270.8,167.0,250.0,61.0,64.0,19.5,34,18.5,35,17.0,32.5,16.0,30.5,10,4,10,6,NW,S,SE,SSE,64.6,85,84,87,90,5855
5,Kallakurichi,ponmani,clay,125,62.5,wet,100,5,200,10,135.65,51.9,75,3000,18.5,21.5,185.2,272.8,165.3,251.7,60.0,65.0,19.0,33,17.0,32,16.5,31.5,15.5,32.5,8,6,8,6,W,WNW,SE,S,88.5,95,81,84,500,31625
1,Sankarapuram,CO_43,alluvial,25,12.5,dry,20,1,40,2,27.13,10.38,15,600,18.1,21.9,185.6,272.4,166.1,250.9,60.2,64.8,20.5,32,17.5,28,18.0,34.0,16.5,35.0,10,12,10,12,SSE,W,SW,NW,72.7,91,83,81,90,5723
5,Chinnasalem,CO_43,alluvial,125,62.5,wet,100,5,200,10,135.65,51.9,75,3000,18.1,21.9,185.6,272.4,166.1,250.9,60.2,64.8,18.0,31,15.5,34,15.0,33.0,15.0,31.5,6,6,8,10,E,ENE,NE,NNW,78.6,80,92,88,450,29315
2,Chinnasalem,ponmani,alluvial,50,25.0,wet,40,2,80,4,54.26,20.76,30,1200,18.1,21.9,185.6,272.4,166.1,250.9,60.2,64.8,18.0,31,15.5,34,15.0,33.0,15.0,31.5,6,6,8,10,E,ENE,NE,NNW,78.6,80,92,88,200,11710
5,Cuddalore,ponmani,clay,125,62.5,wet,100,5,200,10,135.65,51.9,75,3000,19.6,20.4,187.2,270.8,167.0,250.0,61.0,64.0,18.5,34,16.0,30,15.5,31.0,16.0,33.0,4,10,8,10,SW,W,NNW,WSW,72.0,78,88,85,500,29180
4,Kallakurichi,delux ponni,clay,100,50.0,wet,80,4,160,8,108.52,41.52,60,2400,18.5,21.5,185.2,272.8,165.3,251.7,60.0,65.0,19.0,33,17.0,32,16.5,31.5,15.5,32.5,8,6,8,6,W,WNW,SE,S,88.5,95,81,84,320,24828
2,Panruti,delux ponni,alluvial,50,25.0,dry,40,2,80,4,54.26,20.76,30,1200,18.5,21.5,185.2,272.8,165.3,251.7,60.0,65.0,20.0,35,18.0,30,17.5,33.5,18.0,33.0,4,12,4,12,ENE,NE,NNE,W,85.0,96,84,79,160,11446
3,Sankarapuram,CO_43,clay,75,37.5,dry,60,3,120,6,81.39,31.14,45,1800,18.1,21.9,185.6,272.4,166.1,250.9,60.2,64.8,20.5,32,17.5,28,18.0,34.0,16.5,35.0,10,12,10,12,SSE,W,SW,NW,72.7,91,83,81,270,17748
5,Cuddalore,ponmani,clay,125,62.5,wet,100,5,200,10,135.65,51.9,75,3000,19.6,20.4,187.2,270.8,167.0,250.0,61.0,64.0,18.5,34,16.0,30,15.5,31.0,16.0,33.0,4,10,8,10,SW,W,NNW,WSW,72.0,78,88,85,500,31045
2,Kallakurichi,delux ponni,alluvial,50,25.0,dry,40,2,80,4,54.26,20.76,30,1200,18.5,21.5,185.2,272.8,165.3,251.7,60.0,65.0,19.0,33,17.0,32,16.5,31.5,15.5,32.5,8,6,8,6,W,WNW,SE,S,88.5,95,81,84,160,11746
2,Kurinjipadi,ponmani,alluvial,50,25.0,dry,40,2,80,4,54.26,20.76,30,1200,19.6,20.4,187.2,270.8,167.0,250.0,61.0,64.0,19.5,34,18.5,35,17.0,32.5,16.0,30.5,10,4,10,6,NW,S,SE,SSE,64.6,85,84,87,200,11746
2,Sankarapuram,ponmani,alluvial,50,25.0,wet,40,2,80,4,54.26,20.76,30,1200,18.1,21.9,185.6,272.4,166.1,250.9,60.2,64.8,20.5,32,17.5,28,18.0,34.0,16.5,35.0,10,12,10,12,SSE,W,SW,NW,72.7,91,83,81,200,11832
4,Panruti,delux ponni,alluvial,100,50.0,dry,80,4,160,8,108.52,41.52,60,2400,18.5,21.5,185.2,272.8,165.3,251.7,60.0,65.0,20.0,35,18.0,30,17.5,33.5,18.0,33.0,4,12,4,12,ENE,NE,NNE,W,85.0,96,84,79,320,25120
2,Chinnasalem,delux ponni,clay,50,25.0,dry,40,2,80,4,54.26,20.76,30,1200,18.1,21.9,185.6,272.4,166.1,250.9,60.2,64.8,18.0,31,15.5,34,15.0,33.0,15.0,31.5,6,6,8,10,E,ENE,NE,NNW,78.6,80,92,88,160,11746
4,Cuddalore,delux ponni,alluvial,100,50.0,wet,80,4,160,8,108.52,41.52,60,2400,19.6,20.4,187.2,270.8,167.0,250.0,61.0,64.0,18.5,34,16.0,30,15.5,31.0,16.0,33.0,4,10,8,10,SW,W,NNW,WSW,72.0,78,88,85,320,24060
6,Sankarapuram,delux ponni,alluvial,150,75.0,dry,120,6,240,12,162.78,62.28,90,3600,18.1,21.9,185.6,272.4,166.1,250.9,60.2,64.8,20.5,32,17.5,28,18.0,34.0,16.5,35.0,10,12,10,12,SSE,W,SW,NW,72.7,91,83,81,480,36690
5,Panruti,delux ponni,alluvial,125,62.5,dry,100,5,200,10,135.65,51.9,75,3000,18.5,21.5,185.2,272.8,165.3,251.7,60.0,65.0,20.0,35,18.0,30,17.5,33.5,18.0,33.0,4,12,4,12,ENE,NE,NNE,W,85.0,96,84,79,400,32050
1,Kurinjipadi,delux ponni,clay,25,12.5,dry,20,1,40,2,27.13,10.38,15,600,19.6,20.4,187.2,270.8,167.0,250.0,61.0,64.0,19.5,34,18.5,35,17.0,32.5,16.0,30.5,10,4,10,6,NW,S,SE,SSE,64.6,85,84,87,80,5836
5,Cuddalore,delux ponni,clay,125,62.5,dry,100,5,200,10,135.65,51.9,75,3000,19.6,20.4,187.2,270.8,167.0,250.0,61.0,64.0,18.5,34,16.0,30,15.5,31.0,16.0,33.0,4,10,8,10,SW,W,NNW,WSW,72.0,78,88,85,400,31555
5,Cuddalore,ponmani,alluvial,125,62.5,wet,100,5,200,10,135.65,51.9,75,3000,19.6,20.4,187.2,270.8,167.0,250.0,61.0,64.0,18.5,34,16.0,30,15.5,31.0,16.0,33.0,4,10,8,10,SW,W,NNW,WSW,72.0,78,88,85,500,31810
5,Chinnasalem,delux ponni,clay,125,62.5,wet,100,5,200,10,135.65,51.9,75,3000,18.1,21.9,185.6,272.4,166.1,250.9,60.2,64.8,18.0,31,15.5,34,15.0,33.0,15.0,31.5,6,6,8,10,E,ENE,NE,NNW,78.6,80,92,88,400,31135
5,Kallakurichi,delux ponni,clay,125,62.5,wet,100,5,200,10,135.65,51.9,75,3000,18.5,21.5,185.2,272.8,165.3,251.7,60.0,65.0,19.0,33,17.0,32,16.5,31.5,15.5,32.5,8,6,8,6,W,WNW,SE,S,88.5,95,81,84,400,31135
1,Sankarapuram,CO_43,alluvial,25,12.5,dry,20,1,40,2,27.13,10.38,15,600,18.1,21.9,185.6,272.4,166.1,250.9,60.2,64.8,20.5,32,17.5,28,18.0,34.0,16.5,35.0,10,12,10,12,SSE,W,SW,NW,72.7,91,83,81,90,5453
4,Chinnasalem,ponmani,alluvial,100,50.0,dry,80,4,160,8,108.52,41.52,60,2400,18.1,21.9,185.6,272.4,166.1,250.9,60.2,64.8,18.0,31,15.5,34,15.0,33.0,15.0,31.5,6,6,8,10,E,ENE,NE,NNW,78.6,80,92,88,400,24908
5,Kurinjipadi,CO_43,clay,125,62.5,dry,100,5,200,10,135.65,51.9,75,3000,19.6,20.4,187.2,270.8,167.0,250.0,61.0,64.0,19.5,34,18.5,35,17.0,32.5,16.0,30.5,10,4,10,6,NW,S,SE,SSE,64.6,85,84,87,450,30075
5,Kurinjipadi,CO_43,clay,125,62.5,wet,100,5,200,10,135.65,51.9,75,3000,19.6,20.4,187.2,270.8,167.0,250.0,61.0,64.0,19.5,34,18.5,35,17.0,32.5,16.0,30.5,10,4,10,6,NW,S,SE,SSE,64.6,85,84,87,450,31135
3,Kurinjipadi,ponmani,alluvial,75,37.5,dry,60,3,120,6,81.39,31.14,45,1800,19.6,20.4,187.2,270.8,167.0,250.0,61.0,64.0,19.5,34,18.5,35,17.0,32.5,16.0,30.5,10,4,10,6,NW,S,SE,SSE,64.6,85,84,87,300,16476
1,Kurinjipadi,CO_43,clay,25,12.5,wet,20,1,40,2,27.13,10.38,15,600,19.6,20.4,187.2,270.8,167.0,250.0,61.0,64.0,19.5,34,18.5,35,17.0,32.5,16.0,30.5,10,4,10,6,NW,S,SE,SSE,64.6,85,84,87,90,5836
2,Sankarapuram,delux ponni,clay,50,25.0,wet,40,2,80,4,54.26,20.76,30,1200,18.1,21.9,185.6,272.4,166.1,250.9,60.2,64.8,20.5,32,17.5,28,18.0,34.0,16.5,35.0,10,12,10,12,SSE,W,SW,NW,72.7,91,83,81,160,11446
3,Cuddalore,delux ponni,clay,75,37.5,dry,60,3,120,6,81.39,31.14,45,1800,19.6,20.4,187.2,270.8,167.0,250.0,61.0,64.0,18.5,34,16.0,30,15.5,31.0,16.0,33.0,4,10,8,10,SW,W,NNW,WSW,72.0,78,88,85,240,17169
6,Kurinjipadi,ponmani,clay,150,75.0,wet,120,6,240,12,162.78,62.28,90,3600,19.6,20.4,187.2,270.8,167.0,250.0,61.0,64.0,19.5,34,18.5,35,17.0,32.5,16.0,30.5,10,4,10,6,NW,S,SE,SSE,64.6,85,84,87,600,33378
5,Panruti,ponmani,clay,125,62.5,wet,100,5,200,10,135.65,51.9,75,3000,18.5,21.5,185.2,272.8,165.3,251.7,60.0,65.0,20.0,35,18.0,30,17.5,33.5,18.0,33.0,4,12,4,12,ENE,NE,NNE,W,85.0,96,84,79,500,31815
2,Sankarapuram,ponmani,alluvial,50,25.0,wet,40,2,80,4,54.26,20.76,30,1200,18.1,21.9,185.6,272.4,166.1,250.9,60.2,64.8,20.5,32,17.5,28,18.0,34.0,16.5,35.0,10,12,10,12,SSE,W,SW,NW,72.7,91,83,81,200,11336
5,Chinnasalem,delux ponni,clay,125,62.5,wet,100,5,200,10,135.65,51.9,75,3000,18.1,21.9,185.6,272.4,166.1,250.9,60.2,64.8,18.0,31,15.5,34,15.0,33.0,15.0,31.5,6,6,8,10,E,ENE,NE,NNW,78.6,80,92,88,400,32085
5,Kallakurichi,ponmani,clay,125,62.5,wet,100,5,200,10,135.65,51.9,75,3000,18.5,21.5,185.2,272.8,165.3,251.7,60.0,65.0,19.0,33,17.0,32,16.5,31.5,15.5,32.5,8,6,8,6,W,WNW,SE,S,88.5,95,81,84,500,31035
4,Kurinjipadi,CO_43,alluvial,100,50.0,wet,80,4,160,8,108.52,41.52,60,2400,19.6,20.4,187.2,270.8,167.0,250.0,61.0,64.0,19.5,34,18.5,35,17.0,32.5,16.0,30.5,10,4,10,6,NW,S,SE,SSE,64.6,85,84,87,360,24644
5,Chinnasalem,CO_43,clay,125,62.5,wet,100,5,200,10,135.65,51.9,75,3000,18.1,21.9,185.6,272.4,166.1,250.9,60.2,64.8,18.0,31,15.5,34,15.0,33.0,15.0,31.5,6,6,8,10,E,ENE,NE,NNW,78.6,80,92,88,450,32050
5,Kallakurichi,delux ponni,alluvial,125,62.5,dry,100,5,200,10,135.65,51.9,75,3000,18.5,21.5,185.2,272.8,165.3,251.7,60.0,65.0,19.0,33,17.0,32,16.5,31.5,15.5,32.5,8,6,8,6,W,WNW,SE,S,88.5,95,81,84,400,31555
5,Sankarapuram,ponmani,clay,125,62.5,wet,100,5,200,10,135.65,51.9,75,3000,18.1,21.9,185.6,272.4,166.1,250.9,60.2,64.8,20.5,32,17.5,28,18.0,34.0,16.5,35.0,10,12,10,12,SSE,W,SW,NW,72.7,91,83,81,500,30805
1,Kurinjipadi,CO_43,clay,25,12.5,wet,20,1,40,2,27.13,10.38,15,600,19.6,20.4,187.2,270.8,167.0,250.0,61.0,64.0,19.5,34,18.5,35,17.0,32.5,16.0,30.5,10,4,10,6,NW,S,SE,SSE,64.6,85,84,87,90,5723
2,Sankarapuram,delux ponni,clay,50,25.0,dry,40,2,80,4,54.26,20.76,30,1200,18.1,21.9,185.6,272.4,166.1,250.9,60.2,64.8,20.5,32,17.5,28,18.0,34.0,16.5,35.0,10,12,10,12,SSE,W,SW,NW,72.7,91,83,81,160,11332
4,Cuddalore,CO_43,alluvial,100,50.0,wet,80,4,160,8,108.52,41.52,60,2400,19.6,20.4,187.2,270.8,167.0,250.0,61.0,64.0,18.5,34,16.0,30,15.5,31.0,16.0,33.0,4,10,8,10,SW,W,NNW,WSW,72.0,78,88,85,360,25640
2,Kallakurichi,CO_43,clay,50,25.0,wet,40,2,80,4,54.26,20.76,30,1200,18.5,21.5,185.2,272.8,165.3,251.7,60.0,65.0,19.0,33,17.0,32,16.5,31.5,15.5,32.5,8,6,8,6,W,WNW,SE,S,88.5,95,81,84,180,11710
4,Kurinjipadi,ponmani,clay,100,50.0,dry,80,4,160,8,108.52,41.52,60,2400,19.6,20.4,187.2,270.8,167.0,250.0,61.0,64.0,19.5,34,18.5,35,17.0,32.5,16.0,30.5,10,4,10,6,NW,S,SE,SSE,64.6,85,84,87,400,22860
2,Kurinjipadi,delux ponni,alluvial,50,25.0,wet,40,2,80,4,54.26,20.76,30,1200,19.6,20.4,187.2,270.8,167.0,250.0,61.0,64.0,19.5,34,18.5,35,17.0,32.5,16.0,30.5,10,4,10,6,NW,S,SE,SSE,64.6,85,84,87,160,11832
2,Kallakurichi,CO_43,alluvial,50,25.0,dry,40,2,80,4,54.26,20.76,30,1200,18.5,21.5,185.2,272.8,165.3,251.7,60.0,65.0,19.0,33,17.0,32,16.5,31.5,15.5,32.5,8,6,8,6,W,WNW,SE,S,88.5,95,81,84,180,11646
3,Kurinjipadi,ponmani,clay,75,37.5,dry,60,3,120,6,81.39,31.14,45,1800,19.6,20.4,187.2,270.8,167.0,250.0,61.0,64.0,19.5,34,18.5,35,17.0,32.5,16.0,30.5,10,4,10,6,NW,S,SE,SSE,64.6,85,84,87,300,17001
5,Kallakurichi,ponmani,clay,125,62.5,dry,100,5,200,10,135.65,51.9,75,3000,18.5,21.5,185.2,272.8,165.3,251.7,60.0,65.0,19.0,33,17.0,32,16.5,31.5,15.5,32.5,8,6,8,6,W,WNW,SE,S,88.5,95,81,84,500,30945
4,Cuddalore,delux ponni,alluvial,100,50.0,dry,80,4,160,8,108.52,41.52,60,2400,19.6,20.4,187.2,270.8,167.0,250.0,61.0,64.0,18.5,34,16.0,30,15.5,31.0,16.0,33.0,4,10,8,10,SW,W,NNW,WSW,72.0,78,88,85,320,24828
5,Cuddalore,delux ponni,clay,125,62.5,wet,100,5,200,10,135.65,51.9,75,3000,19.6,20.4,187.2,270.8,167.0,250.0,61.0,64.0,18.5,34,16.0,30,15.5,31.0,16.0,33.0,4,10,8,10,SW,W,NNW,WSW,72.0,78,88,85,400,30250
4,Sankarapuram,ponmani,alluvial,100,50.0,dry,80,4,160,8,108.52,41.52,60,2400,18.1,21.9,185.6,272.4,166.1,250.9,60.2,64.8,20.5,32,17.5,28,18.0,34.0,16.5,35.0,10,12,10,12,SSE,W,SW,NW,72.7,91,83,81,400,23664
5,Chinnasalem,ponmani,clay,125,62.5,wet,100,5,200,10,135.65,51.9,75,3000,18.1,21.9,185.6,272.4,166.1,250.9,60.2,64.8,18.0,31,15.5,34,15.0,33.0,15.0,31.5,6,6,8,10,E,ENE,NE,NNW,78.6,80,92,88,500,31555
3,Kurinjipadi,delux ponni,clay,75,37.5,dry,60,3,120,6,81.39,31.14,45,1800,19.6,20.4,187.2,270.8,167.0,250.0,61.0,64.0,19.5,34,18.5,35,17.0,32.5,16.0,30.5,10,4,10,6,NW,S,SE,SSE,64.6,85,84,87,240,17169
1,Sankarapuram,ponmani,alluvial,25,12.5,wet,20,1,40,2,27.13,10.38,15,600,18.1,21.9,185.6,272.4,166.1,250.9,60.2,64.8,20.5,32,17.5,28,18.0,34.0,16.5,35.0,10,12,10,12,SSE,W,SW,NW,72.7,91,83,81,100,5836
5,Kurinjipadi,delux ponni,clay,125,62.5,wet,100,5,200,10,135.65,51.9,75,3000,19.6,20.4,187.2,270.8,167.0,250.0,61.0,64.0,19.5,34,18.5,35,17.0,32.5,16.0,30.5,10,4,10,6,NW,S,SE,SSE,64.6,85,84,87,400,32345
4,Panruti,ponmani,alluvial,100,50.0,dry,80,4,160,8,108.52,41.52,60,2400,18.5,21.5,185.2,272.8,165.3,251.7,60.0,65.0,20.0,35,18.0,30,17.5,33.5,18.0,33.0,4,12,4,12,ENE,NE,NNE,W,85.0,96,84,79,400,25664
6,Panruti,delux ponni,clay,150,75.0,dry,120,6,240,12,162.78,62.28,90,3600,18.5,21.5,185.2,272.8,165.3,251.7,60.0,65.0,20.0,35,18.0,30,17.5,33.5,18.0,33.0,4,12,4,12,ENE,NE,NNE,W,85.0,96,84,79,480,37254
5,Sankarapuram,delux ponni,alluvial,125,62.5,wet,100,5,200,10,135.65,51.9,75,3000,18.1,21.9,185.6,272.4,166.1,250.9,60.2,64.8,20.5,32,17.5,28,18.0,34.0,16.5,35.0,10,12,10,12,SSE,W,SW,NW,72.7,91,83,81,400,30965
4,Sankarapuram,ponmani,clay,100,50.0,dry,80,4,160,8,108.52,41.52,60,2400,18.1,21.9,185.6,272.4,166.1,250.9,60.2,64.8,20.5,32,17.5,28,18.0,34.0,16.5,35.0,10,12,10,12,SSE,W,SW,NW,72.7,91,83,81,400,25640
3,Chinnasalem,delux ponni,clay,75,37.5,dry,60,3,120,6,81.39,31.14,45,1800,18.1,21.9,185.6,272.4,166.1,250.9,60.2,64.8,18.0,31,15.5,34,15.0,33.0,15.0,31.5,6,6,8,10,E,ENE,NE,NNW,78.6,80,92,88,240,17649
1,Kallakurichi,ponmani,alluvial,25,12.5,wet,20,1,40,2,27.13,10.38,15,600,18.5,21.5,185.2,272.8,165.3,251.7,60.0,65.0,19.0,33,17.0,32,16.5,31.5,15.5,32.5,8,6,8,6,W,WNW,SE,S,88.5,95,81,84,100,5612
5,Panruti,delux ponni,alluvial,125,62.5,dry,100,5,200,10,135.65,51.9,75,3000,18.5,21.5,185.2,272.8,165.3,251.7,60.0,65.0,20.0,35,18.0,30,17.5,33.5,18.0,33.0,4,12,4,12,ENE,NE,NNE,W,85.0,96,84,79,400,31045
3,Panruti,CO_43,clay,75,37.5,dry,60,3,120,6,81.39,31.14,45,1800,18.5,21.5,185.2,272.8,165.3,251.7,60.0,65.0,20.0,35,18.0,30,17.5,33.5,18.0,33.0,4,12,4,12,ENE,NE,NNE,W,85.0,96,84,79,270,16827
5,Chinnasalem,ponmani,clay,125,62.5,wet,100,5,200,10,135.65,51.9,75,3000,18.1,21.9,185.6,272.4,166.1,250.9,60.2,64.8,18.0,31,15.5,34,15.0,33.0,15.0,31.5,6,6,8,10,E,ENE,NE,NNW,78.6,80,92,88,500,31420
5,Sankarapuram,ponmani,clay,125,62.5,wet,100,5,200,10,135.65,51.9,75,3000,18.1,21.9,185.6,272.4,166.1,250.9,60.2,64.8,20.5,32,17.5,28,18.0,34.0,16.5,35.0,10,12,10,12,SSE,W,SW,NW,72.7,91,83,81,500,30755
6,Cuddalore,CO_43,clay,150,75.0,dry,120,6,240,12,162.78,62.28,90,3600,19.6,20.4,187.2,270.8,167.0,250.0,61.0,64.0,18.5,34,16.0,30,15.5,31.0,16.0,33.0,4,10,8,10,SW,W,NNW,WSW,72.0,78,88,85,540,38136
5,Kurinjipadi,ponmani,alluvial,125,62.5,dry,100,5,200,10,135.65,51.9,75,3000,19.6,20.4,187.2,270.8,167.0,250.0,61.0,64.0,19.5,34,18.5,35,17.0,32.5,16.0,30.5,10,4,10,6,NW,S,SE,SSE,64.6,85,84,87,500,31135
5,Kurinjipadi,ponmani,alluvial,125,62.5,dry,100,5,200,10,135.65,51.9,75,3000,19.6,20.4,187.2,270.8,167.0,250.0,61.0,64.0,19.5,34,18.5,35,17.0,32.5,16.0,30.5,10,4,10,6,NW,S,SE,SSE,64.6,85,84,87,500,30965
2,Cuddalore,CO_43,alluvial,50,25.0,dry,40,2,80,4,54.26,20.76,30,1200,19.6,20.4,187.2,270.8,167.0,250.0,61.0,64.0,18.5,34,16.0,30,15.5,31.0,16.0,33.0,4,10,8,10,SW,W,NNW,WSW,72.0,78,88,85,180,11672
3,Panruti,ponmani,clay,75,37.5,wet,60,3,120,6,81.39,31.14,45,1800,18.5,21.5,185.2,272.8,165.3,251.7,60.0,65.0,20.0,35,18.0,30,17.5,33.5,18.0,33.0,4,12,4,12,ENE,NE,NNE,W,85.0,96,84,79,300,17508
3,Sankarapuram,CO_43,alluvial,75,37.5,dry,60,3,120,6,81.39,31.14,45,1800,18.1,21.9,185.6,272.4,166.1,250.9,60.2,64.8,20.5,32,17.5,28,18.0,34.0,16.5,35.0,10,12,10,12,SSE,W,SW,NW,72.7,91,83,81,270,17748
2,Kurinjipadi,delux ponni,clay,50,25.0,wet,40,2,80,4,54.26,20.76,30,1200,19.6,20.4,187.2,270.8,167.0,250.0,61.0,64.0,19.5,34,18.5,35,17.0,32.5,16.0,30.5,10,4,10,6,NW,S,SE,SSE,64.6,85,84,87,160,11766
1,Chinnasalem,CO_43,clay,25,12.5,dry,20,1,40,2,27.13,10.38,15,600,18.1,21.9,185.6,272.4,166.1,250.9,60.2,64.8,18.0,31,15.5,34,15.0,33.0,15.0,31.5,6,6,8,10,E,ENE,NE,NNW,78.6,80,92,88,90,5873
3,Chinnasalem,ponmani,alluvial,75,37.5,dry,60,3,120,6,81.39,31.14,45,1800,18.1,21.9,185.6,272.4,166.1,250.9,60.2,64.8,18.0,31,15.5,34,15.0,33.0,15.0,31.5,6,6,8,10,E,ENE,NE,NNW,78.6,80,92,88,300,16359
4,Kallakurichi,ponmani,alluvial,100,50.0,dry,80,4,160,8,108.52,41.52,60,2400,18.5,21.5,185.2,272.8,165.3,251.7,60.0,65.0,19.0,33,17.0,32,16.5,31.5,15.5,32.5,8,6,8,6,W,WNW,SE,S,88.5,95,81,84,400,22696
5,Cuddalore,CO_43,alluvial,125,62.5,wet,100,5,200,10,135.65,51.9,75,3000,19.6,20.4,187.2,270.8,167.0,250.0,61.0,64.0,18.5,34,16.0,30,15.5,31.0,16.0,33.0,4,10,8,10,SW,W,NNW,WSW,72.0,78,88,85,450,32345
4,Kallakurichi,delux ponni,clay,100,50.0,dry,80,4,160,8,108.52,41.52,60,2400,18.5,21.5,185.2,272.8,165.3,251.7,60.0,65.0,19.0,33,17.0,32,16.5,31.5,15.5,32.5,8,6,8,6,W,WNW,SE,S,88.5,95,81,84,320,24828
3,Sankarapuram,CO_43,clay,75,37.5,dry,60,3,120,6,81.39,31.14,45,1800,18.1,21.9,185.6,272.4,166.1,250.9,60.2,64.8,20.5,32,17.5,28,18.0,34.0,16.5,35.0,10,12,10,12,SSE,W,SW,NW,72.7,91,83,81,270,17748
4,Cuddalore,delux ponni,clay,100,50.0,wet,80,4,160,8,108.52,41.52,60,2400,19.6,20.4,187.2,270.8,167.0,250.0,61.0,64.0,18.5,34,16.0,30,15.5,31.0,16.0,33.0,4,10,8,10,SW,W,NNW,WSW,72.0,78,88,85,320,24908
2,Sankarapuram,CO_43,alluvial,50,25.0,dry,40,2,80,4,54.26,20.76,30,1200,18.1,21.9,185.6,272.4,166.1,250.9,60.2,64.8,20.5,32,17.5,28,18.0,34.0,16.5,35.0,10,12,10,12,SSE,W,SW,NW,72.7,91,83,81,180,11218
2,Panruti,ponmani,clay,50,25.0,wet,40,2,80,4,54.26,20.76,30,1200,18.5,21.5,185.2,272.8,165.3,251.7,60.0,65.0,20.0,35,18.0,30,17.5,33.5,18.0,33.0,4,12,4,12,ENE,NE,NNE,W,85.0,96,84,79,200,11746
3,Chinnasalem,CO_43,clay,75,37.5,wet,60,3,120,6,81.39,31.14,45,1800,18.1,21.9,185.6,272.4,166.1,250.9,60.2,64.8,18.0,31,15.5,34,15.0,33.0,15.0,31.5,6,6,8,10,E,ENE,NE,NNW,78.6,80,92,88,270,17280
5,Sankarapuram,delux ponni,alluvial,125,62.5,wet,100,5,200,10,135.65,51.9,75,3000,18.1,21.9,185.6,272.4,166.1,250.9,60.2,64.8,20.5,32,17.5,28,18.0,34.0,16.5,35.0,10,12,10,12,SSE,W,SW,NW,72.7,91,83,81,400,31035
3,Cuddalore,ponmani,alluvial,75,37.5,wet,60,3,120,6,81.39,31.14,45,1800,19.6,20.4,187.2,270.8,167.0,250.0,61.0,64.0,18.5,34,16.0,30,15.5,31.0,16.0,33.0,4,10,8,10,SW,W,NNW,WSW,72.0,78,88,85,300,17619
3,Cuddalore,ponmani,clay,75,37.5,wet,60,3,120,6,81.39,31.14,45,1800,19.6,20.4,187.2,270.8,167.0,250.0,61.0,64.0,18.5,34,16.0,30,15.5,31.0,16.0,33.0,4,10,8,10,SW,W,NNW,WSW,72.0,78,88,85,300,17169
5,Cuddalore,delux ponni,clay,125,62.5,wet,100,5,200,10,135.65,51.9,75,3000,19.6,20.4,187.2,270.8,167.0,250.0,61.0,64.0,18.5,34,16.0,30,15.5,31.0,16.0,33.0,4,10,8,10,SW,W,NNW,WSW,72.0,78,88,85,400,30855
5,Kallakurichi,ponmani,clay,125,62.5,wet,100,5,200,10,135.65,51.9,75,3000,18.5,21.5,185.2,272.8,165.3,251.7,60.0,65.0,19.0,33,17.0,32,16.5,31.5,15.5,32.5,8,6,8,6,W,WNW,SE,S,88.5,95,81,84,500,29365
2,Sankarapuram,CO_43,clay,50,25.0,dry,40,2,80,4,54.26,20.76,30,1200,18.1,21.9,185.6,272.4,166.1,250.9,60.2,64.8,20.5,32,17.5,28,18.0,34.0,16.5,35.0,10,12,10,12,SSE,W,SW,NW,72.7,91,83,81,180,10926
3,Kallakurichi,delux ponni,clay,75,37.5,wet,60,3,120,6,81.39,31.14,45,1800,18.5,21.5,185.2,272.8,165.3,251.7,60.0,65.0,19.0,33,17.0,32,16.5,31.5,15.5,32.5,8,6,8,6,W,WNW,SE,S,88.5,95,81,84,240,17169
2,Panruti,CO_43,clay,50,25.0,dry,40,2,80,4,54.26,20.76,30,1200,18.5,21.5,185.2,272.8,165.3,251.7,60.0,65.0,20.0,35,18.0,30,17.5,33.5,18.0,33.0,4,12,4,12,ENE,NE,NNE,W,85.0,96,84,79,180,11268
3,Chinnasalem,delux ponni,clay,75,37.5,wet,60,3,120,6,81.39,31.14,45,1800,18.1,21.9,185.6,272.4,166.1,250.9,60.2,64.8,18.0,31,15.5,34,15.0,33.0,15.0,31.5,6,6,8,10,E,ENE,NE,NNW,78.6,80,92,88,240,17565
1,Kallakurichi,ponmani,alluvial,25,12.5,dry,20,1,40,2,27.13,10.38,15,600,18.5,21.5,185.2,272.8,165.3,251.7,60.0,65.0,19.0,33,17.0,32,16.5,31.5,15.5,32.5,8,6,8,6,W,WNW,SE,S,88.5,95,81,84,100,5916
3,Kurinjipadi,ponmani,clay,75,37.5,wet,60,3,120,6,81.39,31.14,45,1800,19.6,20.4,187.2,270.8,167.0,250.0,61.0,64.0,19.5,34,18.5,35,17.0,32.5,16.0,30.5,10,4,10,6,NW,S,SE,SSE,64.6,85,84,87,300,17169
5,Cuddalore,delux ponni,alluvial,125,62.5,wet,100,5,200,10,135.65,51.9,75,3000,19.6,20.4,187.2,270.8,167.0,250.0,61.0,64.0,18.5,34,16.0,30,15.5,31.0,16.0,33.0,4,10,8,10,SW,W,NNW,WSW,72.0,78,88,85,400,31135
5,Kurinjipadi,delux ponni,clay,125,62.5,wet,100,5,200,10,135.65,51.9,75,3000,19.6,20.4,187.2,270.8,167.0,250.0,61.0,64.0,19.5,34,18.5,35,17.0,32.5,16.0,30.5,10,4,10,6,NW,S,SE,SSE,64.6,85,84,87,400,30575
3,Kallakurichi,delux ponni,clay,75,37.5,wet,60,3,120,6,81.39,31.14,45,1800,18.5,21.5,185.2,272.8,165.3,251.7,60.0,65.0,19.0,33,17.0,32,16.5,31.5,15.5,32.5,8,6,8,6,W,WNW,SE,S,88.5,95,81,84,240,17748
5,Sankarapuram,CO_43,clay,125,62.5,wet,100,5,200,10,135.65,51.9,75,3000,18.1,21.9,185.6,272.4,166.1,250.9,60.2,64.8,20.5,32,17.5,28,18.0,34.0,16.5,35.0,10,12,10,12,SSE,W,SW,NW,72.7,91,83,81,450,31135
2,Kurinjipadi,CO_43,clay,50,25.0,dry,40,2,80,4,54.26,20.76,30,1200,19.6,20.4,187.2,270.8,167.0,250.0,61.0,64.0,19.5,34,18.5,35,17.0,32.5,16.0,30.5,10,4,10,6,NW,S,SE,SSE,64.6,85,84,87,180,11746
3,Panruti,CO_43,clay,75,37.5,wet,60,3,120,6,81.39,31.14,45,1800,18.5,21.5,185.2,272.8,165.3,251.7,60.0,65.0,20.0,35,18.0,30,17.5,33.5,18.0,33.0,4,12,4,12,ENE,NE,NNE,W,85.0,96,84,79,270,17169
5,Cuddalore,ponmani,alluvial,125,62.5,wet,100,5,200,10,135.65,51.9,75,3000,19.6,20.4,187.2,270.8,167.0,250.0,61.0,64.0,18.5,34,16.0,30,15.5,31.0,16.0,33.0,4,10,8,10,SW,W,NNW,WSW,72.0,78,88,85,500,31135
5,Cuddalore,CO_43,clay,125,62.5,dry,100,5,200,10,135.65,51.9,75,3000,19.6,20.4,187.2,270.8,167.0,250.0,61.0,64.0,18.5,34,16.0,30,15.5,31.0,16.0,33.0,4,10,8,10,SW,W,NNW,WSW,72.0,78,88,85,450,30250
2,Kurinjipadi,delux ponni,alluvial,50,25.0,wet,40,2,80,4,54.26,20.76,30,1200,19.6,20.4,187.2,270.8,167.0,250.0,61.0,64.0,19.5,34,18.5,35,17.0,32.5,16.0,30.5,10,4,10,6,NW,S,SE,SSE,64.6,85,84,87,160,11680
3,Kallakurichi,ponmani,alluvial,75,37.5,dry,60,3,120,6,81.39,31.14,45,1800,18.5,21.5,185.2,272.8,165.3,251.7,60.0,65.0,19.0,33,17.0,32,16.5,31.5,15.5,32.5,8,6,8,6,W,WNW,SE,S,88.5,95,81,84,300,17019
1,Chinnasalem,CO_43,alluvial,25,12.5,wet,20,1,40,2,27.13,10.38,15,600,18.1,21.9,185.6,272.4,166.1,250.9,60.2,64.8,18.0,31,15.5,34,15.0,33.0,15.0,31.5,6,6,8,10,E,ENE,NE,NNW,78.6,80,92,88,90,5836
5,Sankarapuram,CO_43,clay,125,62.5,dry,100,5,200,10,135.65,51.9,75,3000,18.1,21.9,185.6,272.4,166.1,250.9,60.2,64.8,20.5,32,17.5,28,18.0,34.0,16.5,35.0,10,12,10,12,SSE,W,SW,NW,72.7,91,83,81,450,32050
3,Panruti,delux ponni,alluvial,75,37.5,dry,60,3,120,6,81.39,31.14,45,1800,18.5,21.5,185.2,272.8,165.3,251.7,60.0,65.0,20.0,35,18.0,30,17.5,33.5,18.0,33.0,4,12,4,12,ENE,NE,NNE,W,85.0,96,84,79,240,17619
4,Kallakurichi,delux ponni,clay,100,50.0,wet,80,4,160,8,108.52,41.52,60,2400,18.5,21.5,185.2,272.8,165.3,251.7,60.0,65.0,19.0,33,17.0,32,16.5,31.5,15.5,32.5,8,6,8,6,W,WNW,SE,S,88.5,95,81,84,320,22512
5,Kallakurichi,delux ponni,clay,125,62.5,dry,100,5,200,10,135.65,51.9,75,3000,18.5,21.5,185.2,272.8,165.3,251.7,60.0,65.0,19.0,33,17.0,32,16.5,31.5,15.5,32.5,8,6,8,6,W,WNW,SE,S,88.5,95,81,84,400,31625
5,Kurinjipadi,delux ponni,clay,125,62.5,wet,100,5,200,10,135.65,51.9,75,3000,19.6,20.4,187.2,270.8,167.0,250.0,61.0,64.0,19.5,34,18.5,35,17.0,32.5,16.0,30.5,10,4,10,6,NW,S,SE,SSE,64.6,85,84,87,400,31035
5,Cuddalore,CO_43,clay,125,62.5,dry,100,5,200,10,135.65,51.9,75,3000,19.6,20.4,187.2,270.8,167.0,250.0,61.0,64.0,18.5,34,16.0,30,15.5,31.0,16.0,33.0,4,10,8,10,SW,W,NNW,WSW,72.0,78,88,85,450,30460
1,Cuddalore,delux ponni,alluvial,25,12.5,wet,20,1,40,2,27.13,10.38,15,600,19.6,20.4,187.2,270.8,167.0,250.0,61.0,64.0,18.5,34,16.0,30,15.5,31.0,16.0,33.0,4,10,8,10,SW,W,NNW,WSW,72.0,78,88,85,80,5836
4,Chinnasalem,ponmani,clay,100,50.0,wet,80,4,160,8,108.52,41.52,60,2400,18.1,21.9,185.6,272.4,166.1,250.9,60.2,64.8,18.0,31,15.5,34,15.0,33.0,15.0,31.5,6,6,8,10,E,ENE,NE,NNW,78.6,80,92,88,400,24828
5,Cuddalore,delux ponni,alluvial,125,62.5,dry,100,5,200,10,135.65,51.9,75,3000,19.6,20.4,187.2,270.8,167.0,250.0,61.0,64.0,18.5,34,16.0,30,15.5,31.0,16.0,33.0,4,10,8,10,SW,W,NNW,WSW,72.0,78,88,85,400,31400
3,Chinnasalem,ponmani,alluvial,75,37.5,wet,60,3,120,6,81.39,31.14,45,1800,18.1,21.9,185.6,272.4,166.1,250.9,60.2,64.8,18.0,31,15.5,34,15.0,33.0,15.0,31.5,6,6,8,10,E,ENE,NE,NNW,78.6,80,92,88,300,16581
3,Cuddalore,ponmani,clay,75,37.5,dry,60,3,120,6,81.39,31.14,45,1800,19.6,20.4,187.2,270.8,167.0,250.0,61.0,64.0,18.5,34,16.0,30,15.5,31.0,16.0,33.0,4,10,8,10,SW,W,NNW,WSW,72.0,78,88,85,300,17991
5,Kallakurichi,ponmani,clay,125,62.5,wet,100,5,200,10,135.65,51.9,75,3000,18.5,21.5,185.2,272.8,165.3,251.7,60.0,65.0,19.0,33,17.0,32,16.5,31.5,15.5,32.5,8,6,8,6,W,WNW,SE,S,88.5,95,81,84,500,32090
4,Kallakurichi,CO_43,alluvial,100,50.0,wet,80,4,160,8,108.52,41.52,60,2400,18.5,21.5,185.2,272.8,165.3,251.7,60.0,65.0,19.0,33,17.0,32,16.5,31.5,15.5,32.5,8,6,8,6,W,WNW,SE,S,88.5,95,81,84,360,25228
1,Chinnasalem,CO_43,clay,25,12.5,wet,20,1,40,2,27.13,10.38,15,600,18.1,21.9,185.6,272.4,166.1,250.9,60.2,64.8,18.0,31,15.5,34,15.0,33.0,15.0,31.5,6,6,8,10,E,ENE,NE,NNW,78.6,80,92,88,90,5873
5,Chinnasalem,ponmani,clay,125,62.5,dry,100,5,200,10,135.65,51.9,75,3000,18.1,21.9,185.6,272.4,166.1,250.9,60.2,64.8,18.0,31,15.5,34,15.0,33.0,15.0,31.5,6,6,8,10,E,ENE,NE,NNW,78.6,80,92,88,500,28615
5,Sankarapuram,CO_43,clay,125,62.5,dry,100,5,200,10,135.65,51.9,75,3000,18.1,21.9,185.6,272.4,166.1,250.9,60.2,64.8,20.5,32,17.5,28,18.0,34.0,16.5,35.0,10,12,10,12,SSE,W,SW,NW,72.7,91,83,81,450,31605
3,Kurinjipadi,CO_43,alluvial,75,37.5,dry,60,3,120,6,81.39,31.14,45,1800,19.6,20.4,187.2,270.8,167.0,250.0,61.0,64.0,19.5,34,18.5,35,17.0,32.5,16.0,30.5,10,4,10,6,NW,S,SE,SSE,64.6,85,84,87,270,17508
5,Chinnasalem,delux ponni,clay,125,62.5,dry,100,5,200,10,135.65,51.9,75,3000,18.1,21.9,185.6,272.4,166.1,250.9,60.2,64.8,18.0,31,15.5,34,15.0,33.0,15.0,31.5,6,6,8,10,E,ENE,NE,NNW,78.6,80,92,88,400,31135
5,Chinnasalem,ponmani,alluvial,125,62.5,dry,100,5,200,10,135.65,51.9,75,3000,18.1,21.9,185.6,272.4,166.1,250.9,60.2,64.8,18.0,31,15.5,34,15.0,33.0,15.0,31.5,6,6,8,10,E,ENE,NE,NNW,78.6,80,92,88,500,31555
6,Cuddalore,CO_43,alluvial,150,75.0,wet,120,6,240,12,162.78,62.28,90,3600,19.6,20.4,187.2,270.8,167.0,250.0,61.0,64.0,18.5,34,16.0,30,15.5,31.0,16.0,33.0,4,10,8,10,SW,W,NNW,WSW,72.0,78,88,85,540,35238
5,Cuddalore,delux ponni,clay,125,62.5,wet,100,5,200,10,135.65,51.9,75,3000,19.6,20.4,187.2,270.8,167.0,250.0,61.0,64.0,18.5,34,16.0,30,15.5,31.0,16.0,33.0,4,10,8,10,SW,W,NNW,WSW,72.0,78,88,85,400,30905
2,Cuddalore,ponmani,clay,50,25.0,wet,40,2,80,4,54.26,20.76,30,1200,19.6,20.4,187.2,270.8,167.0,250.0,61.0,64.0,18.5,34,16.0,30,15.5,31.0,16.0,33.0,4,10,8,10,SW,W,NNW,WSW,72.0,78,88,85,200,11766
1,Kurinjipadi,delux ponni,alluvial,25,12.5,dry,20,1,40,2,27.13,10.38,15,600,19.6,20.4,187.2,270.8,167.0,250.0,61.0,64.0,19.5,34,18.5,35,17.0,32.5,16.0,30.5,10,4,10,6,NW,S,SE,SSE,64.6,85,84,87,80,5453
1,Kallakurichi,delux ponni,clay,25,12.5,wet,20,1,40,2,27.13,10.38,15,600,18.5,21.5,185.2,272.8,165.3,251.7,60.0,65.0,19.0,33,17.0,32,16.5,31.5,15.5,32.5,8,6,8,6,W,WNW,SE,S,88.5,95,81,84,80,5723
5,Kallakurichi,ponmani,clay,125,62.5,dry,100,5,200,10,135.65,51.9,75,3000,18.5,21.5,185.2,272.8,165.3,251.7,60.0,65.0,19.0,33,17.0,32,16.5,31.5,15.5,32.5,8,6,8,6,W,WNW,SE,S,88.5,95,81,84,500,32155
2,Kallakurichi,ponmani,alluvial,50,25.0,wet,40,2,80,4,54.26,20.76,30,1200,18.5,21.5,185.2,272.8,165.3,251.7,60.0,65.0,19.0,33,17.0,32,16.5,31.5,15.5,32.5,8,6,8,6,W,WNW,SE,S,88.5,95,81,84,200,10912
3,Kallakurichi,ponmani,clay,75,37.5,dry,60,3,120,6,81.39,31.14,45,1800,18.5,21.5,185.2,272.8,165.3,251.7,60.0,65.0,19.0,33,17.0,32,16.5,31.5,15.5,32.5,8,6,8,6,W,WNW,SE,S,88.5,95,81,84,300,17508
4,Sankarapuram,ponmani,clay,100,50.0,dry,80,4,160,8,108.52,41.52,60,2400,18.1,21.9,185.6,272.4,166.1,250.9,60.2,64.8,20.5,32,17.5,28,18.0,34.0,16.5,35.0,10,12,10,12,SSE,W,SW,NW,72.7,91,83,81,400,24200
6,Cuddalore,CO_43,clay,150,75.0,dry,120,6,240,12,162.78,62.28,90,3600,19.6,20.4,187.2,270.8,167.0,250.0,61.0,64.0,18.5,34,16.0,30,15.5,31.0,16.0,33.0,4,10,8,10,SW,W,NNW,WSW,72.0,78,88,85,540,35238
5,Chinnasalem,ponmani,alluvial,125,62.5,dry,100,5,200,10,135.65,51.9,75,3000,18.1,21.9,185.6,272.4,166.1,250.9,60.2,64.8,18.0,31,15.5,34,15.0,33.0,15.0,31.5,6,6,8,10,E,ENE,NE,NNW,78.6,80,92,88,500,31810
5,Sankarapuram,ponmani,alluvial,125,62.5,dry,100,5,200,10,135.65,51.9,75,3000,18.1,21.9,185.6,272.4,166.1,250.9,60.2,64.8,20.5,32,17.5,28,18.0,34.0,16.5,35.0,10,12,10,12,SSE,W,SW,NW,72.7,91,83,81,500,30355
4,Sankarapuram,ponmani,clay,100,50.0,dry,80,4,160,8,108.52,41.52,60,2400,18.1,21.9,185.6,272.4,166.1,250.9,60.2,64.8,20.5,32,17.5,28,18.0,34.0,16.5,35.0,10,12,10,12,SSE,W,SW,NW,72.7,91,83,81,400,23420
4,Kallakurichi,CO_43,clay,100,50.0,dry,80,4,160,8,108.52,41.52,60,2400,18.5,21.5,185.2,272.8,165.3,251.7,60.0,65.0,19.0,33,17.0,32,16.5,31.5,15.5,32.5,8,6,8,6,W,WNW,SE,S,88.5,95,81,84,360,22120
2,Kallakurichi,delux ponni,alluvial,50,25.0,wet,40,2,80,4,54.26,20.76,30,1200,18.5,21.5,185.2,272.8,165.3,251.7,60.0,65.0,19.0,33,17.0,32,16.5,31.5,15.5,32.5,8,6,8,6,W,WNW,SE,S,88.5,95,81,84,160,11746
4,Sankarapuram,delux ponni,clay,100,50.0,dry,80,4,160,8,108.52,41.52,60,2400,18.1,21.9,185.6,272.4,166.1,250.9,60.2,64.8,20.5,32,17.5,28,18.0,34.0,16.5,35.0,10,12,10,12,SSE,W,SW,NW,72.7,91,83,81,320,24324
6,Cuddalore,delux ponni,alluvial,150,75.0,dry,120,6,240,12,162.78,62.28,90,3600,19.6,20.4,187.2,270.8,167.0,250.0,61.0,64.0,18.5,34,16.0,30,15.5,31.0,16.0,33.0,4,10,8,10,SW,W,NNW,WSW,72.0,78,88,85,480,36732
4,Cuddalore,delux ponni,clay,100,50.0,wet,80,4,160,8,108.52,41.52,60,2400,19.6,20.4,187.2,270.8,167.0,250.0,61.0,64.0,18.5,34,16.0,30,15.5,31.0,16.0,33.0,4,10,8,10,SW,W,NNW,WSW,72.0,78,88,85,320,25120
3,Kurinjipadi,delux ponni,alluvial,75,37.5,wet,60,3,120,6,81.39,31.14,45,1800,19.6,20.4,187.2,270.8,167.0,250.0,61.0,64.0,19.5,34,18.5,35,17.0,32.5,16.0,30.5,10,4,10,6,NW,S,SE,SSE,64.6,85,84,87,240,16389
4,Chinnasalem,ponmani,alluvial,100,50.0,dry,80,4,160,8,108.52,41.52,60,2400,18.1,21.9,185.6,272.4,166.1,250.9,60.2,64.8,18.0,31,15.5,34,15.0,33.0,15.0,31.5,6,6,8,10,E,ENE,NE,NNW,78.6,80,92,88,400,24908
2,Sankarapuram,ponmani,clay,50,25.0,dry,40,2,80,4,54.26,20.76,30,1200,18.1,21.9,185.6,272.4,166.1,250.9,60.2,64.8,20.5,32,17.5,28,18.0,34.0,16.5,35.0,10,12,10,12,SSE,W,SW,NW,72.7,91,83,81,200,11998
1,Chinnasalem,CO_43,clay,25,12.5,dry,20,1,40,2,27.13,10.38,15,600,18.1,21.9,185.6,272.4,166.1,250.9,60.2,64.8,18.0,31,15.5,34,15.0,33.0,15.0,31.5,6,6,8,10,E,ENE,NE,NNW,78.6,80,92,88,90,5916
5,Sankarapuram,ponmani,clay,125,62.5,wet,100,5,200,10,135.65,51.9,75,3000,18.1,21.9,185.6,272.4,166.1,250.9,60.2,64.8,20.5,32,17.5,28,18.0,34.0,16.5,35.0,10,12,10,12,SSE,W,SW,NW,72.7,91,83,81,500,32090
4,Kurinjipadi,CO_43,alluvial,100,50.0,wet,80,4,160,8,108.52,41.52,60,2400,19.6,20.4,187.2,270.8,167.0,250.0,61.0,64.0,19.5,34,18.5,35,17.0,32.5,16.0,30.5,10,4,10,6,NW,S,SE,SSE,64.6,85,84,87,360,23844
3,Kallakurichi,ponmani,alluvial,75,37.5,wet,60,3,120,6,81.39,31.14,45,1800,18.5,21.5,185.2,272.8,165.3,251.7,60.0,65.0,19.0,33,17.0,32,16.5,31.5,15.5,32.5,8,6,8,6,W,WNW,SE,S,88.5,95,81,84,300,17748
5,Chinnasalem,delux ponni,clay,125,62.5,dry,100,5,200,10,135.65,51.9,75,3000,18.1,21.9,185.6,272.4,166.1,250.9,60.2,64.8,18.0,31,15.5,34,15.0,33.0,15.0,31.5,6,6,8,10,E,ENE,NE,NNW,78.6,80,92,88,400,31815
5,Sankarapuram,CO_43,alluvial,125,62.5,wet,100,5,200,10,135.65,51.9,75,3000,18.1,21.9,185.6,272.4,166.1,250.9,60.2,64.8,20.5,32,17.5,28,18.0,34.0,16.5,35.0,10,12,10,12,SSE,W,SW,NW,72.7,91,83,81,450,30855
4,Kallakurichi,ponmani,clay,100,50.0,wet,80,4,160,8,108.52,41.52,60,2400,18.5,21.5,185.2,272.8,165.3,251.7,60.0,65.0,19.0,33,17.0,32,16.5,31.5,15.5,32.5,8,6,8,6,W,WNW,SE,S,88.5,95,81,84,400,24836
3,Sankarapuram,ponmani,clay,75,37.5,wet,60,3,120,6,81.39,31.14,45,1800,18.1,21.9,185.6,272.4,166.1,250.9,60.2,64.8,20.5,32,17.5,28,18.0,34.0,16.5,35.0,10,12,10,12,SSE,W,SW,NW,72.7,91,83,81,300,17748
5,Panruti,delux ponni,clay,125,62.5,wet,100,5,200,10,135.65,51.9,75,3000,18.5,21.5,185.2,272.8,165.3,251.7,60.0,65.0,20.0,35,18.0,30,17.5,33.5,18.0,33.0,4,12,4,12,ENE,NE,NNE,W,85.0,96,84,79,400,32345
2,Kurinjipadi,delux ponni,clay,50,25.0,dry,40,2,80,4,54.26,20.76,30,1200,19.6,20.4,187.2,270.8,167.0,250.0,61.0,64.0,19.5,34,18.5,35,17.0,32.5,16.0,30.5,10,4,10,6,NW,S,SE,SSE,64.6,85,84,87,160,11282
5,Panruti,ponmani,clay,125,62.5,dry,100,5,200,10,135.65,51.9,75,3000,18.5,21.5,185.2,272.8,165.3,251.7,60.0,65.0,20.0,35,18.0,30,17.5,33.5,18.0,33.0,4,12,4,12,ENE,NE,NNE,W,85.0,96,84,79,500,30755
5,Kallakurichi,delux ponni,alluvial,125,62.5,dry,100,5,200,10,135.65,51.9,75,3000,18.5,21.5,185.2,272.8,165.3,251.7,60.0,65.0,19.0,33,17.0,32,16.5,31.5,15.5,32.5,8,6,8,6,W,WNW,SE,S,88.5,95,81,84,400,31135
4,Kallakurichi,CO_43,clay,100,50.0,dry,80,4,160,8,108.52,41.52,60,2400,18.5,21.5,185.2,272.8,165.3,251.7,60.0,65.0,19.0,33,17.0,32,16.5,31.5,15.5,32.5,8,6,8,6,W,WNW,SE,S,88.5,95,81,84,360,25452
3,Panruti,ponmani,clay,75,37.5,dry,60,3,120,6,81.39,31.14,45,1800,18.5,21.5,185.2,272.8,165.3,251.7,60.0,65.0,20.0,35,18.0,30,17.5,33.5,18.0,33.0,4,12,4,12,ENE,NE,NNE,W,85.0,96,84,79,300,17508
6,Sankarapuram,ponmani,clay,150,75.0,dry,120,6,240,12,162.78,62.28,90,3600,18.1,21.9,185.6,272.4,166.1,250.9,60.2,64.8,20.5,32,17.5,28,18.0,34.0,16.5,35.0,10,12,10,12,SSE,W,SW,NW,72.7,91,83,81,600,37680
5,Sankarapuram,delux ponni,clay,125,62.5,wet,100,5,200,10,135.65,51.9,75,3000,18.1,21.9,185.6,272.4,166.1,250.9,60.2,64.8,20.5,32,17.5,28,18.0,34.0,16.5,35.0,10,12,10,12,SSE,W,SW,NW,72.7,91,83,81,400,30610
6,Chinnasalem,delux ponni,clay,150,75.0,dry,120,6,240,12,162.78,62.28,90,3600,18.1,21.9,185.6,272.4,166.1,250.9,60.2,64.8,18.0,31,15.5,34,15.0,33.0,15.0,31.5,6,6,8,10,E,ENE,NE,NNW,78.6,80,92,88,480,36300
3,Panruti,ponmani,clay,75,37.5,dry,60,3,120,6,81.39,31.14,45,1800,18.5,21.5,185.2,272.8,165.3,251.7,60.0,65.0,20.0,35,18.0,30,17.5,33.5,18.0,33.0,4,12,4,12,ENE,NE,NNE,W,85.0,96,84,79,300,17508
2,Kurinjipadi,delux ponni,clay,50,25.0,wet,40,2,80,4,54.26,20.76,30,1200,19.6,20.4,187.2,270.8,167.0,250.0,61.0,64.0,19.5,34,18.5,35,17.0,32.5,16.0,30.5,10,4,10,6,NW,S,SE,SSE,64.6,85,84,87,160,11780
5,Cuddalore,ponmani,clay,125,62.5,dry,100,5,200,10,135.65,51.9,75,3000,19.6,20.4,187.2,270.8,167.0,250.0,61.0,64.0,18.5,34,16.0,30,15.5,31.0,16.0,33.0,4,10,8,10,SW,W,NNW,WSW,72.0,78,88,85,500,30610
1,Cuddalore,ponmani,clay,25,12.5,wet,20,1,40,2,27.13,10.38,15,600,19.6,20.4,187.2,270.8,167.0,250.0,61.0,64.0,18.5,34,16.0,30,15.5,31.0,16.0,33.0,4,10,8,10,SW,W,NNW,WSW,72.0,78,88,85,100,5836
6,Sankarapuram,CO_43,alluvial,150,75.0,dry,120,6,240,12,162.78,62.28,90,3600,18.1,21.9,185.6,272.4,166.1,250.9,60.2,64.8,20.5,32,17.5,28,18.0,34.0,16.5,35.0,10,12,10,12,SSE,W,SW,NW,72.7,91,83,81,540,38814
6,Kallakurichi,CO_43,alluvial,150,75.0,wet,120,6,240,12,162.78,62.28,90,3600,18.5,21.5,185.2,272.8,165.3,251.7,60.0,65.0,19.0,33,17.0,32,16.5,31.5,15.5,32.5,8,6,8,6,W,WNW,SE,S,88.5,95,81,84,540,32952
3,Sankarapuram,delux ponni,clay,75,37.5,dry,60,3,120,6,81.39,31.14,45,1800,18.1,21.9,185.6,272.4,166.1,250.9,60.2,64.8,20.5,32,17.5,28,18.0,34.0,16.5,35.0,10,12,10,12,SSE,W,SW,NW,72.7,91,83,81,240,17508
4,Panruti,CO_43,clay,100,50.0,dry,80,4,160,8,108.52,41.52,60,2400,18.5,21.5,185.2,272.8,165.3,251.7,60.0,65.0,20.0,35,18.0,30,17.5,33.5,18.0,33.0,4,12,4,12,ENE,NE,NNE,W,85.0,96,84,79,360,24460
5,Cuddalore,CO_43,clay,125,62.5,wet,100,5,200,10,135.65,51.9,75,3000,19.6,20.4,187.2,270.8,167.0,250.0,61.0,64.0,18.5,34,16.0,30,15.5,31.0,16.0,33.0,4,10,8,10,SW,W,NNW,WSW,72.0,78,88,85,450,31400
1,Chinnasalem,ponmani,clay,25,12.5,dry,20,1,40,2,27.13,10.38,15,600,18.1,21.9,185.6,272.4,166.1,250.9,60.2,64.8,18.0,31,15.5,34,15.0,33.0,15.0,31.5,6,6,8,10,E,ENE,NE,NNW,78.6,80,92,88,100,5916
4,Kallakurichi,delux ponni,alluvial,100,50.0,wet,80,4,160,8,108.52,41.52,60,2400,18.5,21.5,185.2,272.8,165.3,251.7,60.0,65.0,19.0,33,17.0,32,16.5,31.5,15.5,32.5,8,6,8,6,W,WNW,SE,S,88.5,95,81,84,320,24724
3,Kallakurichi,delux ponni,clay,75,37.5,dry,60,3,120,6,81.39,31.14,45,1800,18.5,21.5,185.2,272.8,165.3,251.7,60.0,65.0,19.0,33,17.0,32,16.5,31.5,15.5,32.5,8,6,8,6,W,WNW,SE,S,88.5,95,81,84,240,17619
5,Kallakurichi,ponmani,clay,125,62.5,dry,100,5,200,10,135.65,51.9,75,3000,18.5,21.5,185.2,272.8,165.3,251.7,60.0,65.0,19.0,33,17.0,32,16.5,31.5,15.5,32.5,8,6,8,6,W,WNW,SE,S,88.5,95,81,84,500,29335
6,Cuddalore,CO_43,alluvial,150,75.0,wet,120,6,240,12,162.78,62.28,90,3600,19.6,20.4,187.2,270.8,167.0,250.0,61.0,64.0,18.5,34,16.0,30,15.5,31.0,16.0,33.0,4,10,8,10,SW,W,NNW,WSW,72.0,78,88,85,540,34338
5,Sankarapuram,delux ponni,clay,125,62.5,wet,100,5,200,10,135.65,51.9,75,3000,18.1,21.9,185.6,272.4,166.1,250.9,60.2,64.8,20.5,32,17.5,28,18.0,34.0,16.5,35.0,10,12,10,12,SSE,W,SW,NW,72.7,91,83,81,400,31815
5,Sankarapuram,CO_43,alluvial,125,62.5,dry,100,5,200,10,135.65,51.9,75,3000,18.1,21.9,185.6,272.4,166.1,250.9,60.2,64.8,20.5,32,17.5,28,18.0,34.0,16.5,35.0,10,12,10,12,SSE,W,SW,NW,72.7,91,83,81,450,29365
1,Panruti,delux ponni,alluvial,25,12.5,wet,20,1,40,2,27.13,10.38,15,600,18.5,21.5,185.2,272.8,165.3,251.7,60.0,65.0,20.0,35,18.0,30,17.5,33.5,18.0,33.0,4,12,4,12,ENE,NE,NNE,W,85.0,96,84,79,80,5527
4,Panruti,CO_43,clay,100,50.0,wet,80,4,160,8,108.52,41.52,60,2400,18.5,21.5,185.2,272.8,165.3,251.7,60.0,65.0,20.0,35,18.0,30,17.5,33.5,18.0,33.0,4,12,4,12,ENE,NE,NNE,W,85.0,96,84,79,360,22936
4,Kurinjipadi,delux ponni,alluvial,100,50.0,dry,80,4,160,8,108.52,41.52,60,2400,19.6,20.4,187.2,270.8,167.0,250.0,61.0,64.0,19.5,34,18.5,35,17.0,32.5,16.0,30.5,10,4,10,6,NW,S,SE,SSE,64.6,85,84,87,320,25244
5,Kurinjipadi,ponmani,alluvial,125,62.5,dry,100,5,200,10,135.65,51.9,75,3000,19.6,20.4,187.2,270.8,167.0,250.0,61.0,64.0,19.5,34,18.5,35,17.0,32.5,16.0,30.5,10,4,10,6,NW,S,SE,SSE,64.6,85,84,87,500,30405
4,Sankarapuram,ponmani,alluvial,100,50.0,wet,80,4,160,8,108.52,41.52,60,2400,18.1,21.9,185.6,272.4,166.1,250.9,60.2,64.8,20.5,32,17.5,28,18.0,34.0,16.5,35.0,10,12,10,12,SSE,W,SW,NW,72.7,91,83,81,400,23420
2,Sankarapuram,ponmani,clay,50,25.0,dry,40,2,80,4,54.26,20.76,30,1200,18.1,21.9,185.6,272.4,166.1,250.9,60.2,64.8,20.5,32,17.5,28,18.0,34.0,16.5,35.0,10,12,10,12,SSE,W,SW,NW,72.7,91,83,81,200,11832
2,Kallakurichi,ponmani,clay,50,25.0,wet,40,2,80,4,54.26,20.76,30,1200,18.5,21.5,185.2,272.8,165.3,251.7,60.0,65.0,19.0,33,17.0,32,16.5,31.5,15.5,32.5,8,6,8,6,W,WNW,SE,S,88.5,95,81,84,200,11054
4,Cuddalore,CO_43,clay,100,50.0,dry,80,4,160,8,108.52,41.52,60,2400,19.6,20.4,187.2,270.8,167.0,250.0,61.0,64.0,18.5,34,16.0,30,15.5,31.0,16.0,33.0,4,10,8,10,SW,W,NNW,WSW,72.0,78,88,85,360,24460
5,Panruti,CO_43,alluvial,125,62.5,dry,100,5,200,10,135.65,51.9,75,3000,18.5,21.5,185.2,272.8,165.3,251.7,60.0,65.0,20.0,35,18.0,30,17.5,33.5,18.0,33.0,4,12,4,12,ENE,NE,NNE,W,85.0,96,84,79,450,32050
2,Kallakurichi,ponmani,alluvial,50,25.0,wet,40,2,80,4,54.26,20.76,30,1200,18.5,21.5,185.2,272.8,165.3,251.7,60.0,65.0,19.0,33,17.0,32,16.5,31.5,15.5,32.5,8,6,8,6,W,WNW,SE,S,88.5,95,81,84,200,11430
4,Kurinjipadi,delux ponni,clay,100,50.0,dry,80,4,160,8,108.52,41.52,60,2400,19.6,20.4,187.2,270.8,167.0,250.0,61.0,64.0,19.5,34,18.5,35,17.0,32.5,16.0,30.5,10,4,10,6,NW,S,SE,SSE,64.6,85,84,87,320,24724
4,Panruti,ponmani,alluvial,100,50.0,wet,80,4,160,8,108.52,41.52,60,2400,18.5,21.5,185.2,272.8,165.3,251.7,60.0,65.0,20.0,35,18.0,30,17.5,33.5,18.0,33.0,4,12,4,12,ENE,NE,NNE,W,85.0,96,84,79,400,25672
2,Kallakurichi,CO_43,clay,50,25.0,wet,40,2,80,4,54.26,20.76,30,1200,18.5,21.5,185.2,272.8,165.3,251.7,60.0,65.0,19.0,33,17.0,32,16.5,31.5,15.5,32.5,8,6,8,6,W,WNW,SE,S,88.5,95,81,84,180,11054
3,Sankarapuram,delux ponni,clay,75,37.5,dry,60,3,120,6,81.39,31.14,45,1800,18.1,21.9,185.6,272.4,166.1,250.9,60.2,64.8,20.5,32,17.5,28,18.0,34.0,16.5,35.0,10,12,10,12,SSE,W,SW,NW,72.7,91,83,81,240,17589
5,Kurinjipadi,delux ponni,clay,125,62.5,dry,100,5,200,10,135.65,51.9,75,3000,19.6,20.4,187.2,270.8,167.0,250.0,61.0,64.0,19.5,34,18.5,35,17.0,32.5,16.0,30.5,10,4,10,6,NW,S,SE,SSE,64.6,85,84,87,400,30575
6,Sankarapuram,ponmani,alluvial,150,75.0,dry,120,6,240,12,162.78,62.28,90,3600,18.1,21.9,185.6,272.4,166.1,250.9,60.2,64.8,20.5,32,17.5,28,18.0,34.0,16.5,35.0,10,12,10,12,SSE,W,SW,NW,72.7,91,83,81,600,37254
4,Sankarapuram,ponmani,alluvial,100,50.0,dry,80,4,160,8,108.52,41.52,60,2400,18.1,21.9,185.6,272.4,166.1,250.9,60.2,64.8,20.5,32,17.5,28,18.0,34.0,16.5,35.0,10,12,10,12,SSE,W,SW,NW,72.7,91,83,81,400,25244
5,Panruti,CO_43,alluvial,125,62.5,wet,100,5,200,10,135.65,51.9,75,3000,18.5,21.5,185.2,272.8,165.3,251.7,60.0,65.0,20.0,35,18.0,30,17.5,33.5,18.0,33.0,4,12,4,12,ENE,NE,NNE,W,85.0,96,84,79,450,31815
3,Kurinjipadi,delux ponni,alluvial,75,37.5,dry,60,3,120,6,81.39,31.14,45,1800,19.6,20.4,187.2,270.8,167.0,250.0,61.0,64.0,19.5,34,18.5,35,17.0,32.5,16.0,30.5,10,4,10,6,NW,S,SE,SSE,64.6,85,84,87,240,17508
6,Panruti,delux ponni,clay,150,75.0,wet,120,6,240,12,162.78,62.28,90,3600,18.5,21.5,185.2,272.8,165.3,251.7,60.0,65.0,20.0,35,18.0,30,17.5,33.5,18.0,33.0,4,12,4,12,ENE,NE,NNE,W,85.0,96,84,79,480,37680
4,Chinnasalem,delux ponni,clay,100,50.0,dry,80,4,160,8,108.52,41.52,60,2400,18.1,21.9,185.6,272.4,166.1,250.9,60.2,64.8,18.0,31,15.5,34,15.0,33.0,15.0,31.5,6,6,8,10,E,ENE,NE,NNW,78.6,80,92,88,320,25584
1,Panruti,CO_43,clay,25,12.5,dry,20,1,40,2,27.13,10.38,15,600,18.5,21.5,185.2,272.8,165.3,251.7,60.0,65.0,20.0,35,18.0,30,17.5,33.5,18.0,33.0,4,12,4,12,ENE,NE,NNE,W,85.0,96,84,79,90,5723
3,Panruti,ponmani,alluvial,75,37.5,dry,60,3,120,6,81.39,31.14,45,1800,18.5,21.5,185.2,272.8,165.3,251.7,60.0,65.0,20.0,35,18.0,30,17.5,33.5,18.0,33.0,4,12,4,12,ENE,NE,NNE,W,85.0,96,84,79,300,17748
4,Panruti,delux ponni,clay,100,50.0,wet,80,4,160,8,108.52,41.52,60,2400,18.5,21.5,185.2,272.8,165.3,251.7,60.0,65.0,20.0,35,18.0,30,17.5,33.5,18.0,33.0,4,12,4,12,ENE,NE,NNE,W,85.0,96,84,79,320,24432
5,Panruti,delux ponni,alluvial,125,62.5,dry,100,5,200,10,135.65,51.9,75,3000,18.5,21.5,185.2,272.8,165.3,251.7,60.0,65.0,20.0,35,18.0,30,17.5,33.5,18.0,33.0,4,12,4,12,ENE,NE,NNE,W,85.0,96,84,79,400,31135
4,Panruti,ponmani,clay,100,50.0,dry,80,4,160,8,108.52,41.52,60,2400,18.5,21.5,185.2,272.8,165.3,251.7,60.0,65.0,20.0,35,18.0,30,17.5,33.5,18.0,33.0,4,12,4,12,ENE,NE,NNE,W,85.0,96,84,79,400,25228
2,Cuddalore,CO_43,clay,50,25.0,wet,40,2,80,4,54.26,20.76,30,1200,19.6,20.4,187.2,270.8,167.0,250.0,61.0,64.0,18.5,34,16.0,30,15.5,31.0,16.0,33.0,4,10,8,10,SW,W,NNW,WSW,72.0,78,88,85,180,10820
2,Cuddalore,delux ponni,clay,50,25.0,wet,40,2,80,4,54.26,20.76,30,1200,19.6,20.4,187.2,270.8,167.0,250.0,61.0,64.0,18.5,34,16.0,30,15.5,31.0,16.0,33.0,4,10,8,10,SW,W,NNW,WSW,72.0,78,88,85,160,10926
4,Kallakurichi,ponmani,alluvial,100,50.0,wet,80,4,160,8,108.52,41.52,60,2400,18.5,21.5,185.2,272.8,165.3,251.7,60.0,65.0,19.0,33,17.0,32,16.5,31.5,15.5,32.5,8,6,8,6,W,WNW,SE,S,88.5,95,81,84,400,24684
5,Chinnasalem,delux ponni,alluvial,125,62.5,wet,100,5,200,10,135.65,51.9,75,3000,18.1,21.9,185.6,272.4,166.1,250.9,60.2,64.8,18.0,31,15.5,34,15.0,33.0,15.0,31.5,6,6,8,10,E,ENE,NE,NNW,78.6,80,92,88,400,31535
4,Chinnasalem,CO_43,clay,100,50.0,dry,80,4,160,8,108.52,41.52,60,2400,18.1,21.9,185.6,272.4,166.1,250.9,60.2,64.8,18.0,31,15.5,34,15.0,33.0,15.0,31.5,6,6,8,10,E,ENE,NE,NNW,78.6,80,92,88,360,24836
2,Kurinjipadi,ponmani,alluvial,50,25.0,dry,40,2,80,4,54.26,20.76,30,1200,19.6,20.4,187.2,270.8,167.0,250.0,61.0,64.0,19.5,34,18.5,35,17.0,32.5,16.0,30.5,10,4,10,6,NW,S,SE,SSE,64.6,85,84,87,200,11766
2,Chinnasalem,ponmani,alluvial,50,25.0,wet,40,2,80,4,54.26,20.76,30,1200,18.1,21.9,185.6,272.4,166.1,250.9,60.2,64.8,18.0,31,15.5,34,15.0,33.0,15.0,31.5,6,6,8,10,E,ENE,NE,NNW,78.6,80,92,88,200,11746
2,Chinnasalem,delux ponni,clay,50,25.0,wet,40,2,80,4,54.26,20.76,30,1200,18.1,21.9,185.6,272.4,166.1,250.9,60.2,64.8,18.0,31,15.5,34,15.0,33.0,15.0,31.5,6,6,8,10,E,ENE,NE,NNW,78.6,80,92,88,160,11574
5,Kurinjipadi,CO_43,alluvial,125,62.5,wet,100,5,200,10,135.65,51.9,75,3000,19.6,20.4,187.2,270.8,167.0,250.0,61.0,64.0,19.5,34,18.5,35,17.0,32.5,16.0,30.5,10,4,10,6,NW,S,SE,SSE,64.6,85,84,87,450,32050
6,Sankarapuram,ponmani,alluvial,150,75.0,wet,120,6,240,12,162.78,62.28,90,3600,18.1,21.9,185.6,272.4,166.1,250.9,60.2,64.8,20.5,32,17.5,28,18.0,34.0,16.5,35.0,10,12,10,12,SSE,W,SW,NW,72.7,91,83,81,600,32718
4,Cuddalore,delux ponni,alluvial,100,50.0,wet,80,4,160,8,108.52,41.52,60,2400,19.6,20.4,187.2,270.8,167.0,250.0,61.0,64.0,18.5,34,16.0,30,15.5,31.0,16.0,33.0,4,10,8,10,SW,W,NNW,WSW,72.0,78,88,85,320,24828
4,Panruti,CO_43,clay,100,50.0,dry,80,4,160,8,108.52,41.52,60,2400,18.5,21.5,185.2,272.8,165.3,251.7,60.0,65.0,20.0,35,18.0,30,17.5,33.5,18.0,33.0,4,12,4,12,ENE,NE,NNE,W,85.0,96,84,79,360,22320
3,Cuddalore,delux ponni,clay,75,37.5,dry,60,3,120,6,81.39,31.14,45,1800,19.6,20.4,187.2,270.8,167.0,250.0,61.0,64.0,18.5,34,16.0,30,15.5,31.0,16.0,33.0,4,10,8,10,SW,W,NNW,WSW,72.0,78,88,85,240,17589
5,Cuddalore,delux ponni,clay,125,62.5,wet,100,5,200,10,135.65,51.9,75,3000,19.6,20.4,187.2,270.8,167.0,250.0,61.0,64.0,18.5,34,16.0,30,15.5,31.0,16.0,33.0,4,10,8,10,SW,W,NNW,WSW,72.0,78,88,85,400,31555
2,Panruti,ponmani,clay,50,25.0,wet,40,2,80,4,54.26,20.76,30,1200,18.5,21.5,185.2,272.8,165.3,251.7,60.0,65.0,20.0,35,18.0,30,17.5,33.5,18.0,33.0,4,12,4,12,ENE,NE,NNE,W,85.0,96,84,79,200,11424
3,Sankarapuram,ponmani,clay,75,37.5,dry,60,3,120,6,81.39,31.14,45,1800,18.1,21.9,185.6,272.4,166.1,250.9,60.2,64.8,20.5,32,17.5,28,18.0,34.0,16.5,35.0,10,12,10,12,SSE,W,SW,NW,72.7,91,83,81,300,16230
6,Chinnasalem,delux ponni,clay,150,75.0,dry,120,6,240,12,162.78,62.28,90,3600,18.1,21.9,185.6,272.4,166.1,250.9,60.2,64.8,18.0,31,15.5,34,15.0,33.0,15.0,31.5,6,6,8,10,E,ENE,NE,NNW,78.6,80,92,88,480,37950
2,Kallakurichi,CO_43,alluvial,50,25.0,wet,40,2,80,4,54.26,20.76,30,1200,18.5,21.5,185.2,272.8,165.3,251.7,60.0,65.0,19.0,33,17.0,32,16.5,31.5,15.5,32.5,8,6,8,6,W,WNW,SE,S,88.5,95,81,84,180,11816
4,Kurinjipadi,delux ponni,clay,100,50.0,dry,80,4,160,8,108.52,41.52,60,2400,19.6,20.4,187.2,270.8,167.0,250.0,61.0,64.0,19.5,34,18.5,35,17.0,32.5,16.0,30.5,10,4,10,6,NW,S,SE,SSE,64.6,85,84,87,320,24756
3,Panruti,CO_43,clay,75,37.5,dry,60,3,120,6,81.39,31.14,45,1800,18.5,21.5,185.2,272.8,165.3,251.7,60.0,65.0,20.0,35,18.0,30,17.5,33.5,18.0,33.0,4,12,4,12,ENE,NE,NNE,W,85.0,96,84,79,270,17619
5,Kallakurichi,delux ponni,alluvial,125,62.5,wet,100,5,200,10,135.65,51.9,75,3000,18.5,21.5,185.2,272.8,165.3,251.7,60.0,65.0,19.0,33,17.0,32,16.5,31.5,15.5,32.5,8,6,8,6,W,WNW,SE,S,88.5,95,81,84,400,32050
5,Kurinjipadi,delux ponni,alluvial,125,62.5,wet,100,5,200,10,135.65,51.9,75,3000,19.6,20.4,187.2,270.8,167.0,250.0,61.0,64.0,19.5,34,18.5,35,17.0,32.5,16.0,30.5,10,4,10,6,NW,S,SE,SSE,64.6,85,84,87,400,31035
2,Cuddalore,CO_43,clay,50,25.0,wet,40,2,80,4,54.26,20.76,30,1200,19.6,20.4,187.2,270.8,167.0,250.0,61.0,64.0,18.5,34,16.0,30,15.5,31.0,16.0,33.0,4,10,8,10,SW,W,NNW,WSW,72.0,78,88,85,180,11544
2,Sankarapuram,delux ponni,alluvial,50,25.0,wet,40,2,80,4,54.26,20.76,30,1200,18.1,21.9,185.6,272.4,166.1,250.9,60.2,64.8,20.5,32,17.5,28,18.0,34.0,16.5,35.0,10,12,10,12,SSE,W,SW,NW,72.7,91,83,81,160,11054
5,Kurinjipadi,CO_43,alluvial,125,62.5,dry,100,5,200,10,135.65,51.9,75,3000,19.6,20.4,187.2,270.8,167.0,250.0,61.0,64.0,19.5,34,18.5,35,17.0,32.5,16.0,30.5,10,4,10,6,NW,S,SE,SSE,64.6,85,84,87,450,30575
4,Sankarapuram,CO_43,alluvial,100,50.0,dry,80,4,160,8,108.52,41.52,60,2400,18.1,21.9,185.6,272.4,166.1,250.9,60.2,64.8,20.5,32,17.5,28,18.0,34.0,16.5,35.0,10,12,10,12,SSE,W,SW,NW,72.7,91,83,81,360,24908
2,Cuddalore,ponmani,alluvial,50,25.0,wet,40,2,80,4,54.26,20.76,30,1200,19.6,20.4,187.2,270.8,167.0,250.0,61.0,64.0,18.5,34,16.0,30,15.5,31.0,16.0,33.0,4,10,8,10,SW,W,NNW,WSW,72.0,78,88,85,200,11256
4,Sankarapuram,delux ponni,alluvial,100,50.0,dry,80,4,160,8,108.52,41.52,60,2400,18.1,21.9,185.6,272.4,166.1,250.9,60.2,64.8,20.5,32,17.5,28,18.0,34.0,16.5,35.0,10,12,10,12,SSE,W,SW,NW,72.7,91,83,81,320,24200
4,Kurinjipadi,CO_43,alluvial,100,50.0,wet,80,4,160,8,108.52,41.52,60,2400,19.6,20.4,187.2,270.8,167.0,250.0,61.0,64.0,19.5,34,18.5,35,17.0,32.5,16.0,30.5,10,4,10,6,NW,S,SE,SSE,64.6,85,84,87,360,25876
1,Cuddalore,ponmani,clay,25,12.5,dry,20,1,40,2,27.13,10.38,15,600,19.6,20.4,187.2,270.8,167.0,250.0,61.0,64.0,18.5,34,16.0,30,15.5,31.0,16.0,33.0,4,10,8,10,SW,W,NNW,WSW,72.0,78,88,85,100,5836
5,Kallakurichi,ponmani,alluvial,125,62.5,wet,100,5,200,10,135.65,51.9,75,3000,18.5,21.5,185.2,272.8,165.3,251.7,60.0,65.0,19.0,33,17.0,32,16.5,31.5,15.5,32.5,8,6,8,6,W,WNW,SE,S,88.5,95,81,84,500,31555
5,Cuddalore,delux ponni,clay,125,62.5,wet,100,5,200,10,135.65,51.9,75,3000,19.6,20.4,187.2,270.8,167.0,250.0,61.0,64.0,18.5,34,16.0,30,15.5,31.0,16.0,33.0,4,10,8,10,SW,W,NNW,WSW,72.0,78,88,85,400,31400
6,Sankarapuram,CO_43,clay,150,75.0,wet,120,6,240,12,162.78,62.28,90,3600,18.1,21.9,185.6,272.4,166.1,250.9,60.2,64.8,20.5,32,17.5,28,18.0,34.0,16.5,35.0,10,12,10,12,SSE,W,SW,NW,72.7,91,83,81,540,38460
4,Cuddalore,delux ponni,alluvial,100,50.0,wet,80,4,160,8,108.52,41.52,60,2400,19.6,20.4,187.2,270.8,167.0,250.0,61.0,64.0,18.5,34,16.0,30,15.5,31.0,16.0,33.0,4,10,8,10,SW,W,NNW,WSW,72.0,78,88,85,320,23452
5,Kurinjipadi,CO_43,clay,125,62.5,dry,100,5,200,10,135.65,51.9,75,3000,19.6,20.4,187.2,270.8,167.0,250.0,61.0,64.0,19.5,34,18.5,35,17.0,32.5,16.0,30.5,10,4,10,6,NW,S,SE,SSE,64.6,85,84,87,450,31065
2,Sankarapuram,delux ponni,clay,50,25.0,dry,40,2,80,4,54.26,20.76,30,1200,18.1,21.9,185.6,272.4,166.1,250.9,60.2,64.8,20.5,32,17.5,28,18.0,34.0,16.5,35.0,10,12,10,12,SSE,W,SW,NW,72.7,91,83,81,160,11726
5,Cuddalore,ponmani,clay,125,62.5,wet,100,5,200,10,135.65,51.9,75,3000,19.6,20.4,187.2,270.8,167.0,250.0,61.0,64.0,18.5,34,16.0,30,15.5,31.0,16.0,33.0,4,10,8,10,SW,W,NNW,WSW,72.0,78,88,85,500,30905
4,Sankarapuram,ponmani,alluvial,100,50.0,dry,80,4,160,8,108.52,41.52,60,2400,18.1,21.9,185.6,272.4,166.1,250.9,60.2,64.8,20.5,32,17.5,28,18.0,34.0,16.5,35.0,10,12,10,12,SSE,W,SW,NW,72.7,91,83,81,400,25244
4,Kallakurichi,ponmani,alluvial,100,50.0,wet,80,4,160,8,108.52,41.52,60,2400,18.5,21.5,185.2,272.8,165.3,251.7,60.0,65.0,19.0,33,17.0,32,16.5,31.5,15.5,32.5,8,6,8,6,W,WNW,SE,S,88.5,95,81,84,400,22512
5,Chinnasalem,delux ponni,clay,125,62.5,wet,100,5,200,10,135.65,51.9,75,3000,18.1,21.9,185.6,272.4,166.1,250.9,60.2,64.8,18.0,31,15.5,34,15.0,33.0,15.0,31.5,6,6,8,10,E,ENE,NE,NNW,78.6,80,92,88,400,31535
3,Sankarapuram,CO_43,alluvial,75,37.5,dry,60,3,120,6,81.39,31.14,45,1800,18.1,21.9,185.6,272.4,166.1,250.9,60.2,64.8,20.5,32,17.5,28,18.0,34.0,16.5,35.0,10,12,10,12,SSE,W,SW,NW,72.7,91,83,81,270,17169
3,Chinnasalem,ponmani,alluvial,75,37.5,dry,60,3,120,6,81.39,31.14,45,1800,18.1,21.9,185.6,272.4,166.1,250.9,60.2,64.8,18.0,31,15.5,34,15.0,33.0,15.0,31.5,6,6,8,10,E,ENE,NE,NNW,78.6,80,92,88,300,17169
3,Sankarapuram,delux ponni,alluvial,75,37.5,dry,60,3,120,6,81.39,31.14,45,1800,18.1,21.9,185.6,272.4,166.1,250.9,60.2,64.8,20.5,32,17.5,28,18.0,34.0,16.5,35.0,10,12,10,12,SSE,W,SW,NW,72.7,91,83,81,240,16389
3,Cuddalore,delux ponni,alluvial,75,37.5,dry,60,3,120,6,81.39,31.14,45,1800,19.6,20.4,187.2,270.8,167.0,250.0,61.0,64.0,18.5,34,16.0,30,15.5,31.0,16.0,33.0,4,10,8,10,SW,W,NNW,WSW,72.0,78,88,85,240,17751
1,Sankarapuram,CO_43,clay,25,12.5,wet,20,1,40,2,27.13,10.38,15,600,18.1,21.9,185.6,272.4,166.1,250.9,60.2,64.8,20.5,32,17.5,28,18.0,34.0,16.5,35.0,10,12,10,12,SSE,W,SW,NW,72.7,91,83,81,90,5532
5,Kurinjipadi,ponmani,clay,125,62.5,dry,100,5,200,10,135.65,51.9,75,3000,19.6,20.4,187.2,270.8,167.0,250.0,61.0,64.0,19.5,34,18.5,35,17.0,32.5,16.0,30.5,10,4,10,6,NW,S,SE,SSE,64.6,85,84,87,500,30855
2,Sankarapuram,CO_43,alluvial,50,25.0,wet,40,2,80,4,54.26,20.76,30,1200,18.1,21.9,185.6,272.4,166.1,250.9,60.2,64.8,20.5,32,17.5,28,18.0,34.0,16.5,35.0,10,12,10,12,SSE,W,SW,NW,72.7,91,83,81,180,10820
3,Kallakurichi,delux ponni,alluvial,75,37.5,wet,60,3,120,6,81.39,31.14,45,1800,18.5,21.5,185.2,272.8,165.3,251.7,60.0,65.0,19.0,33,17.0,32,16.5,31.5,15.5,32.5,8,6,8,6,W,WNW,SE,S,88.5,95,81,84,240,16260
5,Cuddalore,ponmani,alluvial,125,62.5,dry,100,5,200,10,135.65,51.9,75,3000,19.6,20.4,187.2,270.8,167.0,250.0,61.0,64.0,18.5,34,16.0,30,15.5,31.0,16.0,33.0,4,10,8,10,SW,W,NNW,WSW,72.0,78,88,85,500,31400
5,Kurinjipadi,ponmani,alluvial,125,62.5,wet,100,5,200,10,135.65,51.9,75,3000,19.6,20.4,187.2,270.8,167.0,250.0,61.0,64.0,19.5,34,18.5,35,17.0,32.5,16.0,30.5,10,4,10,6,NW,S,SE,SSE,64.6,85,84,87,500,30250
4,Kallakurichi,ponmani,alluvial,100,50.0,dry,80,4,160,8,108.52,41.52,60,2400,18.5,21.5,185.2,272.8,165.3,251.7,60.0,65.0,19.0,33,17.0,32,16.5,31.5,15.5,32.5,8,6,8,6,W,WNW,SE,S,88.5,95,81,84,400,25300
3,Kurinjipadi,delux ponni,alluvial,75,37.5,dry,60,3,120,6,81.39,31.14,45,1800,19.6,20.4,187.2,270.8,167.0,250.0,61.0,64.0,19.5,34,18.5,35,17.0,32.5,16.0,30.5,10,4,10,6,NW,S,SE,SSE,64.6,85,84,87,240,17040
3,Sankarapuram,ponmani,clay,75,37.5,dry,60,3,120,6,81.39,31.14,45,1800,18.1,21.9,185.6,272.4,166.1,250.9,60.2,64.8,20.5,32,17.5,28,18.0,34.0,16.5,35.0,10,12,10,12,SSE,W,SW,NW,72.7,91,83,81,300,17169
3,Sankarapuram,delux ponni,clay,75,37.5,dry,60,3,120,6,81.39,31.14,45,1800,18.1,21.9,185.6,272.4,166.1,250.9,60.2,64.8,20.5,32,17.5,28,18.0,34.0,16.5,35.0,10,12,10,12,SSE,W,SW,NW,72.7,91,83,81,240,16581
4,Kurinjipadi,CO_43,clay,100,50.0,wet,80,4,160,8,108.52,41.52,60,2400,19.6,20.4,187.2,270.8,167.0,250.0,61.0,64.0,19.5,34,18.5,35,17.0,32.5,16.0,30.5,10,4,10,6,NW,S,SE,SSE,64.6,85,84,87,360,25452
2,Sankarapuram,CO_43,clay,50,25.0,wet,40,2,80,4,54.26,20.76,30,1200,18.1,21.9,185.6,272.4,166.1,250.9,60.2,64.8,20.5,32,17.5,28,18.0,34.0,16.5,35.0,10,12,10,12,SSE,W,SW,NW,72.7,91,83,81,180,11672
5,Cuddalore,delux ponni,alluvial,125,62.5,wet,100,5,200,10,135.65,51.9,75,3000,19.6,20.4,187.2,270.8,167.0,250.0,61.0,64.0,18.5,34,16.0,30,15.5,31.0,16.0,33.0,4,10,8,10,SW,W,NNW,WSW,72.0,78,88,85,400,31555
4,Sankarapuram,delux ponni,alluvial,100,50.0,dry,80,4,160,8,108.52,41.52,60,2400,18.1,21.9,185.6,272.4,166.1,250.9,60.2,64.8,20.5,32,17.5,28,18.0,34.0,16.5,35.0,10,12,10,12,SSE,W,SW,NW,72.7,91,83,81,320,25228
4,Cuddalore,delux ponni,alluvial,100,50.0,dry,80,4,160,8,108.52,41.52,60,2400,19.6,20.4,187.2,270.8,167.0,250.0,61.0,64.0,18.5,34,16.0,30,15.5,31.0,16.0,33.0,4,10,8,10,SW,W,NNW,WSW,72.0,78,88,85,320,24460
3,Sankarapuram,delux ponni,alluvial,75,37.5,wet,60,3,120,6,81.39,31.14,45,1800,18.1,21.9,185.6,272.4,166.1,250.9,60.2,64.8,20.5,32,17.5,28,18.0,34.0,16.5,35.0,10,12,10,12,SSE,W,SW,NW,72.7,91,83,81,240,17508
6,Sankarapuram,delux ponni,alluvial,150,75.0,dry,120,6,240,12,162.78,62.28,90,3600,18.1,21.9,185.6,272.4,166.1,250.9,60.2,64.8,20.5,32,17.5,28,18.0,34.0,16.5,35.0,10,12,10,12,SSE,W,SW,NW,72.7,91,83,81,480,38172
6,Kurinjipadi,CO_43,clay,150,75.0,wet,120,6,240,12,162.78,62.28,90,3600,19.6,20.4,187.2,270.8,167.0,250.0,61.0,64.0,19.5,34,18.5,35,17.0,32.5,16.0,30.5,10,4,10,6,NW,S,SE,SSE,64.6,85,84,87,540,37716
4,Kallakurichi,CO_43,clay,100,50.0,wet,80,4,160,8,108.52,41.52,60,2400,18.5,21.5,185.2,272.8,165.3,251.7,60.0,65.0,19.0,33,17.0,32,16.5,31.5,15.5,32.5,8,6,8,6,W,WNW,SE,S,88.5,95,81,84,360,24756
6,Panruti,delux ponni,clay,150,75.0,wet,120,6,240,12,162.78,62.28,90,3600,18.5,21.5,185.2,272.8,165.3,251.7,60.0,65.0,20.0,35,18.0,30,17.5,33.5,18.0,33.0,4,12,4,12,ENE,NE,NNE,W,85.0,96,84,79,480,38304
5,Kurinjipadi,ponmani,clay,125,62.5,wet,100,5,200,10,135.65,51.9,75,3000,19.6,20.4,187.2,270.8,167.0,250.0,61.0,64.0,19.5,34,18.5,35,17.0,32.5,16.0,30.5,10,4,10,6,NW,S,SE,SSE,64.6,85,84,87,500,31400
5,Sankarapuram,CO_43,clay,125,62.5,dry,100,5,200,10,135.65,51.9,75,3000,18.1,21.9,185.6,272.4,166.1,250.9,60.2,64.8,20.5,32,17.5,28,18.0,34.0,16.5,35.0,10,12,10,12,SSE,W,SW,NW,72.7,91,83,81,450,30855
5,Cuddalore,delux ponni,alluvial,125,62.5,wet,100,5,200,10,135.65,51.9,75,3000,19.6,20.4,187.2,270.8,167.0,250.0,61.0,64.0,18.5,34,16.0,30,15.5,31.0,16.0,33.0,4,10,8,10,SW,W,NNW,WSW,72.0,78,88,85,400,30905
5,Chinnasalem,delux ponni,alluvial,125,62.5,dry,100,5,200,10,135.65,51.9,75,3000,18.1,21.9,185.6,272.4,166.1,250.9,60.2,64.8,18.0,31,15.5,34,15.0,33.0,15.0,31.5,6,6,8,10,E,ENE,NE,NNW,78.6,80,92,88,400,30075
2,Kallakurichi,ponmani,clay,50,25.0,dry,40,2,80,4,54.26,20.76,30,1200,18.5,21.5,185.2,272.8,165.3,251.7,60.0,65.0,19.0,33,17.0,32,16.5,31.5,15.5,32.5,8,6,8,6,W,WNW,SE,S,88.5,95,81,84,200,11054
6,Panruti,delux ponni,clay,150,75.0,dry,120,6,240,12,162.78,62.28,90,3600,18.5,21.5,185.2,272.8,165.3,251.7,60.0,65.0,20.0,35,18.0,30,17.5,33.5,18.0,33.0,4,12,4,12,ENE,NE,NNE,W,85.0,96,84,79,480,37362
5,Sankarapuram,ponmani,clay,125,62.5,dry,100,5,200,10,135.65,51.9,75,3000,18.1,21.9,185.6,272.4,166.1,250.9,60.2,64.8,20.5,32,17.5,28,18.0,34.0,16.5,35.0,10,12,10,12,SSE,W,SW,NW,72.7,91,83,81,500,31555
5,Sankarapuram,ponmani,clay,125,62.5,dry,100,5,200,10,135.65,51.9,75,3000,18.1,21.9,185.6,272.4,166.1,250.9,60.2,64.8,20.5,32,17.5,28,18.0,34.0,16.5,35.0,10,12,10,12,SSE,W,SW,NW,72.7,91,83,81,500,32155
5,Kurinjipadi,CO_43,alluvial,125,62.5,wet,100,5,200,10,135.65,51.9,75,3000,19.6,20.4,187.2,270.8,167.0,250.0,61.0,64.0,19.5,34,18.5,35,17.0,32.5,16.0,30.5,10,4,10,6,NW,S,SE,SSE,64.6,85,84,87,450,31815
3,Kurinjipadi,delux ponni,clay,75,37.5,dry,60,3,120,6,81.39,31.14,45,1800,19.6,20.4,187.2,270.8,167.0,250.0,61.0,64.0,19.5,34,18.5,35,17.0,32.5,16.0,30.5,10,4,10,6,NW,S,SE,SSE,64.6,85,84,87,240,17649
4,Chinnasalem,CO_43,clay,100,50.0,dry,80,4,160,8,108.52,41.52,60,2400,18.1,21.9,185.6,272.4,166.1,250.9,60.2,64.8,18.0,31,15.5,34,15.0,33.0,15.0,31.5,6,6,8,10,E,ENE,NE,NNW,78.6,80,92,88,360,24836
5,Panruti,CO_43,clay,125,62.5,dry,100,5,200,10,135.65,51.9,75,3000,18.5,21.5,185.2,272.8,165.3,251.7,60.0,65.0,20.0,35,18.0,30,17.5,33.5,18.0,33.0,4,12,4,12,ENE,NE,NNE,W,85.0,96,84,79,450,31035
5,Sankarapuram,ponmani,clay,125,62.5,dry,100,5,200,10,135.65,51.9,75,3000,18.1,21.9,185.6,272.4,166.1,250.9,60.2,64.8,20.5,32,17.5,28,18.0,34.0,16.5,35.0,10,12,10,12,SSE,W,SW,NW,72.7,91,83,81,500,29180
6,Kurinjipadi,ponmani,clay,150,75.0,wet,120,6,240,12,162.78,62.28,90,3600,19.6,20.4,187.2,270.8,167.0,250.0,61.0,64.0,19.5,34,18.5,35,17.0,32.5,16.0,30.5,10,4,10,6,NW,S,SE,SSE,64.6,85,84,87,600,38814
4,Cuddalore,ponmani,clay,100,50.0,dry,80,4,160,8,108.52,41.52,60,2400,19.6,20.4,187.2,270.8,167.0,250.0,61.0,64.0,18.5,34,16.0,30,15.5,31.0,16.0,33.0,4,10,8,10,SW,W,NNW,WSW,72.0,78,88,85,400,25640
1,Cuddalore,ponmani,clay,25,12.5,dry,20,1,40,2,27.13,10.38,15,600,19.6,20.4,187.2,270.8,167.0,250.0,61.0,64.0,18.5,34,16.0,30,15.5,31.0,16.0,33.0,4,10,8,10,SW,W,NNW,WSW,72.0,78,88,85,100,5873
5,Panruti,ponmani,clay,125,62.5,dry,100,5,200,10,135.65,51.9,75,3000,18.5,21.5,185.2,272.8,165.3,251.7,60.0,65.0,20.0,35,18.0,30,17.5,33.5,18.0,33.0,4,12,4,12,ENE,NE,NNE,W,85.0,96,84,79,500,30285
4,Kurinjipadi,ponmani,alluvial,100,50.0,dry,80,4,160,8,108.52,41.52,60,2400,19.6,20.4,187.2,270.8,167.0,250.0,61.0,64.0,19.5,34,18.5,35,17.0,32.5,16.0,30.5,10,4,10,6,NW,S,SE,SSE,64.6,85,84,87,400,24460
4,Kallakurichi,ponmani,alluvial,100,50.0,dry,80,4,160,8,108.52,41.52,60,2400,18.5,21.5,185.2,272.8,165.3,251.7,60.0,65.0,19.0,33,17.0,32,16.5,31.5,15.5,32.5,8,6,8,6,W,WNW,SE,S,88.5,95,81,84,400,25244
3,Panruti,ponmani,alluvial,75,37.5,dry,60,3,120,6,81.39,31.14,45,1800,18.5,21.5,185.2,272.8,165.3,251.7,60.0,65.0,20.0,35,18.0,30,17.5,33.5,18.0,33.0,4,12,4,12,ENE,NE,NNE,W,85.0,96,84,79,300,17508
1,Cuddalore,CO_43,clay,25,12.5,wet,20,1,40,2,27.13,10.38,15,600,19.6,20.4,187.2,270.8,167.0,250.0,61.0,64.0,18.5,34,16.0,30,15.5,31.0,16.0,33.0,4,10,8,10,SW,W,NNW,WSW,72.0,78,88,85,90,5527
3,Cuddalore,CO_43,clay,75,37.5,dry,60,3,120,6,81.39,31.14,45,1800,19.6,20.4,187.2,270.8,167.0,250.0,61.0,64.0,18.5,34,16.0,30,15.5,31.0,16.0,33.0,4,10,8,10,SW,W,NNW,WSW,72.0,78,88,85,270,17169
5,Kallakurichi,ponmani,alluvial,125,62.5,dry,100,5,200,10,135.65,51.9,75,3000,18.5,21.5,185.2,272.8,165.3,251.7,60.0,65.0,19.0,33,17.0,32,16.5,31.5,15.5,32.5,8,6,8,6,W,WNW,SE,S,88.5,95,81,84,500,31135
1,Kallakurichi,delux ponni,clay,25,12.5,wet,20,1,40,2,27.13,10.38,15,600,18.5,21.5,185.2,272.8,165.3,251.7,60.0,65.0,19.0,33,17.0,32,16.5,31.5,15.5,32.5,8,6,8,6,W,WNW,SE,S,88.5,95,81,84,80,5723
6,Sankarapuram,delux ponni,alluvial,150,75.0,wet,120,6,240,12,162.78,62.28,90,3600,18.1,21.9,185.6,272.4,166.1,250.9,60.2,64.8,20.5,32,17.5,28,18.0,34.0,16.5,35.0,10,12,10,12,SSE,W,SW,NW,72.7,91,83,81,480,36648
5,Kurinjipadi,CO_43,clay,125,62.5,dry,100,5,200,10,135.65,51.9,75,3000,19.6,20.4,187.2,270.8,167.0,250.0,61.0,64.0,19.5,34,18.5,35,17.0,32.5,16.0,30.5,10,4,10,6,NW,S,SE,SSE,64.6,85,84,87,450,32085
3,Panruti,ponmani,clay,75,37.5,wet,60,3,120,6,81.39,31.14,45,1800,18.5,21.5,185.2,272.8,165.3,251.7,60.0,65.0,20.0,35,18.0,30,17.5,33.5,18.0,33.0,4,12,4,12,ENE,NE,NNE,W,85.0,96,84,79,300,17589
1,Cuddalore,ponmani,alluvial,25,12.5,wet,20,1,40,2,27.13,10.38,15,600,19.6,20.4,187.2,270.8,167.0,250.0,61.0,64.0,18.5,34,16.0,30,15.5,31.0,16.0,33.0,4,10,8,10,SW,W,NNW,WSW,72.0,78,88,85,100,5410
3,Cuddalore,ponmani,clay,75,37.5,dry,60,3,120,6,81.39,31.14,45,1800,19.6,20.4,187.2,270.8,167.0,250.0,61.0,64.0,18.5,34,16.0,30,15.5,31.0,16.0,33.0,4,10,8,10,SW,W,NNW,WSW,72.0,78,88,85,300,17508
4,Sankarapuram,delux ponni,alluvial,100,50.0,dry,80,4,160,8,108.52,41.52,60,2400,18.1,21.9,185.6,272.4,166.1,250.9,60.2,64.8,20.5,32,17.5,28,18.0,34.0,16.5,35.0,10,12,10,12,SSE,W,SW,NW,72.7,91,83,81,320,24460
4,Kurinjipadi,CO_43,alluvial,100,50.0,dry,80,4,160,8,108.52,41.52,60,2400,19.6,20.4,187.2,270.8,167.0,250.0,61.0,64.0,19.5,34,18.5,35,17.0,32.5,16.0,30.5,10,4,10,6,NW,S,SE,SSE,64.6,85,84,87,360,23532
6,Kallakurichi,CO_43,clay,150,75.0,wet,120,6,240,12,162.78,62.28,90,3600,18.5,21.5,185.2,272.8,165.3,251.7,60.0,65.0,19.0,33,17.0,32,16.5,31.5,15.5,32.5,8,6,8,6,W,WNW,SE,S,88.5,95,81,84,540,33180
3,Sankarapuram,ponmani,clay,75,37.5,dry,60,3,120,6,81.39,31.14,45,1800,18.1,21.9,185.6,272.4,166.1,250.9,60.2,64.8,20.5,32,17.5,28,18.0,34.0,16.5,35.0,10,12,10,12,SSE,W,SW,NW,72.7,91,83,81,300,17601
5,Kurinjipadi,CO_43,clay,125,62.5,dry,100,5,200,10,135.65,51.9,75,3000,19.6,20.4,187.2,270.8,167.0,250.0,61.0,64.0,19.5,34,18.5,35,17.0,32.5,16.0,30.5,10,4,10,6,NW,S,SE,SSE,64.6,85,84,87,450,30885
5,Kallakurichi,delux ponni,clay,125,62.5,dry,100,5,200,10,135.65,51.9,75,3000,18.5,21.5,185.2,272.8,165.3,251.7,60.0,65.0,19.0,33,17.0,32,16.5,31.5,15.5,32.5,8,6,8,6,W,WNW,SE,S,88.5,95,81,84,400,31625
4,Cuddalore,ponmani,clay,100,50.0,dry,80,4,160,8,108.52,41.52,60,2400,19.6,20.4,187.2,270.8,167.0,250.0,61.0,64.0,18.5,34,16.0,30,15.5,31.0,16.0,33.0,4,10,8,10,SW,W,NNW,WSW,72.0,78,88,85,400,25424
4,Kallakurichi,delux ponni,alluvial,100,50.0,dry,80,4,160,8,108.52,41.52,60,2400,18.5,21.5,185.2,272.8,165.3,251.7,60.0,65.0,19.0,33,17.0,32,16.5,31.5,15.5,32.5,8,6,8,6,W,WNW,SE,S,88.5,95,81,84,320,23632
2,Sankarapuram,ponmani,clay,50,25.0,dry,40,2,80,4,54.26,20.76,30,1200,18.1,21.9,185.6,272.4,166.1,250.9,60.2,64.8,20.5,32,17.5,28,18.0,34.0,16.5,35.0,10,12,10,12,SSE,W,SW,NW,72.7,91,83,81,200,11746
6,Cuddalore,CO_43,clay,150,75.0,wet,120,6,240,12,162.78,62.28,90,3600,19.6,20.4,187.2,270.8,167.0,250.0,61.0,64.0,18.5,34,16.0,30,15.5,31.0,16.0,33.0,4,10,8,10,SW,W,NNW,WSW,72.0,78,88,85,540,35238
5,Chinnasalem,ponmani,clay,125,62.5,dry,100,5,200,10,135.65,51.9,75,3000,18.1,21.9,185.6,272.4,166.1,250.9,60.2,64.8,18.0,31,15.5,34,15.0,33.0,15.0,31.5,6,6,8,10,E,ENE,NE,NNW,78.6,80,92,88,500,30805
6,Panruti,delux ponni,alluvial,150,75.0,wet,120,6,240,12,162.78,62.28,90,3600,18.5,21.5,185.2,272.8,165.3,251.7,60.0,65.0,20.0,35,18.0,30,17.5,33.5,18.0,33.0,4,12,4,12,ENE,NE,NNE,W,85.0,96,84,79,480,37254
5,Sankarapuram,CO_43,clay,125,62.5,dry,100,5,200,10,135.65,51.9,75,3000,18.1,21.9,185.6,272.4,166.1,250.9,60.2,64.8,20.5,32,17.5,28,18.0,34.0,16.5,35.0,10,12,10,12,SSE,W,SW,NW,72.7,91,83,81,450,30610
2,Sankarapuram,delux ponni,clay,50,25.0,dry,40,2,80,4,54.26,20.76,30,1200,18.1,21.9,185.6,272.4,166.1,250.9,60.2,64.8,20.5,32,17.5,28,18.0,34.0,16.5,35.0,10,12,10,12,SSE,W,SW,NW,72.7,91,83,81,160,10820
6,Kallakurichi,CO_43,alluvial,150,75.0,wet,120,6,240,12,162.78,62.28,90,3600,18.5,21.5,185.2,272.8,165.3,251.7,60.0,65.0,19.0,33,17.0,32,16.5,31.5,15.5,32.5,8,6,8,6,W,WNW,SE,S,88.5,95,81,84,540,34680
2,Sankarapuram,delux ponni,clay,50,25.0,wet,40,2,80,4,54.26,20.76,30,1200,18.1,21.9,185.6,272.4,166.1,250.9,60.2,64.8,20.5,32,17.5,28,18.0,34.0,16.5,35.0,10,12,10,12,SSE,W,SW,NW,72.7,91,83,81,160,11746
4,Chinnasalem,ponmani,alluvial,100,50.0,dry,80,4,160,8,108.52,41.52,60,2400,18.1,21.9,185.6,272.4,166.1,250.9,60.2,64.8,18.0,31,15.5,34,15.0,33.0,15.0,31.5,6,6,8,10,E,ENE,NE,NNW,78.6,80,92,88,400,25452
5,Kurinjipadi,delux ponni,clay,125,62.5,wet,100,5,200,10,135.65,51.9,75,3000,19.6,20.4,187.2,270.8,167.0,250.0,61.0,64.0,19.5,34,18.5,35,17.0,32.5,16.0,30.5,10,4,10,6,NW,S,SE,SSE,64.6,85,84,87,400,31420
1,Cuddalore,delux ponni,clay,25,12.5,dry,20,1,40,2,27.13,10.38,15,600,19.6,20.4,187.2,270.8,167.0,250.0,61.0,64.0,18.5,34,16.0,30,15.5,31.0,16.0,33.0,4,10,8,10,SW,W,NNW,WSW,72.0,78,88,85,80,5420
5,Cuddalore,delux ponni,alluvial,125,62.5,wet,100,5,200,10,135.65,51.9,75,3000,19.6,20.4,187.2,270.8,167.0,250.0,61.0,64.0,18.5,34,16.0,30,15.5,31.0,16.0,33.0,4,10,8,10,SW,W,NNW,WSW,72.0,78,88,85,400,31135
4,Sankarapuram,CO_43,clay,100,50.0,dry,80,4,160,8,108.52,41.52,60,2400,18.1,21.9,185.6,272.4,166.1,250.9,60.2,64.8,20.5,32,17.5,28,18.0,34.0,16.5,35.0,10,12,10,12,SSE,W,SW,NW,72.7,91,83,81,360,25228
5,Chinnasalem,ponmani,alluvial,125,62.5,dry,100,5,200,10,135.65,51.9,75,3000,18.1,21.9,185.6,272.4,166.1,250.9,60.2,64.8,18.0,31,15.5,34,15.0,33.0,15.0,31.5,6,6,8,10,E,ENE,NE,NNW,78.6,80,92,88,500,29180
5,Kurinjipadi,ponmani,clay,125,62.5,wet,100,5,200,10,135.65,51.9,75,3000,19.6,20.4,187.2,270.8,167.0,250.0,61.0,64.0,19.5,34,18.5,35,17.0,32.5,16.0,30.5,10,4,10,6,NW,S,SE,SSE,64.6,85,84,87,500,31920
4,Panruti,delux ponni,clay,100,50.0,dry,80,4,160,8,108.52,41.52,60,2400,18.5,21.5,185.2,272.8,165.3,251.7,60.0,65.0,20.0,35,18.0,30,17.5,33.5,18.0,33.0,4,12,4,12,ENE,NE,NNE,W,85.0,96,84,79,320,24772
5,Sankarapuram,delux ponni,clay,125,62.5,wet,100,5,200,10,135.65,51.9,75,3000,18.1,21.9,185.6,272.4,166.1,250.9,60.2,64.8,20.5,32,17.5,28,18.0,34.0,16.5,35.0,10,12,10,12,SSE,W,SW,NW,72.7,91,83,81,400,30355
3,Panruti,ponmani,clay,75,37.5,dry,60,3,120,6,81.39,31.14,45,1800,18.5,21.5,185.2,272.8,165.3,251.7,60.0,65.0,20.0,35,18.0,30,17.5,33.5,18.0,33.0,4,12,4,12,ENE,NE,NNE,W,85.0,96,84,79,300,16581
4,Kallakurichi,CO_43,clay,100,50.0,wet,80,4,160,8,108.52,41.52,60,2400,18.5,21.5,185.2,272.8,165.3,251.7,60.0,65.0,19.0,33,17.0,32,16.5,31.5,15.5,32.5,8,6,8,6,W,WNW,SE,S,88.5,95,81,84,360,25228
1,Panruti,ponmani,alluvial,25,12.5,dry,20,1,40,2,27.13,10.38,15,600,18.5,21.5,185.2,272.8,165.3,251.7,60.0,65.0,20.0,35,18.0,30,17.5,33.5,18.0,33.0,4,12,4,12,ENE,NE,NNE,W,85.0,96,84,79,100,5836
4,Sankarapuram,delux ponni,clay,100,50.0,dry,80,4,160,8,108.52,41.52,60,2400,18.1,21.9,185.6,272.4,166.1,250.9,60.2,64.8,20.5,32,17.5,28,18.0,34.0,16.5,35.0,10,12,10,12,SSE,W,SW,NW,72.7,91,83,81,320,22668
5,Kurinjipadi,CO_43,alluvial,125,62.5,dry,100,5,200,10,135.65,51.9,75,3000,19.6,20.4,187.2,270.8,167.0,250.0,61.0,64.0,19.5,34,18.5,35,17.0,32.5,16.0,30.5,10,4,10,6,NW,S,SE,SSE,64.6,85,84,87,450,30805
3,Sankarapuram,delux ponni,clay,75,37.5,wet,60,3,120,6,81.39,31.14,45,1800,18.1,21.9,185.6,272.4,166.1,250.9,60.2,64.8,20.5,32,17.5,28,18.0,34.0,16.5,35.0,10,12,10,12,SSE,W,SW,NW,72.7,91,83,81,240,17649
5,Sankarapuram,CO_43,alluvial,125,62.5,dry,100,5,200,10,135.65,51.9,75,3000,18.1,21.9,185.6,272.4,166.1,250.9,60.2,64.8,20.5,32,17.5,28,18.0,34.0,16.5,35.0,10,12,10,12,SSE,W,SW,NW,72.7,91,83,81,450,30855
4,Sankarapuram,ponmani,alluvial,100,50.0,wet,80,4,160,8,108.52,41.52,60,2400,18.1,21.9,185.6,272.4,166.1,250.9,60.2,64.8,20.5,32,17.5,28,18.0,34.0,16.5,35.0,10,12,10,12,SSE,W,SW,NW,72.7,91,83,81,400,23112
2,Sankarapuram,delux ponni,clay,50,25.0,dry,40,2,80,4,54.26,20.76,30,1200,18.1,21.9,185.6,272.4,166.1,250.9,60.2,64.8,20.5,32,17.5,28,18.0,34.0,16.5,35.0,10,12,10,12,SSE,W,SW,NW,72.7,91,83,81,160,11884
3,Sankarapuram,ponmani,alluvial,75,37.5,dry,60,3,120,6,81.39,31.14,45,1800,18.1,21.9,185.6,272.4,166.1,250.9,60.2,64.8,20.5,32,17.5,28,18.0,34.0,16.5,35.0,10,12,10,12,SSE,W,SW,NW,72.7,91,83,81,300,17649
4,Kurinjipadi,ponmani,clay,100,50.0,wet,80,4,160,8,108.52,41.52,60,2400,19.6,20.4,187.2,270.8,167.0,250.0,61.0,64.0,19.5,34,18.5,35,17.0,32.5,16.0,30.5,10,4,10,6,NW,S,SE,SSE,64.6,85,84,87,400,23344
5,Kurinjipadi,CO_43,clay,125,62.5,dry,100,5,200,10,135.65,51.9,75,3000,19.6,20.4,187.2,270.8,167.0,250.0,61.0,64.0,19.5,34,18.5,35,17.0,32.5,16.0,30.5,10,4,10,6,NW,S,SE,SSE,64.6,85,84,87,450,30250
4,Cuddalore,ponmani,clay,100,50.0,wet,80,4,160,8,108.52,41.52,60,2400,19.6,20.4,187.2,270.8,167.0,250.0,61.0,64.0,18.5,34,16.0,30,15.5,31.0,16.0,33.0,4,10,8,10,SW,W,NNW,WSW,72.0,78,88,85,400,23856
3,Sankarapuram,ponmani,alluvial,75,37.5,dry,60,3,120,6,81.39,31.14,45,1800,18.1,21.9,185.6,272.4,166.1,250.9,60.2,64.8,20.5,32,17.5,28,18.0,34.0,16.5,35.0,10,12,10,12,SSE,W,SW,NW,72.7,91,83,81,300,17508
4,Panruti,delux ponni,clay,100,50.0,wet,80,4,160,8,108.52,41.52,60,2400,18.5,21.5,185.2,272.8,165.3,251.7,60.0,65.0,20.0,35,18.0,30,17.5,33.5,18.0,33.0,4,12,4,12,ENE,NE,NNE,W,85.0,96,84,79,320,24908
2,Sankarapuram,delux ponni,alluvial,50,25.0,wet,40,2,80,4,54.26,20.76,30,1200,18.1,21.9,185.6,272.4,166.1,250.9,60.2,64.8,20.5,32,17.5,28,18.0,34.0,16.5,35.0,10,12,10,12,SSE,W,SW,NW,72.7,91,83,81,160,11446
2,Chinnasalem,CO_43,clay,50,25.0,dry,40,2,80,4,54.26,20.76,30,1200,18.1,21.9,185.6,272.4,166.1,250.9,60.2,64.8,18.0,31,15.5,34,15.0,33.0,15.0,31.5,6,6,8,10,E,ENE,NE,NNW,78.6,80,92,88,180,11746
5,Sankarapuram,ponmani,clay,125,62.5,dry,100,5,200,10,135.65,51.9,75,3000,18.1,21.9,185.6,272.4,166.1,250.9,60.2,64.8,20.5,32,17.5,28,18.0,34.0,16.5,35.0,10,12,10,12,SSE,W,SW,NW,72.7,91,83,81,500,31555
3,Chinnasalem,delux ponni,alluvial,75,37.5,wet,60,3,120,6,81.39,31.14,45,1800,18.1,21.9,185.6,272.4,166.1,250.9,60.2,64.8,18.0,31,15.5,34,15.0,33.0,15.0,31.5,6,6,8,10,E,ENE,NE,NNW,78.6,80,92,88,240,16230
1,Kurinjipadi,delux ponni,alluvial,25,12.5,dry,20,1,40,2,27.13,10.38,15,600,19.6,20.4,187.2,270.8,167.0,250.0,61.0,64.0,19.5,34,18.5,35,17.0,32.5,16.0,30.5,10,4,10,6,NW,S,SE,SSE,64.6,85,84,87,80,5723
5,Sankarapuram,delux ponni,alluvial,125,62.5,wet,100,5,200,10,135.65,51.9,75,3000,18.1,21.9,185.6,272.4,166.1,250.9,60.2,64.8,20.5,32,17.5,28,18.0,34.0,16.5,35.0,10,12,10,12,SSE,W,SW,NW,72.7,91,83,81,400,32080
5,Cuddalore,delux ponni,clay,125,62.5,dry,100,5,200,10,135.65,51.9,75,3000,19.6,20.4,187.2,270.8,167.0,250.0,61.0,64.0,18.5,34,16.0,30,15.5,31.0,16.0,33.0,4,10,8,10,SW,W,NNW,WSW,72.0,78,88,85,400,30100
4,Kurinjipadi,delux ponni,alluvial,100,50.0,wet,80,4,160,8,108.52,41.52,60,2400,19.6,20.4,187.2,270.8,167.0,250.0,61.0,64.0,19.5,34,18.5,35,17.0,32.5,16.0,30.5,10,4,10,6,NW,S,SE,SSE,64.6,85,84,87,320,25452
1,Kurinjipadi,delux ponni,clay,25,12.5,wet,20,1,40,2,27.13,10.38,15,600,19.6,20.4,187.2,270.8,167.0,250.0,61.0,64.0,19.5,34,18.5,35,17.0,32.5,16.0,30.5,10,4,10,6,NW,S,SE,SSE,64.6,85,84,87,80,5873
4,Panruti,delux ponni,clay,100,50.0,dry,80,4,160,8,108.52,41.52,60,2400,18.5,21.5,185.2,272.8,165.3,251.7,60.0,65.0,20.0,35,18.0,30,17.5,33.5,18.0,33.0,4,12,4,12,ENE,NE,NNE,W,85.0,96,84,79,320,24828
4,Panruti,ponmani,clay,100,50.0,dry,80,4,160,8,108.52,41.52,60,2400,18.5,21.5,185.2,272.8,165.3,251.7,60.0,65.0,20.0,35,18.0,30,17.5,33.5,18.0,33.0,4,12,4,12,ENE,NE,NNE,W,85.0,96,84,79,400,24828
3,Panruti,CO_43,alluvial,75,37.5,wet,60,3,120,6,81.39,31.14,45,1800,18.5,21.5,185.2,272.8,165.3,251.7,60.0,65.0,20.0,35,18.0,30,17.5,33.5,18.0,33.0,4,12,4,12,ENE,NE,NNE,W,85.0,96,84,79,270,17316
5,Sankarapuram,ponmani,alluvial,125,62.5,dry,100,5,200,10,135.65,51.9,75,3000,18.1,21.9,185.6,272.4,166.1,250.9,60.2,64.8,20.5,32,17.5,28,18.0,34.0,16.5,35.0,10,12,10,12,SSE,W,SW,NW,72.7,91,83,81,500,31135
6,Cuddalore,CO_43,clay,150,75.0,dry,120,6,240,12,162.78,62.28,90,3600,19.6,20.4,187.2,270.8,167.0,250.0,61.0,64.0,18.5,34,16.0,30,15.5,31.0,16.0,33.0,4,10,8,10,SW,W,NNW,WSW,72.0,78,88,85,540,34386
4,Kallakurichi,CO_43,clay,100,50.0,dry,80,4,160,8,108.52,41.52,60,2400,18.5,21.5,185.2,272.8,165.3,251.7,60.0,65.0,19.0,33,17.0,32,16.5,31.5,15.5,32.5,8,6,8,6,W,WNW,SE,S,88.5,95,81,84,360,25876
1,Sankarapuram,delux ponni,clay,25,12.5,wet,20,1,40,2,27.13,10.38,15,600,18.1,21.9,185.6,272.4,166.1,250.9,60.2,64.8,20.5,32,17.5,28,18.0,34.0,16.5,35.0,10,12,10,12,SSE,W,SW,NW,72.7,91,83,81,80,5836
2,Kurinjipadi,delux ponni,clay,50,25.0,wet,40,2,80,4,54.26,20.76,30,1200,19.6,20.4,187.2,270.8,167.0,250.0,61.0,64.0,19.5,34,18.5,35,17.0,32.5,16.0,30.5,10,4,10,6,NW,S,SE,SSE,64.6,85,84,87,160,11446
3,Kurinjipadi,delux ponni,alluvial,75,37.5,dry,60,3,120,6,81.39,31.14,45,1800,19.6,20.4,187.2,270.8,167.0,250.0,61.0,64.0,19.5,34,18.5,35,17.0,32.5,16.0,30.5,10,4,10,6,NW,S,SE,SSE,64.6,85,84,87,240,17361
5,Kallakurichi,CO_43,clay,125,62.5,dry,100,5,200,10,135.65,51.9,75,3000,18.5,21.5,185.2,272.8,165.3,251.7,60.0,65.0,19.0,33,17.0,32,16.5,31.5,15.5,32.5,8,6,8,6,W,WNW,SE,S,88.5,95,81,84,450,30250
5,Kurinjipadi,CO_43,clay,125,62.5,dry,100,5,200,10,135.65,51.9,75,3000,19.6,20.4,187.2,270.8,167.0,250.0,61.0,64.0,19.5,34,18.5,35,17.0,32.5,16.0,30.5,10,4,10,6,NW,S,SE,SSE,64.6,85,84,87,450,30960
5,Kallakurichi,CO_43,clay,125,62.5,wet,100,5,200,10,135.65,51.9,75,3000,18.5,21.5,185.2,272.8,165.3,251.7,60.0,65.0,19.0,33,17.0,32,16.5,31.5,15.5,32.5,8,6,8,6,W,WNW,SE,S,88.5,95,81,84,450,31135
5,Panruti,CO_43,clay,125,62.5,dry,100,5,200,10,135.65,51.9,75,3000,18.5,21.5,185.2,272.8,165.3,251.7,60.0,65.0,20.0,35,18.0,30,17.5,33.5,18.0,33.0,4,12,4,12,ENE,NE,NNE,W,85.0,96,84,79,450,31065
2,Sankarapuram,ponmani,clay,50,25.0,dry,40,2,80,4,54.26,20.76,30,1200,18.1,21.9,185.6,272.4,166.1,250.9,60.2,64.8,20.5,32,17.5,28,18.0,34.0,16.5,35.0,10,12,10,12,SSE,W,SW,NW,72.7,91,83,81,200,11050
5,Cuddalore,ponmani,clay,125,62.5,dry,100,5,200,10,135.65,51.9,75,3000,19.6,20.4,187.2,270.8,167.0,250.0,61.0,64.0,18.5,34,16.0,30,15.5,31.0,16.0,33.0,4,10,8,10,SW,W,NNW,WSW,72.0,78,88,85,500,30610
4,Kallakurichi,CO_43,alluvial,100,50.0,wet,80,4,160,8,108.52,41.52,60,2400,18.5,21.5,185.2,272.8,165.3,251.7,60.0,65.0,19.0,33,17.0,32,16.5,31.5,15.5,32.5,8,6,8,6,W,WNW,SE,S,88.5,95,81,84,360,25228
3,Kallakurichi,CO_43,clay,75,37.5,wet,60,3,120,6,81.39,31.14,45,1800,18.5,21.5,185.2,272.8,165.3,251.7,60.0,65.0,19.0,33,17.0,32,16.5,31.5,15.5,32.5,8,6,8,6,W,WNW,SE,S,88.5,95,81,84,270,17508
3,Kurinjipadi,delux ponni,clay,75,37.5,dry,60,3,120,6,81.39,31.14,45,1800,19.6,20.4,187.2,270.8,167.0,250.0,61.0,64.0,19.5,34,18.5,35,17.0,32.5,16.0,30.5,10,4,10,6,NW,S,SE,SSE,64.6,85,84,87,240,17619
3,Kallakurichi,ponmani,clay,75,37.5,dry,60,3,120,6,81.39,31.14,45,1800,18.5,21.5,185.2,272.8,165.3,251.7,60.0,65.0,19.0,33,17.0,32,16.5,31.5,15.5,32.5,8,6,8,6,W,WNW,SE,S,88.5,95,81,84,300,17748
5,Kallakurichi,CO_43,clay,125,62.5,dry,100,5,200,10,135.65,51.9,75,3000,18.5,21.5,185.2,272.8,165.3,251.7,60.0,65.0,19.0,33,17.0,32,16.5,31.5,15.5,32.5,8,6,8,6,W,WNW,SE,S,88.5,95,81,84,450,31815
4,Chinnasalem,CO_43,alluvial,100,50.0,dry,80,4,160,8,108.52,41.52,60,2400,18.1,21.9,185.6,272.4,166.1,250.9,60.2,64.8,18.0,31,15.5,34,15.0,33.0,15.0,31.5,6,6,8,10,E,ENE,NE,NNW,78.6,80,92,88,360,21812
3,Chinnasalem,ponmani,alluvial,75,37.5,dry,60,3,120,6,81.39,31.14,45,1800,18.1,21.9,185.6,272.4,166.1,250.9,60.2,64.8,18.0,31,15.5,34,15.0,33.0,15.0,31.5,6,6,8,10,E,ENE,NE,NNW,78.6,80,92,88,300,17565
5,Sankarapuram,CO_43,clay,125,62.5,dry,100,5,200,10,135.65,51.9,75,3000,18.1,21.9,185.6,272.4,166.1,250.9,60.2,64.8,20.5,32,17.5,28,18.0,34.0,16.5,35.0,10,12,10,12,SSE,W,SW,NW,72.7,91,83,81,450,30945
5,Sankarapuram,ponmani,alluvial,125,62.5,dry,100,5,200,10,135.65,51.9,75,3000,18.1,21.9,185.6,272.4,166.1,250.9,60.2,64.8,20.5,32,17.5,28,18.0,34.0,16.5,35.0,10,12,10,12,SSE,W,SW,NW,72.7,91,83,81,500,30945
5,Kurinjipadi,delux ponni,alluvial,125,62.5,wet,100,5,200,10,135.65,51.9,75,3000,19.6,20.4,187.2,270.8,167.0,250.0,61.0,64.0,19.5,34,18.5,35,17.0,32.5,16.0,30.5,10,4,10,6,NW,S,SE,SSE,64.6,85,84,87,400,31625
2,Sankarapuram,ponmani,clay,50,25.0,wet,40,2,80,4,54.26,20.76,30,1200,18.1,21.9,185.6,272.4,166.1,250.9,60.2,64.8,20.5,32,17.5,28,18.0,34.0,16.5,35.0,10,12,10,12,SSE,W,SW,NW,72.7,91,83,81,200,11672
1,Kallakurichi,delux ponni,alluvial,25,12.5,dry,20,1,40,2,27.13,10.38,15,600,18.5,21.5,185.2,272.8,165.3,251.7,60.0,65.0,19.0,33,17.0,32,16.5,31.5,15.5,32.5,8,6,8,6,W,WNW,SE,S,88.5,95,81,84,80,5532
3,Chinnasalem,delux ponni,clay,75,37.5,wet,60,3,120,6,81.39,31.14,45,1800,18.1,21.9,185.6,272.4,166.1,250.9,60.2,64.8,18.0,31,15.5,34,15.0,33.0,15.0,31.5,6,6,8,10,E,ENE,NE,NNW,78.6,80,92,88,240,17619
5,Panruti,delux ponni,clay,125,62.5,wet,100,5,200,10,135.65,51.9,75,3000,18.5,21.5,185.2,272.8,165.3,251.7,60.0,65.0,20.0,35,18.0,30,17.5,33.5,18.0,33.0,4,12,4,12,ENE,NE,NNE,W,85.0,96,84,79,400,31035
1,Panruti,delux ponni,clay,25,12.5,wet,20,1,40,2,27.13,10.38,15,600,18.5,21.5,185.2,272.8,165.3,251.7,60.0,65.0,20.0,35,18.0,30,17.5,33.5,18.0,33.0,4,12,4,12,ENE,NE,NNE,W,85.0,96,84,79,80,5463
5,Cuddalore,delux ponni,clay,125,62.5,dry,100,5,200,10,135.65,51.9,75,3000,19.6,20.4,187.2,270.8,167.0,250.0,61.0,64.0,18.5,34,16.0,30,15.5,31.0,16.0,33.0,4,10,8,10,SW,W,NNW,WSW,72.0,78,88,85,400,31035
6,Kallakurichi,CO_43,clay,150,75.0,dry,120,6,240,12,162.78,62.28,90,3600,18.5,21.5,185.2,272.8,165.3,251.7,60.0,65.0,19.0,33,17.0,32,16.5,31.5,15.5,32.5,8,6,8,6,W,WNW,SE,S,88.5,95,81,84,540,34716
5,Sankarapuram,ponmani,clay,125,62.5,wet,100,5,200,10,135.65,51.9,75,3000,18.1,21.9,185.6,272.4,166.1,250.9,60.2,64.8,20.5,32,17.5,28,18.0,34.0,16.5,35.0,10,12,10,12,SSE,W,SW,NW,72.7,91,83,81,500,31035
3,Sankarapuram,ponmani,alluvial,75,37.5,dry,60,3,120,6,81.39,31.14,45,1800,18.1,21.9,185.6,272.4,166.1,250.9,60.2,64.8,20.5,32,17.5,28,18.0,34.0,16.5,35.0,10,12,10,12,SSE,W,SW,NW,72.7,91,83,81,300,17619
1,Sankarapuram,ponmani,clay,25,12.5,dry,20,1,40,2,27.13,10.38,15,600,18.1,21.9,185.6,272.4,166.1,250.9,60.2,64.8,20.5,32,17.5,28,18.0,34.0,16.5,35.0,10,12,10,12,SSE,W,SW,NW,72.7,91,83,81,100,5836
2,Cuddalore,delux ponni,clay,50,25.0,dry,40,2,80,4,54.26,20.76,30,1200,19.6,20.4,187.2,270.8,167.0,250.0,61.0,64.0,18.5,34,16.0,30,15.5,31.0,16.0,33.0,4,10,8,10,SW,W,NNW,WSW,72.0,78,88,85,160,11672
5,Kurinjipadi,CO_43,clay,125,62.5,dry,100,5,200,10,135.65,51.9,75,3000,19.6,20.4,187.2,270.8,167.0,250.0,61.0,64.0,19.5,34,18.5,35,17.0,32.5,16.0,30.5,10,4,10,6,NW,S,SE,SSE,64.6,85,84,87,450,30075
4,Chinnasalem,ponmani,clay,100,50.0,dry,80,4,160,8,108.52,41.52,60,2400,18.1,21.9,185.6,272.4,166.1,250.9,60.2,64.8,18.0,31,15.5,34,15.0,33.0,15.0,31.5,6,6,8,10,E,ENE,NE,NNW,78.6,80,92,88,400,24684
5,Kallakurichi,ponmani,alluvial,125,62.5,dry,100,5,200,10,135.65,51.9,75,3000,18.5,21.5,185.2,272.8,165.3,251.7,60.0,65.0,19.0,33,17.0,32,16.5,31.5,15.5,32.5,8,6,8,6,W,WNW,SE,S,88.5,95,81,84,500,31135
2,Chinnasalem,CO_43,clay,50,25.0,wet,40,2,80,4,54.26,20.76,30,1200,18.1,21.9,185.6,272.4,166.1,250.9,60.2,64.8,18.0,31,15.5,34,15.0,33.0,15.0,31.5,6,6,8,10,E,ENE,NE,NNW,78.6,80,92,88,180,11256
4,Kurinjipadi,delux ponni,alluvial,100,50.0,wet,80,4,160,8,108.52,41.52,60,2400,19.6,20.4,187.2,270.8,167.0,250.0,61.0,64.0,19.5,34,18.5,35,17.0,32.5,16.0,30.5,10,4,10,6,NW,S,SE,SSE,64.6,85,84,87,320,23492
4,Sankarapuram,delux ponni,alluvial,100,50.0,wet,80,4,160,8,108.52,41.52,60,2400,18.1,21.9,185.6,272.4,166.1,250.9,60.2,64.8,20.5,32,17.5,28,18.0,34.0,16.5,35.0,10,12,10,12,SSE,W,SW,NW,72.7,91,83,81,320,25672
6,Sankarapuram,delux ponni,alluvial,150,75.0,wet,120,6,240,12,162.78,62.28,90,3600,18.1,21.9,185.6,272.4,166.1,250.9,60.2,64.8,20.5,32,17.5,28,18.0,34.0,16.5,35.0,10,12,10,12,SSE,W,SW,NW,72.7,91,83,81,480,37842
3,Cuddalore,CO_43,alluvial,75,37.5,dry,60,3,120,6,81.39,31.14,45,1800,19.6,20.4,187.2,270.8,167.0,250.0,61.0,64.0,18.5,34,16.0,30,15.5,31.0,16.0,33.0,4,10,8,10,SW,W,NNW,WSW,72.0,78,88,85,270,17619
1,Panruti,CO_43,alluvial,25,12.5,dry,20,1,40,2,27.13,10.38,15,600,18.5,21.5,185.2,272.8,165.3,251.7,60.0,65.0,20.0,35,18.0,30,17.5,33.5,18.0,33.0,4,12,4,12,ENE,NE,NNE,W,85.0,96,84,79,90,5883
2,Kurinjipadi,ponmani,clay,50,25.0,dry,40,2,80,4,54.26,20.76,30,1200,19.6,20.4,187.2,270.8,167.0,250.0,61.0,64.0,19.5,34,18.5,35,17.0,32.5,16.0,30.5,10,4,10,6,NW,S,SE,SSE,64.6,85,84,87,200,10820
4,Kurinjipadi,ponmani,alluvial,100,50.0,dry,80,4,160,8,108.52,41.52,60,2400,19.6,20.4,187.2,270.8,167.0,250.0,61.0,64.0,19.5,34,18.5,35,17.0,32.5,16.0,30.5,10,4,10,6,NW,S,SE,SSE,64.6,85,84,87,400,24460
2,Kallakurichi,ponmani,alluvial,50,25.0,wet,40,2,80,4,54.26,20.76,30,1200,18.5,21.5,185.2,272.8,165.3,251.7,60.0,65.0,19.0,33,17.0,32,16.5,31.5,15.5,32.5,8,6,8,6,W,WNW,SE,S,88.5,95,81,84,200,11710
4,Cuddalore,CO_43,alluvial,100,50.0,dry,80,4,160,8,108.52,41.52,60,2400,19.6,20.4,187.2,270.8,167.0,250.0,61.0,64.0,18.5,34,16.0,30,15.5,31.0,16.0,33.0,4,10,8,10,SW,W,NNW,WSW,72.0,78,88,85,360,25536
5,Panruti,delux ponni,clay,125,62.5,dry,100,5,200,10,135.65,51.9,75,3000,18.5,21.5,185.2,272.8,165.3,251.7,60.0,65.0,20.0,35,18.0,30,17.5,33.5,18.0,33.0,4,12,4,12,ENE,NE,NNE,W,85.0,96,84,79,400,30575
2,Sankarapuram,delux ponni,clay,50,25.0,wet,40,2,80,4,54.26,20.76,30,1200,18.1,21.9,185.6,272.4,166.1,250.9,60.2,64.8,20.5,32,17.5,28,18.0,34.0,16.5,35.0,10,12,10,12,SSE,W,SW,NW,72.7,91,83,81,160,11104
5,Sankarapuram,delux ponni,alluvial,125,62.5,dry,100,5,200,10,135.65,51.9,75,3000,18.1,21.9,185.6,272.4,166.1,250.9,60.2,64.8,20.5,32,17.5,28,18.0,34.0,16.5,35.0,10,12,10,12,SSE,W,SW,NW,72.7,91,83,81,400,30285
5,Panruti,delux ponni,clay,125,62.5,dry,100,5,200,10,135.65,51.9,75,3000,18.5,21.5,185.2,272.8,165.3,251.7,60.0,65.0,20.0,35,18.0,30,17.5,33.5,18.0,33.0,4,12,4,12,ENE,NE,NNE,W,85.0,96,84,79,400,30755
4,Sankarapuram,delux ponni,clay,100,50.0,wet,80,4,160,8,108.52,41.52,60,2400,18.1,21.9,185.6,272.4,166.1,250.9,60.2,64.8,20.5,32,17.5,28,18.0,34.0,16.5,35.0,10,12,10,12,SSE,W,SW,NW,72.7,91,83,81,320,24200
1,Panruti,delux ponni,alluvial,25,12.5,dry,20,1,40,2,27.13,10.38,15,600,18.5,21.5,185.2,272.8,165.3,251.7,60.0,65.0,20.0,35,18.0,30,17.5,33.5,18.0,33.0,4,12,4,12,ENE,NE,NNE,W,85.0,96,84,79,80,5836
2,Chinnasalem,delux ponni,alluvial,50,25.0,wet,40,2,80,4,54.26,20.76,30,1200,18.1,21.9,185.6,272.4,166.1,250.9,60.2,64.8,18.0,31,15.5,34,15.0,33.0,15.0,31.5,6,6,8,10,E,ENE,NE,NNW,78.6,80,92,88,160,10984
5,Kallakurichi,ponmani,clay,125,62.5,wet,100,5,200,10,135.65,51.9,75,3000,18.5,21.5,185.2,272.8,165.3,251.7,60.0,65.0,19.0,33,17.0,32,16.5,31.5,15.5,32.5,8,6,8,6,W,WNW,SE,S,88.5,95,81,84,500,30250
5,Panruti,ponmani,alluvial,125,62.5,wet,100,5,200,10,135.65,51.9,75,3000,18.5,21.5,185.2,272.8,165.3,251.7,60.0,65.0,20.0,35,18.0,30,17.5,33.5,18.0,33.0,4,12,4,12,ENE,NE,NNE,W,85.0,96,84,79,500,31065
3,Kurinjipadi,CO_43,alluvial,75,37.5,wet,60,3,120,6,81.39,31.14,45,1800,19.6,20.4,187.2,270.8,167.0,250.0,61.0,64.0,19.5,34,18.5,35,17.0,32.5,16.0,30.5,10,4,10,6,NW,S,SE,SSE,64.6,85,84,87,270,17619
5,Cuddalore,ponmani,alluvial,125,62.5,dry,100,5,200,10,135.65,51.9,75,3000,19.6,20.4,187.2,270.8,167.0,250.0,61.0,64.0,18.5,34,16.0,30,15.5,31.0,16.0,33.0,4,10,8,10,SW,W,NNW,WSW,72.0,78,88,85,500,30610
5,Kurinjipadi,CO_43,clay,125,62.5,wet,100,5,200,10,135.65,51.9,75,3000,19.6,20.4,187.2,270.8,167.0,250.0,61.0,64.0,19.5,34,18.5,35,17.0,32.5,16.0,30.5,10,4,10,6,NW,S,SE,SSE,64.6,85,84,87,450,31135
4,Panruti,CO_43,alluvial,100,50.0,dry,80,4,160,8,108.52,41.52,60,2400,18.5,21.5,185.2,272.8,165.3,251.7,60.0,65.0,20.0,35,18.0,30,17.5,33.5,18.0,33.0,4,12,4,12,ENE,NE,NNE,W,85.0,96,84,79,360,24636
5,Chinnasalem,delux ponni,clay,125,62.5,wet,100,5,200,10,135.65,51.9,75,3000,18.1,21.9,185.6,272.4,166.1,250.9,60.2,64.8,18.0,31,15.5,34,15.0,33.0,15.0,31.5,6,6,8,10,E,ENE,NE,NNW,78.6,80,92,88,400,30575
5,Sankarapuram,CO_43,clay,125,62.5,dry,100,5,200,10,135.65,51.9,75,3000,18.1,21.9,185.6,272.4,166.1,250.9,60.2,64.8,20.5,32,17.5,28,18.0,34.0,16.5,35.0,10,12,10,12,SSE,W,SW,NW,72.7,91,83,81,450,31605
5,Cuddalore,ponmani,alluvial,125,62.5,dry,100,5,200,10,135.65,51.9,75,3000,19.6,20.4,187.2,270.8,167.0,250.0,61.0,64.0,18.5,34,16.0,30,15.5,31.0,16.0,33.0,4,10,8,10,SW,W,NNW,WSW,72.0,78,88,85,500,28935
2,Cuddalore,CO_43,alluvial,50,25.0,dry,40,2,80,4,54.26,20.76,30,1200,19.6,20.4,187.2,270.8,167.0,250.0,61.0,64.0,18.5,34,16.0,30,15.5,31.0,16.0,33.0,4,10,8,10,SW,W,NNW,WSW,72.0,78,88,85,180,11746
6,Sankarapuram,delux ponni,alluvial,150,75.0,dry,120,6,240,12,162.78,62.28,90,3600,18.1,21.9,185.6,272.4,166.1,250.9,60.2,64.8,20.5,32,17.5,28,18.0,34.0,16.5,35.0,10,12,10,12,SSE,W,SW,NW,72.7,91,83,81,480,36426
5,Sankarapuram,ponmani,clay,125,62.5,dry,100,5,200,10,135.65,51.9,75,3000,18.1,21.9,185.6,272.4,166.1,250.9,60.2,64.8,20.5,32,17.5,28,18.0,34.0,16.5,35.0,10,12,10,12,SSE,W,SW,NW,72.7,91,83,81,500,32080
3,Kallakurichi,ponmani,alluvial,75,37.5,wet,60,3,120,6,81.39,31.14,45,1800,18.5,21.5,185.2,272.8,165.3,251.7,60.0,65.0,19.0,33,17.0,32,16.5,31.5,15.5,32.5,8,6,8,6,W,WNW,SE,S,88.5,95,81,84,300,16389
5,Panruti,delux ponni,clay,125,62.5,dry,100,5,200,10,135.65,51.9,75,3000,18.5,21.5,185.2,272.8,165.3,251.7,60.0,65.0,20.0,35,18.0,30,17.5,33.5,18.0,33.0,4,12,4,12,ENE,NE,NNE,W,85.0,96,84,79,400,31430
3,Kallakurichi,ponmani,clay,75,37.5,wet,60,3,120,6,81.39,31.14,45,1800,18.5,21.5,185.2,272.8,165.3,251.7,60.0,65.0,19.0,33,17.0,32,16.5,31.5,15.5,32.5,8,6,8,6,W,WNW,SE,S,88.5,95,81,84,300,17649
5,Kallakurichi,CO_43,clay,125,62.5,wet,100,5,200,10,135.65,51.9,75,3000,18.5,21.5,185.2,272.8,165.3,251.7,60.0,65.0,19.0,33,17.0,32,16.5,31.5,15.5,32.5,8,6,8,6,W,WNW,SE,S,88.5,95,81,84,450,31420
2,Chinnasalem,delux ponni,alluvial,50,25.0,dry,40,2,80,4,54.26,20.76,30,1200,18.1,21.9,185.6,272.4,166.1,250.9,60.2,64.8,18.0,31,15.5,34,15.0,33.0,15.0,31.5,6,6,8,10,E,ENE,NE,NNW,78.6,80,92,88,160,11672
4,Chinnasalem,CO_43,clay,100,50.0,dry,80,4,160,8,108.52,41.52,60,2400,18.1,21.9,185.6,272.4,166.1,250.9,60.2,64.8,18.0,31,15.5,34,15.0,33.0,15.0,31.5,6,6,8,10,E,ENE,NE,NNW,78.6,80,92,88,360,25664
3,Chinnasalem,ponmani,alluvial,75,37.5,dry,60,3,120,6,81.39,31.14,45,1800,18.1,21.9,185.6,272.4,166.1,250.9,60.2,64.8,18.0,31,15.5,34,15.0,33.0,15.0,31.5,6,6,8,10,E,ENE,NE,NNW,78.6,80,92,88,300,17748
4,Panruti,delux ponni,alluvial,100,50.0,wet,80,4,160,8,108.52,41.52,60,2400,18.5,21.5,185.2,272.8,165.3,251.7,60.0,65.0,20.0,35,18.0,30,17.5,33.5,18.0,33.0,4,12,4,12,ENE,NE,NNE,W,85.0,96,84,79,320,25672
3,Panruti,delux ponni,alluvial,75,37.5,dry,60,3,120,6,81.39,31.14,45,1800,18.5,21.5,185.2,272.8,165.3,251.7,60.0,65.0,20.0,35,18.0,30,17.5,33.5,18.0,33.0,4,12,4,12,ENE,NE,NNE,W,85.0,96,84,79,240,17169
1,Kallakurichi,ponmani,alluvial,25,12.5,wet,20,1,40,2,27.13,10.38,15,600,18.5,21.5,185.2,272.8,165.3,251.7,60.0,65.0,19.0,33,17.0,32,16.5,31.5,15.5,32.5,8,6,8,6,W,WNW,SE,S,88.5,95,81,84,100,5453
2,Cuddalore,ponmani,clay,50,25.0,wet,40,2,80,4,54.26,20.76,30,1200,19.6,20.4,187.2,270.8,167.0,250.0,61.0,64.0,18.5,34,16.0,30,15.5,31.0,16.0,33.0,4,10,8,10,SW,W,NNW,WSW,72.0,78,88,85,200,12000
5,Sankarapuram,CO_43,clay,125,62.5,dry,100,5,200,10,135.65,51.9,75,3000,18.1,21.9,185.6,272.4,166.1,250.9,60.2,64.8,20.5,32,17.5,28,18.0,34.0,16.5,35.0,10,12,10,12,SSE,W,SW,NW,72.7,91,83,81,450,30575
5,Sankarapuram,CO_43,clay,125,62.5,dry,100,5,200,10,135.65,51.9,75,3000,18.1,21.9,185.6,272.4,166.1,250.9,60.2,64.8,20.5,32,17.5,28,18.0,34.0,16.5,35.0,10,12,10,12,SSE,W,SW,NW,72.7,91,83,81,450,30545
4,Kurinjipadi,CO_43,clay,100,50.0,dry,80,4,160,8,108.52,41.52,60,2400,19.6,20.4,187.2,270.8,167.0,250.0,61.0,64.0,19.5,34,18.5,35,17.0,32.5,16.0,30.5,10,4,10,6,NW,S,SE,SSE,64.6,85,84,87,360,25120
1,Kallakurichi,delux ponni,alluvial,25,12.5,dry,20,1,40,2,27.13,10.38,15,600,18.5,21.5,185.2,272.8,165.3,251.7,60.0,65.0,19.0,33,17.0,32,16.5,31.5,15.5,32.5,8,6,8,6,W,WNW,SE,S,88.5,95,81,84,80,5723
3,Panruti,delux ponni,clay,75,37.5,dry,60,3,120,6,81.39,31.14,45,1800,18.5,21.5,185.2,272.8,165.3,251.7,60.0,65.0,20.0,35,18.0,30,17.5,33.5,18.0,33.0,4,12,4,12,ENE,NE,NNE,W,85.0,96,84,79,240,16230
4,Sankarapuram,ponmani,alluvial,100,50.0,dry,80,4,160,8,108.52,41.52,60,2400,18.1,21.9,185.6,272.4,166.1,250.9,60.2,64.8,20.5,32,17.5,28,18.0,34.0,16.5,35.0,10,12,10,12,SSE,W,SW,NW,72.7,91,83,81,400,25640
2,Sankarapuram,ponmani,alluvial,50,25.0,wet,40,2,80,4,54.26,20.76,30,1200,18.1,21.9,185.6,272.4,166.1,250.9,60.2,64.8,20.5,32,17.5,28,18.0,34.0,16.5,35.0,10,12,10,12,SSE,W,SW,NW,72.7,91,83,81,200,11054
5,Kurinjipadi,delux ponni,alluvial,125,62.5,wet,100,5,200,10,135.65,51.9,75,3000,19.6,20.4,187.2,270.8,167.0,250.0,61.0,64.0,19.5,34,18.5,35,17.0,32.5,16.0,30.5,10,4,10,6,NW,S,SE,SSE,64.6,85,84,87,400,31035
2,Cuddalore,delux ponni,clay,50,25.0,wet,40,2,80,4,54.26,20.76,30,1200,19.6,20.4,187.2,270.8,167.0,250.0,61.0,64.0,18.5,34,16.0,30,15.5,31.0,16.0,33.0,4,10,8,10,SW,W,NNW,WSW,72.0,78,88,85,160,11538
1,Cuddalore,ponmani,clay,25,12.5,dry,20,1,40,2,27.13,10.38,15,600,19.6,20.4,187.2,270.8,167.0,250.0,61.0,64.0,18.5,34,16.0,30,15.5,31.0,16.0,33.0,4,10,8,10,SW,W,NNW,WSW,72.0,78,88,85,100,5836
4,Chinnasalem,delux ponni,alluvial,100,50.0,dry,80,4,160,8,108.52,41.52,60,2400,18.1,21.9,185.6,272.4,166.1,250.9,60.2,64.8,18.0,31,15.5,34,15.0,33.0,15.0,31.5,6,6,8,10,E,ENE,NE,NNW,78.6,80,92,88,320,22372
3,Kurinjipadi,delux ponni,clay,75,37.5,wet,60,3,120,6,81.39,31.14,45,1800,19.6,20.4,187.2,270.8,167.0,250.0,61.0,64.0,19.5,34,18.5,35,17.0,32.5,16.0,30.5,10,4,10,6,NW,S,SE,SSE,64.6,85,84,87,240,17508
2,Sankarapuram,delux ponni,clay,50,25.0,dry,40,2,80,4,54.26,20.76,30,1200,18.1,21.9,185.6,272.4,166.1,250.9,60.2,64.8,20.5,32,17.5,28,18.0,34.0,16.5,35.0,10,12,10,12,SSE,W,SW,NW,72.7,91,83,81,160,11672
2,Sankarapuram,ponmani,alluvial,50,25.0,dry,40,2,80,4,54.26,20.76,30,1200,18.1,21.9,185.6,272.4,166.1,250.9,60.2,64.8,20.5,32,17.5,28,18.0,34.0,16.5,35.0,10,12,10,12,SSE,W,SW,NW,72.7,91,83,81,200,11966
4,Cuddalore,ponmani,clay,100,50.0,dry,80,4,160,8,108.52,41.52,60,2400,19.6,20.4,187.2,270.8,167.0,250.0,61.0,64.0,18.5,34,16.0,30,15.5,31.0,16.0,33.0,4,10,8,10,SW,W,NNW,WSW,72.0,78,88,85,400,24828
6,Sankarapuram,delux ponni,alluvial,150,75.0,dry,120,6,240,12,162.78,62.28,90,3600,18.1,21.9,185.6,272.4,166.1,250.9,60.2,64.8,20.5,32,17.5,28,18.0,34.0,16.5,35.0,10,12,10,12,SSE,W,SW,NW,72.7,91,83,81,480,36426
4,Cuddalore,delux ponni,clay,100,50.0,dry,80,4,160,8,108.52,41.52,60,2400,19.6,20.4,187.2,270.8,167.0,250.0,61.0,64.0,18.5,34,16.0,30,15.5,31.0,16.0,33.0,4,10,8,10,SW,W,NNW,WSW,72.0,78,88,85,320,25876
3,Sankarapuram,ponmani,clay,75,37.5,wet,60,3,120,6,81.39,31.14,45,1800,18.1,21.9,185.6,272.4,166.1,250.9,60.2,64.8,20.5,32,17.5,28,18.0,34.0,16.5,35.0,10,12,10,12,SSE,W,SW,NW,72.7,91,83,81,300,16359
3,Sankarapuram,delux ponni,clay,75,37.5,dry,60,3,120,6,81.39,31.14,45,1800,18.1,21.9,185.6,272.4,166.1,250.9,60.2,64.8,20.5,32,17.5,28,18.0,34.0,16.5,35.0,10,12,10,12,SSE,W,SW,NW,72.7,91,83,81,240,17169
1,Panruti,CO_43,alluvial,25,12.5,dry,20,1,40,2,27.13,10.38,15,600,18.5,21.5,185.2,272.8,165.3,251.7,60.0,65.0,20.0,35,18.0,30,17.5,33.5,18.0,33.0,4,12,4,12,ENE,NE,NNE,W,85.0,96,84,79,90,5916
5,Sankarapuram,delux ponni,clay,125,62.5,dry,100,5,200,10,135.65,51.9,75,3000,18.1,21.9,185.6,272.4,166.1,250.9,60.2,64.8,20.5,32,17.5,28,18.0,34.0,16.5,35.0,10,12,10,12,SSE,W,SW,NW,72.7,91,83,81,400,31400
5,Panruti,ponmani,alluvial,125,62.5,dry,100,5,200,10,135.65,51.9,75,3000,18.5,21.5,185.2,272.8,165.3,251.7,60.0,65.0,20.0,35,18.0,30,17.5,33.5,18.0,33.0,4,12,4,12,ENE,NE,NNE,W,85.0,96,84,79,500,31135
4,Chinnasalem,CO_43,clay,100,50.0,wet,80,4,160,8,108.52,41.52,60,2400,18.1,21.9,185.6,272.4,166.1,250.9,60.2,64.8,18.0,31,15.5,34,15.0,33.0,15.0,31.5,6,6,8,10,E,ENE,NE,NNW,78.6,80,92,88,360,25284
6,Chinnasalem,delux ponni,alluvial,150,75.0,wet,120,6,240,12,162.78,62.28,90,3600,18.1,21.9,185.6,272.4,166.1,250.9,60.2,64.8,18.0,31,15.5,34,15.0,33.0,15.0,31.5,6,6,8,10,E,ENE,NE,NNW,78.6,80,92,88,480,37362
3,Kallakurichi,CO_43,alluvial,75,37.5,dry,60,3,120,6,81.39,31.14,45,1800,18.5,21.5,185.2,272.8,165.3,251.7,60.0,65.0,19.0,33,17.0,32,16.5,31.5,15.5,32.5,8,6,8,6,W,WNW,SE,S,88.5,95,81,84,270,16230
5,Sankarapuram,CO_43,clay,125,62.5,wet,100,5,200,10,135.65,51.9,75,3000,18.1,21.9,185.6,272.4,166.1,250.9,60.2,64.8,20.5,32,17.5,28,18.0,34.0,16.5,35.0,10,12,10,12,SSE,W,SW,NW,72.7,91,83,81,450,30545
5,Panruti,ponmani,clay,125,62.5,wet,100,5,200,10,135.65,51.9,75,3000,18.5,21.5,185.2,272.8,165.3,251.7,60.0,65.0,20.0,35,18.0,30,17.5,33.5,18.0,33.0,4,12,4,12,ENE,NE,NNE,W,85.0,96,84,79,500,31400
4,Cuddalore,CO_43,alluvial,100,50.0,dry,80,4,160,8,108.52,41.52,60,2400,19.6,20.4,187.2,270.8,167.0,250.0,61.0,64.0,18.5,34,16.0,30,15.5,31.0,16.0,33.0,4,10,8,10,SW,W,NNW,WSW,72.0,78,88,85,360,25228
3,Kurinjipadi,ponmani,clay,75,37.5,dry,60,3,120,6,81.39,31.14,45,1800,19.6,20.4,187.2,270.8,167.0,250.0,61.0,64.0,19.5,34,18.5,35,17.0,32.5,16.0,30.5,10,4,10,6,NW,S,SE,SSE,64.6,85,84,87,300,17166
1,Panruti,delux ponni,alluvial,25,12.5,dry,20,1,40,2,27.13,10.38,15,600,18.5,21.5,185.2,272.8,165.3,251.7,60.0,65.0,20.0,35,18.0,30,17.5,33.5,18.0,33.0,4,12,4,12,ENE,NE,NNE,W,85.0,96,84,79,80,5836
4,Kallakurichi,ponmani,clay,100,50.0,dry,80,4,160,8,108.52,41.52,60,2400,18.5,21.5,185.2,272.8,165.3,251.7,60.0,65.0,19.0,33,17.0,32,16.5,31.5,15.5,32.5,8,6,8,6,W,WNW,SE,S,88.5,95,81,84,400,24432
3,Kallakurichi,ponmani,alluvial,75,37.5,dry,60,3,120,6,81.39,31.14,45,1800,18.5,21.5,185.2,272.8,165.3,251.7,60.0,65.0,19.0,33,17.0,32,16.5,31.5,15.5,32.5,8,6,8,6,W,WNW,SE,S,88.5,95,81,84,300,17169
1,Chinnasalem,delux ponni,clay,25,12.5,dry,20,1,40,2,27.13,10.38,15,600,18.1,21.9,185.6,272.4,166.1,250.9,60.2,64.8,18.0,31,15.5,34,15.0,33.0,15.0,31.5,6,6,8,10,E,ENE,NE,NNW,78.6,80,92,88,80,5873
3,Panruti,CO_43,clay,75,37.5,dry,60,3,120,6,81.39,31.14,45,1800,18.5,21.5,185.2,272.8,165.3,251.7,60.0,65.0,20.0,35,18.0,30,17.5,33.5,18.0,33.0,4,12,4,12,ENE,NE,NNE,W,85.0,96,84,79,270,17721
3,Panruti,delux ponni,clay,75,37.5,wet,60,3,120,6,81.39,31.14,45,1800,18.5,21.5,185.2,272.8,165.3,251.7,60.0,65.0,20.0,35,18.0,30,17.5,33.5,18.0,33.0,4,12,4,12,ENE,NE,NNE,W,85.0,96,84,79,240,17508
1,Sankarapuram,CO_43,clay,25,12.5,dry,20,1,40,2,27.13,10.38,15,600,18.1,21.9,185.6,272.4,166.1,250.9,60.2,64.8,20.5,32,17.5,28,18.0,34.0,16.5,35.0,10,12,10,12,SSE,W,SW,NW,72.7,91,83,81,90,5836
1,Sankarapuram,ponmani,alluvial,25,12.5,dry,20,1,40,2,27.13,10.38,15,600,18.1,21.9,185.6,272.4,166.1,250.9,60.2,64.8,20.5,32,17.5,28,18.0,34.0,16.5,35.0,10,12,10,12,SSE,W,SW,NW,72.7,91,83,81,100,5723
5,Sankarapuram,CO_43,alluvial,125,62.5,wet,100,5,200,10,135.65,51.9,75,3000,18.1,21.9,185.6,272.4,166.1,250.9,60.2,64.8,20.5,32,17.5,28,18.0,34.0,16.5,35.0,10,12,10,12,SSE,W,SW,NW,72.7,91,83,81,450,32080
5,Panruti,CO_43,clay,125,62.5,dry,100,5,200,10,135.65,51.9,75,3000,18.5,21.5,185.2,272.8,165.3,251.7,60.0,65.0,20.0,35,18.0,30,17.5,33.5,18.0,33.0,4,12,4,12,ENE,NE,NNE,W,85.0,96,84,79,450,31605
5,Sankarapuram,ponmani,clay,125,62.5,dry,100,5,200,10,135.65,51.9,75,3000,18.1,21.9,185.6,272.4,166.1,250.9,60.2,64.8,20.5,32,17.5,28,18.0,34.0,16.5,35.0,10,12,10,12,SSE,W,SW,NW,72.7,91,83,81,500,31135
4,Kurinjipadi,delux ponni,alluvial,100,50.0,dry,80,4,160,8,108.52,41.52,60,2400,19.6,20.4,187.2,270.8,167.0,250.0,61.0,64.0,19.5,34,18.5,35,17.0,32.5,16.0,30.5,10,4,10,6,NW,S,SE,SSE,64.6,85,84,87,320,25228
2,Cuddalore,CO_43,alluvial,50,25.0,dry,40,2,80,4,54.26,20.76,30,1200,19.6,20.4,187.2,270.8,167.0,250.0,61.0,64.0,18.5,34,16.0,30,15.5,31.0,16.0,33.0,4,10,8,10,SW,W,NNW,WSW,72.0,78,88,85,180,11746
5,Sankarapuram,CO_43,clay,125,62.5,wet,100,5,200,10,135.65,51.9,75,3000,18.1,21.9,185.6,272.4,166.1,250.9,60.2,64.8,20.5,32,17.5,28,18.0,34.0,16.5,35.0,10,12,10,12,SSE,W,SW,NW,72.7,91,83,81,450,32050
5,Chinnasalem,CO_43,clay,125,62.5,wet,100,5,200,10,135.65,51.9,75,3000,18.1,21.9,185.6,272.4,166.1,250.9,60.2,64.8,18.0,31,15.5,34,15.0,33.0,15.0,31.5,6,6,8,10,E,ENE,NE,NNW,78.6,80,92,88,450,31135
5,Panruti,ponmani,alluvial,125,62.5,wet,100,5,200,10,135.65,51.9,75,3000,18.5,21.5,185.2,272.8,165.3,251.7,60.0,65.0,20.0,35,18.0,30,17.5,33.5,18.0,33.0,4,12,4,12,ENE,NE,NNE,W,85.0,96,84,79,500,28060
5,Sankarapuram,CO_43,alluvial,125,62.5,wet,100,5,200,10,135.65,51.9,75,3000,18.1,21.9,185.6,272.4,166.1,250.9,60.2,64.8,20.5,32,17.5,28,18.0,34.0,16.5,35.0,10,12,10,12,SSE,W,SW,NW,72.7,91,83,81,450,30945
2,Chinnasalem,CO_43,alluvial,50,25.0,wet,40,2,80,4,54.26,20.76,30,1200,18.1,21.9,185.6,272.4,166.1,250.9,60.2,64.8,18.0,31,15.5,34,15.0,33.0,15.0,31.5,6,6,8,10,E,ENE,NE,NNW,78.6,80,92,88,180,11246
3,Cuddalore,CO_43,alluvial,75,37.5,dry,60,3,120,6,81.39,31.14,45,1800,19.6,20.4,187.2,270.8,167.0,250.0,61.0,64.0,18.5,34,16.0,30,15.5,31.0,16.0,33.0,4,10,8,10,SW,W,NNW,WSW,72.0,78,88,85,270,16359
2,Panruti,CO_43,clay,50,25.0,wet,40,2,80,4,54.26,20.76,30,1200,18.5,21.5,185.2,272.8,165.3,251.7,60.0,65.0,20.0,35,18.0,30,17.5,33.5,18.0,33.0,4,12,4,12,ENE,NE,NNE,W,85.0,96,84,79,180,11816
5,Sankarapuram,CO_43,clay,125,62.5,wet,100,5,200,10,135.65,51.9,75,3000,18.1,21.9,185.6,272.4,166.1,250.9,60.2,64.8,20.5,32,17.5,28,18.0,34.0,16.5,35.0,10,12,10,12,SSE,W,SW,NW,72.7,91,83,81,450,31810
5,Sankarapuram,CO_43,alluvial,125,62.5,dry,100,5,200,10,135.65,51.9,75,3000,18.1,21.9,185.6,272.4,166.1,250.9,60.2,64.8,20.5,32,17.5,28,18.0,34.0,16.5,35.0,10,12,10,12,SSE,W,SW,NW,72.7,91,83,81,450,31400
5,Kallakurichi,ponmani,clay,125,62.5,wet,100,5,200,10,135.65,51.9,75,3000,18.5,21.5,185.2,272.8,165.3,251.7,60.0,65.0,19.0,33,17.0,32,16.5,31.5,15.5,32.5,8,6,8,6,W,WNW,SE,S,88.5,95,81,84,500,30755
5,Cuddalore,delux ponni,clay,125,62.5,dry,100,5,200,10,135.65,51.9,75,3000,19.6,20.4,187.2,270.8,167.0,250.0,61.0,64.0,18.5,34,16.0,30,15.5,31.0,16.0,33.0,4,10,8,10,SW,W,NNW,WSW,72.0,78,88,85,400,31810
4,Sankarapuram,ponmani,alluvial,100,50.0,wet,80,4,160,8,108.52,41.52,60,2400,18.1,21.9,185.6,272.4,166.1,250.9,60.2,64.8,20.5,32,17.5,28,18.0,34.0,16.5,35.0,10,12,10,12,SSE,W,SW,NW,72.7,91,83,81,400,24908
4,Sankarapuram,CO_43,clay,100,50.0,wet,80,4,160,8,108.52,41.52,60,2400,18.1,21.9,185.6,272.4,166.1,250.9,60.2,64.8,20.5,32,17.5,28,18.0,34.0,16.5,35.0,10,12,10,12,SSE,W,SW,NW,72.7,91,83,81,360,25452
5,Sankarapuram,delux ponni,clay,125,62.5,dry,100,5,200,10,135.65,51.9,75,3000,18.1,21.9,185.6,272.4,166.1,250.9,60.2,64.8,20.5,32,17.5,28,18.0,34.0,16.5,35.0,10,12,10,12,SSE,W,SW,NW,72.7,91,83,81,400,31135
1,Chinnasalem,ponmani,alluvial,25,12.5,dry,20,1,40,2,27.13,10.38,15,600,18.1,21.9,185.6,272.4,166.1,250.9,60.2,64.8,18.0,31,15.5,34,15.0,33.0,15.0,31.5,6,6,8,10,E,ENE,NE,NNW,78.6,80,92,88,100,5723
6,Chinnasalem,ponmani,clay,150,75.0,wet,120,6,240,12,162.78,62.28,90,3600,18.1,21.9,185.6,272.4,166.1,250.9,60.2,64.8,18.0,31,15.5,34,15.0,33.0,15.0,31.5,6,6,8,10,E,ENE,NE,NNW,78.6,80,92,88,600,33672
3,Kallakurichi,ponmani,clay,75,37.5,dry,60,3,120,6,81.39,31.14,45,1800,18.5,21.5,185.2,272.8,165.3,251.7,60.0,65.0,19.0,33,17.0,32,16.5,31.5,15.5,32.5,8,6,8,6,W,WNW,SE,S,88.5,95,81,84,300,17649
1,Cuddalore,ponmani,alluvial,25,12.5,dry,20,1,40,2,27.13,10.38,15,600,19.6,20.4,187.2,270.8,167.0,250.0,61.0,64.0,18.5,34,16.0,30,15.5,31.0,16.0,33.0,4,10,8,10,SW,W,NNW,WSW,72.0,78,88,85,100,5863
5,Sankarapuram,ponmani,alluvial,125,62.5,dry,100,5,200,10,135.65,51.9,75,3000,18.1,21.9,185.6,272.4,166.1,250.9,60.2,64.8,20.5,32,17.5,28,18.0,34.0,16.5,35.0,10,12,10,12,SSE,W,SW,NW,72.7,91,83,81,500,31135
1,Kurinjipadi,CO_43,clay,25,12.5,dry,20,1,40,2,27.13,10.38,15,600,19.6,20.4,187.2,270.8,167.0,250.0,61.0,64.0,19.5,34,18.5,35,17.0,32.5,16.0,30.5,10,4,10,6,NW,S,SE,SSE,64.6,85,84,87,90,5863
1,Kallakurichi,CO_43,alluvial,25,12.5,dry,20,1,40,2,27.13,10.38,15,600,18.5,21.5,185.2,272.8,165.3,251.7,60.0,65.0,19.0,33,17.0,32,16.5,31.5,15.5,32.5,8,6,8,6,W,WNW,SE,S,88.5,95,81,84,90,5836
4,Sankarapuram,ponmani,alluvial,100,50.0,dry,80,4,160,8,108.52,41.52,60,2400,18.1,21.9,185.6,272.4,166.1,250.9,60.2,64.8,20.5,32,17.5,28,18.0,34.0,16.5,35.0,10,12,10,12,SSE,W,SW,NW,72.7,91,83,81,400,24908
3,Kurinjipadi,ponmani,alluvial,75,37.5,dry,60,3,120,6,81.39,31.14,45,1800,19.6,20.4,187.2,270.8,167.0,250.0,61.0,64.0,19.5,34,18.5,35,17.0,32.5,16.0,30.5,10,4,10,6,NW,S,SE,SSE,64.6,85,84,87,300,17169
2,Panruti,CO_43,clay,50,25.0,dry,40,2,80,4,54.26,20.76,30,1200,18.5,21.5,185.2,272.8,165.3,251.7,60.0,65.0,20.0,35,18.0,30,17.5,33.5,18.0,33.0,4,12,4,12,ENE,NE,NNE,W,85.0,96,84,79,180,11468
4,Sankarapuram,delux ponni,alluvial,100,50.0,dry,80,4,160,8,108.52,41.52,60,2400,18.1,21.9,185.6,272.4,166.1,250.9,60.2,64.8,20.5,32,17.5,28,18.0,34.0,16.5,35.0,10,12,10,12,SSE,W,SW,NW,72.7,91,83,81,320,24828
5,Kallakurichi,delux ponni,alluvial,125,62.5,dry,100,5,200,10,135.65,51.9,75,3000,18.5,21.5,185.2,272.8,165.3,251.7,60.0,65.0,19.0,33,17.0,32,16.5,31.5,15.5,32.5,8,6,8,6,W,WNW,SE,S,88.5,95,81,84,400,31135
3,Cuddalore,CO_43,alluvial,75,37.5,dry,60,3,120,6,81.39,31.14,45,1800,19.6,20.4,187.2,270.8,167.0,250.0,61.0,64.0,18.5,34,16.0,30,15.5,31.0,16.0,33.0,4,10,8,10,SW,W,NNW,WSW,72.0,78,88,85,270,17508
2,Kurinjipadi,delux ponni,alluvial,50,25.0,wet,40,2,80,4,54.26,20.76,30,1200,19.6,20.4,187.2,270.8,167.0,250.0,61.0,64.0,19.5,34,18.5,35,17.0,32.5,16.0,30.5,10,4,10,6,NW,S,SE,SSE,64.6,85,84,87,160,11268
6,Cuddalore,delux ponni,alluvial,150,75.0,wet,120,6,240,12,162.78,62.28,90,3600,19.6,20.4,187.2,270.8,167.0,250.0,61.0,64.0,18.5,34,16.0,30,15.5,31.0,16.0,33.0,4,10,8,10,SW,W,NNW,WSW,72.0,78,88,85,480,37362
1,Cuddalore,delux ponni,clay,25,12.5,dry,20,1,40,2,27.13,10.38,15,600,19.6,20.4,187.2,270.8,167.0,250.0,61.0,64.0,18.5,34,16.0,30,15.5,31.0,16.0,33.0,4,10,8,10,SW,W,NNW,WSW,72.0,78,88,85,80,5916
6,Kallakurichi,ponmani,clay,150,75.0,dry,120,6,240,12,162.78,62.28,90,3600,18.5,21.5,185.2,272.8,165.3,251.7,60.0,65.0,19.0,33,17.0,32,16.5,31.5,15.5,32.5,8,6,8,6,W,WNW,SE,S,88.5,95,81,84,600,36966
2,Cuddalore,delux ponni,alluvial,50,25.0,wet,40,2,80,4,54.26,20.76,30,1200,19.6,20.4,187.2,270.8,167.0,250.0,61.0,64.0,18.5,34,16.0,30,15.5,31.0,16.0,33.0,4,10,8,10,SW,W,NNW,WSW,72.0,78,88,85,160,11672
3,Panruti,ponmani,clay,75,37.5,dry,60,3,120,6,81.39,31.14,45,1800,18.5,21.5,185.2,272.8,165.3,251.7,60.0,65.0,20.0,35,18.0,30,17.5,33.5,18.0,33.0,4,12,4,12,ENE,NE,NNE,W,85.0,96,84,79,300,17169
4,Panruti,delux ponni,clay,100,50.0,wet,80,4,160,8,108.52,41.52,60,2400,18.5,21.5,185.2,272.8,165.3,251.7,60.0,65.0,20.0,35,18.0,30,17.5,33.5,18.0,33.0,4,12,4,12,ENE,NE,NNE,W,85.0,96,84,79,320,25144
5,Panruti,ponmani,clay,125,62.5,dry,100,5,200,10,135.65,51.9,75,3000,18.5,21.5,185.2,272.8,165.3,251.7,60.0,65.0,20.0,35,18.0,30,17.5,33.5,18.0,33.0,4,12,4,12,ENE,NE,NNE,W,85.0,96,84,79,500,30285
3,Kurinjipadi,ponmani,clay,75,37.5,wet,60,3,120,6,81.39,31.14,45,1800,19.6,20.4,187.2,270.8,167.0,250.0,61.0,64.0,19.5,34,18.5,35,17.0,32.5,16.0,30.5,10,4,10,6,NW,S,SE,SSE,64.6,85,84,87,300,17724
4,Kurinjipadi,CO_43,clay,100,50.0,wet,80,4,160,8,108.52,41.52,60,2400,19.6,20.4,187.2,270.8,167.0,250.0,61.0,64.0,19.5,34,18.5,35,17.0,32.5,16.0,30.5,10,4,10,6,NW,S,SE,SSE,64.6,85,84,87,360,25228
1,Chinnasalem,CO_43,alluvial,25,12.5,dry,20,1,40,2,27.13,10.38,15,600,18.1,21.9,185.6,272.4,166.1,250.9,60.2,64.8,18.0,31,15.5,34,15.0,33.0,15.0,31.5,6,6,8,10,E,ENE,NE,NNW,78.6,80,92,88,90,5873
4,Sankarapuram,delux ponni,clay,100,50.0,dry,80,4,160,8,108.52,41.52,60,2400,18.1,21.9,185.6,272.4,166.1,250.9,60.2,64.8,20.5,32,17.5,28,18.0,34.0,16.5,35.0,10,12,10,12,SSE,W,SW,NW,72.7,91,83,81,320,25452
6,Kurinjipadi,ponmani,clay,150,75.0,wet,120,6,240,12,162.78,62.28,90,3600,19.6,20.4,187.2,270.8,167.0,250.0,61.0,64.0,19.5,34,18.5,35,17.0,32.5,16.0,30.5,10,4,10,6,NW,S,SE,SSE,64.6,85,84,87,600,34458
1,Sankarapuram,delux ponni,alluvial,25,12.5,wet,20,1,40,2,27.13,10.38,15,600,18.1,21.9,185.6,272.4,166.1,250.9,60.2,64.8,20.5,32,17.5,28,18.0,34.0,16.5,35.0,10,12,10,12,SSE,W,SW,NW,72.7,91,83,81,80,5612
1,Kallakurichi,ponmani,clay,25,12.5,dry,20,1,40,2,27.13,10.38,15,600,18.5,21.5,185.2,272.8,165.3,251.7,60.0,65.0,19.0,33,17.0,32,16.5,31.5,15.5,32.5,8,6,8,6,W,WNW,SE,S,88.5,95,81,84,100,5723
4,Sankarapuram,delux ponni,alluvial,100,50.0,dry,80,4,160,8,108.52,41.52,60,2400,18.1,21.9,185.6,272.4,166.1,250.9,60.2,64.8,20.5,32,17.5,28,18.0,34.0,16.5,35.0,10,12,10,12,SSE,W,SW,NW,72.7,91,83,81,320,24060
6,Kurinjipadi,delux ponni,alluvial,150,75.0,dry,120,6,240,12,162.78,62.28,90,3600,19.6,20.4,187.2,270.8,167.0,250.0,61.0,64.0,19.5,34,18.5,35,17.0,32.5,16.0,30.5,10,4,10,6,NW,S,SE,SSE,64.6,85,84,87,480,38136
5,Sankarapuram,delux ponni,clay,125,62.5,dry,100,5,200,10,135.65,51.9,75,3000,18.1,21.9,185.6,272.4,166.1,250.9,60.2,64.8,20.5,32,17.5,28,18.0,34.0,16.5,35.0,10,12,10,12,SSE,W,SW,NW,72.7,91,83,81,400,31555
3,Chinnasalem,delux ponni,clay,75,37.5,dry,60,3,120,6,81.39,31.14,45,1800,18.1,21.9,185.6,272.4,166.1,250.9,60.2,64.8,18.0,31,15.5,34,15.0,33.0,15.0,31.5,6,6,8,10,E,ENE,NE,NNW,78.6,80,92,88,240,16581
3,Panruti,delux ponni,alluvial,75,37.5,dry,60,3,120,6,81.39,31.14,45,1800,18.5,21.5,185.2,272.8,165.3,251.7,60.0,65.0,20.0,35,18.0,30,17.5,33.5,18.0,33.0,4,12,4,12,ENE,NE,NNE,W,85.0,96,84,79,240,17619
4,Chinnasalem,delux ponni,clay,100,50.0,wet,80,4,160,8,108.52,41.52,60,2400,18.1,21.9,185.6,272.4,166.1,250.9,60.2,64.8,18.0,31,15.5,34,15.0,33.0,15.0,31.5,6,6,8,10,E,ENE,NE,NNW,78.6,80,92,88,320,25244
4,Kurinjipadi,ponmani,clay,100,50.0,wet,80,4,160,8,108.52,41.52,60,2400,19.6,20.4,187.2,270.8,167.0,250.0,61.0,64.0,19.5,34,18.5,35,17.0,32.5,16.0,30.5,10,4,10,6,NW,S,SE,SSE,64.6,85,84,87,400,25120
4,Panruti,ponmani,clay,100,50.0,dry,80,4,160,8,108.52,41.52,60,2400,18.5,21.5,185.2,272.8,165.3,251.7,60.0,65.0,20.0,35,18.0,30,17.5,33.5,18.0,33.0,4,12,4,12,ENE,NE,NNE,W,85.0,96,84,79,400,24200
6,Kurinjipadi,delux ponni,alluvial,150,75.0,dry,120,6,240,12,162.78,62.28,90,3600,19.6,20.4,187.2,270.8,167.0,250.0,61.0,64.0,19.5,34,18.5,35,17.0,32.5,16.0,30.5,10,4,10,6,NW,S,SE,SSE,64.6,85,84,87,480,37866
2,Sankarapuram,ponmani,alluvial,50,25.0,dry,40,2,80,4,54.26,20.76,30,1200,18.1,21.9,185.6,272.4,166.1,250.9,60.2,64.8,20.5,32,17.5,28,18.0,34.0,16.5,35.0,10,12,10,12,SSE,W,SW,NW,72.7,91,83,81,200,11746
3,Kurinjipadi,ponmani,clay,75,37.5,dry,60,3,120,6,81.39,31.14,45,1800,19.6,20.4,187.2,270.8,167.0,250.0,61.0,64.0,19.5,34,18.5,35,17.0,32.5,16.0,30.5,10,4,10,6,NW,S,SE,SSE,64.6,85,84,87,300,16581
4,Chinnasalem,delux ponni,alluvial,100,50.0,dry,80,4,160,8,108.52,41.52,60,2400,18.1,21.9,185.6,272.4,166.1,250.9,60.2,64.8,18.0,31,15.5,34,15.0,33.0,15.0,31.5,6,6,8,10,E,ENE,NE,NNW,78.6,80,92,88,320,24200
5,Panruti,delux ponni,clay,125,62.5,wet,100,5,200,10,135.65,51.9,75,3000,18.5,21.5,185.2,272.8,165.3,251.7,60.0,65.0,20.0,35,18.0,30,17.5,33.5,18.0,33.0,4,12,4,12,ENE,NE,NNE,W,85.0,96,84,79,400,31535
2,Kallakurichi,CO_43,clay,50,25.0,dry,40,2,80,4,54.26,20.76,30,1200,18.5,21.5,185.2,272.8,165.3,251.7,60.0,65.0,19.0,33,17.0,32,16.5,31.5,15.5,32.5,8,6,8,6,W,WNW,SE,S,88.5,95,81,84,180,11832
6,Chinnasalem,delux ponni,alluvial,150,75.0,wet,120,6,240,12,162.78,62.28,90,3600,18.1,21.9,185.6,272.4,166.1,250.9,60.2,64.8,18.0,31,15.5,34,15.0,33.0,15.0,31.5,6,6,8,10,E,ENE,NE,NNW,78.6,80,92,88,480,37866
5,Cuddalore,delux ponni,clay,125,62.5,wet,100,5,200,10,135.65,51.9,75,3000,19.6,20.4,187.2,270.8,167.0,250.0,61.0,64.0,18.5,34,16.0,30,15.5,31.0,16.0,33.0,4,10,8,10,SW,W,NNW,WSW,72.0,78,88,85,400,30575
5,Sankarapuram,CO_43,clay,125,62.5,dry,100,5,200,10,135.65,51.9,75,3000,18.1,21.9,185.6,272.4,166.1,250.9,60.2,64.8,20.5,32,17.5,28,18.0,34.0,16.5,35.0,10,12,10,12,SSE,W,SW,NW,72.7,91,83,81,450,31810
1,Chinnasalem,ponmani,clay,25,12.5,wet,20,1,40,2,27.13,10.38,15,600,18.1,21.9,185.6,272.4,166.1,250.9,60.2,64.8,18.0,31,15.5,34,15.0,33.0,15.0,31.5,6,6,8,10,E,ENE,NE,NNW,78.6,80,92,88,100,5836
5,Sankarapuram,delux ponni,alluvial,125,62.5,dry,100,5,200,10,135.65,51.9,75,3000,18.1,21.9,185.6,272.4,166.1,250.9,60.2,64.8,20.5,32,17.5,28,18.0,34.0,16.5,35.0,10,12,10,12,SSE,W,SW,NW,72.7,91,83,81,400,31535
2,Kallakurichi,delux ponni,clay,50,25.0,wet,40,2,80,4,54.26,20.76,30,1200,18.5,21.5,185.2,272.8,165.3,251.7,60.0,65.0,19.0,33,17.0,32,16.5,31.5,15.5,32.5,8,6,8,6,W,WNW,SE,S,88.5,95,81,84,160,11538
1,Panruti,CO_43,clay,25,12.5,wet,20,1,40,2,27.13,10.38,15,600,18.5,21.5,185.2,272.8,165.3,251.7,60.0,65.0,20.0,35,18.0,30,17.5,33.5,18.0,33.0,4,12,4,12,ENE,NE,NNE,W,85.0,96,84,79,90,5836
5,Kallakurichi,ponmani,alluvial,125,62.5,wet,100,5,200,10,135.65,51.9,75,3000,18.5,21.5,185.2,272.8,165.3,251.7,60.0,65.0,19.0,33,17.0,32,16.5,31.5,15.5,32.5,8,6,8,6,W,WNW,SE,S,88.5,95,81,84,500,31135
2,Sankarapuram,ponmani,clay,50,25.0,dry,40,2,80,4,54.26,20.76,30,1200,18.1,21.9,185.6,272.4,166.1,250.9,60.2,64.8,20.5,32,17.5,28,18.0,34.0,16.5,35.0,10,12,10,12,SSE,W,SW,NW,72.7,91,83,81,200,11290
6,Kurinjipadi,ponmani,clay,150,75.0,wet,120,6,240,12,162.78,62.28,90,3600,19.6,20.4,187.2,270.8,167.0,250.0,61.0,64.0,19.5,34,18.5,35,17.0,32.5,16.0,30.5,10,4,10,6,NW,S,SE,SSE,64.6,85,84,87,600,34218
5,Kurinjipadi,CO_43,alluvial,125,62.5,dry,100,5,200,10,135.65,51.9,75,3000,19.6,20.4,187.2,270.8,167.0,250.0,61.0,64.0,19.5,34,18.5,35,17.0,32.5,16.0,30.5,10,4,10,6,NW,S,SE,SSE,64.6,85,84,87,450,32090
4,Sankarapuram,delux ponni,alluvial,100,50.0,dry,80,4,160,8,108.52,41.52,60,2400,18.1,21.9,185.6,272.4,166.1,250.9,60.2,64.8,20.5,32,17.5,28,18.0,34.0,16.5,35.0,10,12,10,12,SSE,W,SW,NW,72.7,91,83,81,320,24060
4,Kallakurichi,CO_43,alluvial,100,50.0,dry,80,4,160,8,108.52,41.52,60,2400,18.5,21.5,185.2,272.8,165.3,251.7,60.0,65.0,19.0,33,17.0,32,16.5,31.5,15.5,32.5,8,6,8,6,W,WNW,SE,S,88.5,95,81,84,360,25228
1,Cuddalore,ponmani,clay,25,12.5,dry,20,1,40,2,27.13,10.38,15,600,19.6,20.4,187.2,270.8,167.0,250.0,61.0,64.0,18.5,34,16.0,30,15.5,31.0,16.0,33.0,4,10,8,10,SW,W,NNW,WSW,72.0,78,88,85,100,5916
5,Sankarapuram,CO_43,alluvial,125,62.5,dry,100,5,200,10,135.65,51.9,75,3000,18.1,21.9,185.6,272.4,166.1,250.9,60.2,64.8,20.5,32,17.5,28,18.0,34.0,16.5,35.0,10,12,10,12,SSE,W,SW,NW,72.7,91,83,81,450,31400
5,Kurinjipadi,ponmani,clay,125,62.5,dry,100,5,200,10,135.65,51.9,75,3000,19.6,20.4,187.2,270.8,167.0,250.0,61.0,64.0,19.5,34,18.5,35,17.0,32.5,16.0,30.5,10,4,10,6,NW,S,SE,SSE,64.6,85,84,87,500,30610
2,Panruti,CO_43,clay,50,25.0,wet,40,2,80,4,54.26,20.76,30,1200,18.5,21.5,185.2,272.8,165.3,251.7,60.0,65.0,20.0,35,18.0,30,17.5,33.5,18.0,33.0,4,12,4,12,ENE,NE,NNE,W,85.0,96,84,79,180,11672
5,Panruti,ponmani,alluvial,125,62.5,dry,100,5,200,10,135.65,51.9,75,3000,18.5,21.5,185.2,272.8,165.3,251.7,60.0,65.0,20.0,35,18.0,30,17.5,33.5,18.0,33.0,4,12,4,12,ENE,NE,NNE,W,85.0,96,84,79,500,31065
4,Cuddalore,CO_43,alluvial,100,50.0,dry,80,4,160,8,108.52,41.52,60,2400,19.6,20.4,187.2,270.8,167.0,250.0,61.0,64.0,18.5,34,16.0,30,15.5,31.0,16.0,33.0,4,10,8,10,SW,W,NNW,WSW,72.0,78,88,85,360,23492
4,Cuddalore,ponmani,alluvial,100,50.0,dry,80,4,160,8,108.52,41.52,60,2400,19.6,20.4,187.2,270.8,167.0,250.0,61.0,64.0,18.5,34,16.0,30,15.5,31.0,16.0,33.0,4,10,8,10,SW,W,NNW,WSW,72.0,78,88,85,400,24836
5,Panruti,delux ponni,clay,125,62.5,dry,100,5,200,10,135.65,51.9,75,3000,18.5,21.5,185.2,272.8,165.3,251.7,60.0,65.0,20.0,35,18.0,30,17.5,33.5,18.0,33.0,4,12,4,12,ENE,NE,NNE,W,85.0,96,84,79,400,30905
1,Panruti,ponmani,alluvial,25,12.5,dry,20,1,40,2,27.13,10.38,15,600,18.5,21.5,185.2,272.8,165.3,251.7,60.0,65.0,20.0,35,18.0,30,17.5,33.5,18.0,33.0,4,12,4,12,ENE,NE,NNE,W,85.0,96,84,79,100,5723
5,Sankarapuram,ponmani,clay,125,62.5,dry,100,5,200,10,135.65,51.9,75,3000,18.1,21.9,185.6,272.4,166.1,250.9,60.2,64.8,20.5,32,17.5,28,18.0,34.0,16.5,35.0,10,12,10,12,SSE,W,SW,NW,72.7,91,83,81,500,30805
3,Chinnasalem,delux ponni,clay,75,37.5,wet,60,3,120,6,81.39,31.14,45,1800,18.1,21.9,185.6,272.4,166.1,250.9,60.2,64.8,18.0,31,15.5,34,15.0,33.0,15.0,31.5,6,6,8,10,E,ENE,NE,NNW,78.6,80,92,88,240,17508
1,Chinnasalem,ponmani,alluvial,25,12.5,wet,20,1,40,2,27.13,10.38,15,600,18.1,21.9,185.6,272.4,166.1,250.9,60.2,64.8,18.0,31,15.5,34,15.0,33.0,15.0,31.5,6,6,8,10,E,ENE,NE,NNW,78.6,80,92,88,100,5723
5,Kurinjipadi,delux ponni,alluvial,125,62.5,wet,100,5,200,10,135.65,51.9,75,3000,19.6,20.4,187.2,270.8,167.0,250.0,61.0,64.0,19.5,34,18.5,35,17.0,32.5,16.0,30.5,10,4,10,6,NW,S,SE,SSE,64.6,85,84,87,400,30100
2,Chinnasalem,ponmani,alluvial,50,25.0,wet,40,2,80,4,54.26,20.76,30,1200,18.1,21.9,185.6,272.4,166.1,250.9,60.2,64.8,18.0,31,15.5,34,15.0,33.0,15.0,31.5,6,6,8,10,E,ENE,NE,NNW,78.6,80,92,88,200,11862
3,Cuddalore,ponmani,clay,75,37.5,wet,60,3,120,6,81.39,31.14,45,1800,19.6,20.4,187.2,270.8,167.0,250.0,61.0,64.0,18.5,34,16.0,30,15.5,31.0,16.0,33.0,4,10,8,10,SW,W,NNW,WSW,72.0,78,88,85,300,17169
3,Kurinjipadi,ponmani,clay,75,37.5,wet,60,3,120,6,81.39,31.14,45,1800,19.6,20.4,187.2,270.8,167.0,250.0,61.0,64.0,19.5,34,18.5,35,17.0,32.5,16.0,30.5,10,4,10,6,NW,S,SE,SSE,64.6,85,84,87,300,17589
5,Kallakurichi,CO_43,clay,125,62.5,dry,100,5,200,10,135.65,51.9,75,3000,18.5,21.5,185.2,272.8,165.3,251.7,60.0,65.0,19.0,33,17.0,32,16.5,31.5,15.5,32.5,8,6,8,6,W,WNW,SE,S,88.5,95,81,84,450,31400
1,Chinnasalem,ponmani,alluvial,25,12.5,wet,20,1,40,2,27.13,10.38,15,600,18.1,21.9,185.6,272.4,166.1,250.9,60.2,64.8,18.0,31,15.5,34,15.0,33.0,15.0,31.5,6,6,8,10,E,ENE,NE,NNW,78.6,80,92,88,100,5680
4,Chinnasalem,delux ponni,clay,100,50.0,wet,80,4,160,8,108.52,41.52,60,2400,18.1,21.9,185.6,272.4,166.1,250.9,60.2,64.8,18.0,31,15.5,34,15.0,33.0,15.0,31.5,6,6,8,10,E,ENE,NE,NNW,78.6,80,92,88,320,22108
2,Kurinjipadi,delux ponni,alluvial,50,25.0,wet,40,2,80,4,54.26,20.76,30,1200,19.6,20.4,187.2,270.8,167.0,250.0,61.0,64.0,19.5,34,18.5,35,17.0,32.5,16.0,30.5,10,4,10,6,NW,S,SE,SSE,64.6,85,84,87,160,11556
6,Panruti,ponmani,alluvial,150,75.0,wet,120,6,240,12,162.78,62.28,90,3600,18.5,21.5,185.2,272.8,165.3,251.7,60.0,65.0,20.0,35,18.0,30,17.5,33.5,18.0,33.0,4,12,4,12,ENE,NE,NNE,W,85.0,96,84,79,600,35784
4,Cuddalore,ponmani,alluvial,100,50.0,wet,80,4,160,8,108.52,41.52,60,2400,19.6,20.4,187.2,270.8,167.0,250.0,61.0,64.0,18.5,34,16.0,30,15.5,31.0,16.0,33.0,4,10,8,10,SW,W,NNW,WSW,72.0,78,88,85,400,22252
5,Kurinjipadi,CO_43,alluvial,125,62.5,dry,100,5,200,10,135.65,51.9,75,3000,19.6,20.4,187.2,270.8,167.0,250.0,61.0,64.0,19.5,34,18.5,35,17.0,32.5,16.0,30.5,10,4,10,6,NW,S,SE,SSE,64.6,85,84,87,450,30805
3,Kurinjipadi,delux ponni,alluvial,75,37.5,dry,60,3,120,6,81.39,31.14,45,1800,19.6,20.4,187.2,270.8,167.0,250.0,61.0,64.0,19.5,34,18.5,35,17.0,32.5,16.0,30.5,10,4,10,6,NW,S,SE,SSE,64.6,85,84,87,240,17169
1,Kallakurichi,delux ponni,clay,25,12.5,wet,20,1,40,2,27.13,10.38,15,600,18.5,21.5,185.2,272.8,165.3,251.7,60.0,65.0,19.0,33,17.0,32,16.5,31.5,15.5,32.5,8,6,8,6,W,WNW,SE,S,88.5,95,81,84,80,5628
5,Cuddalore,delux ponni,clay,125,62.5,dry,100,5,200,10,135.65,51.9,75,3000,19.6,20.4,187.2,270.8,167.0,250.0,61.0,64.0,18.5,34,16.0,30,15.5,31.0,16.0,33.0,4,10,8,10,SW,W,NNW,WSW,72.0,78,88,85,400,31135
4,Cuddalore,delux ponni,clay,100,50.0,wet,80,4,160,8,108.52,41.52,60,2400,19.6,20.4,187.2,270.8,167.0,250.0,61.0,64.0,18.5,34,16.0,30,15.5,31.0,16.0,33.0,4,10,8,10,SW,W,NNW,WSW,72.0,78,88,85,320,23032
2,Chinnasalem,ponmani,alluvial,50,25.0,dry,40,2,80,4,54.26,20.76,30,1200,18.1,21.9,185.6,272.4,166.1,250.9,60.2,64.8,18.0,31,15.5,34,15.0,33.0,15.0,31.5,6,6,8,10,E,ENE,NE,NNW,78.6,80,92,88,200,11672
2,Panruti,delux ponni,clay,50,25.0,dry,40,2,80,4,54.26,20.76,30,1200,18.5,21.5,185.2,272.8,165.3,251.7,60.0,65.0,20.0,35,18.0,30,17.5,33.5,18.0,33.0,4,12,4,12,ENE,NE,NNE,W,85.0,96,84,79,160,11454
5,Panruti,delux ponni,clay,125,62.5,wet,100,5,200,10,135.65,51.9,75,3000,18.5,21.5,185.2,272.8,165.3,251.7,60.0,65.0,20.0,35,18.0,30,17.5,33.5,18.0,33.0,4,12,4,12,ENE,NE,NNE,W,85.0,96,84,79,400,30575
6,Panruti,ponmani,clay,150,75.0,dry,120,6,240,12,162.78,62.28,90,3600,18.5,21.5,185.2,272.8,165.3,251.7,60.0,65.0,20.0,35,18.0,30,17.5,33.5,18.0,33.0,4,12,4,12,ENE,NE,NNE,W,85.0,96,84,79,600,35310
5,Cuddalore,ponmani,clay,125,62.5,wet,100,5,200,10,135.65,51.9,75,3000,19.6,20.4,187.2,270.8,167.0,250.0,61.0,64.0,18.5,34,16.0,30,15.5,31.0,16.0,33.0,4,10,8,10,SW,W,NNW,WSW,72.0,78,88,85,500,28400
5,Kallakurichi,delux ponni,clay,125,62.5,dry,100,5,200,10,135.65,51.9,75,3000,18.5,21.5,185.2,272.8,165.3,251.7,60.0,65.0,19.0,33,17.0,32,16.5,31.5,15.5,32.5,8,6,8,6,W,WNW,SE,S,88.5,95,81,84,400,32050
4,Sankarapuram,CO_43,alluvial,100,50.0,dry,80,4,160,8,108.52,41.52,60,2400,18.1,21.9,185.6,272.4,166.1,250.9,60.2,64.8,20.5,32,17.5,28,18.0,34.0,16.5,35.0,10,12,10,12,SSE,W,SW,NW,72.7,91,83,81,360,24228
3,Sankarapuram,ponmani,clay,75,37.5,wet,60,3,120,6,81.39,31.14,45,1800,18.1,21.9,185.6,272.4,166.1,250.9,60.2,64.8,20.5,32,17.5,28,18.0,34.0,16.5,35.0,10,12,10,12,SSE,W,SW,NW,72.7,91,83,81,300,17619
5,Panruti,ponmani,clay,125,62.5,wet,100,5,200,10,135.65,51.9,75,3000,18.5,21.5,185.2,272.8,165.3,251.7,60.0,65.0,20.0,35,18.0,30,17.5,33.5,18.0,33.0,4,12,4,12,ENE,NE,NNE,W,85.0,96,84,79,500,31555
4,Chinnasalem,delux ponni,alluvial,100,50.0,dry,80,4,160,8,108.52,41.52,60,2400,18.1,21.9,185.6,272.4,166.1,250.9,60.2,64.8,18.0,31,15.5,34,15.0,33.0,15.0,31.5,6,6,8,10,E,ENE,NE,NNW,78.6,80,92,88,320,24436
1,Kurinjipadi,ponmani,alluvial,25,12.5,dry,20,1,40,2,27.13,10.38,15,600,19.6,20.4,187.2,270.8,167.0,250.0,61.0,64.0,19.5,34,18.5,35,17.0,32.5,16.0,30.5,10,4,10,6,NW,S,SE,SSE,64.6,85,84,87,100,5492
2,Panruti,delux ponni,alluvial,50,25.0,wet,40,2,80,4,54.26,20.76,30,1200,18.5,21.5,185.2,272.8,165.3,251.7,60.0,65.0,20.0,35,18.0,30,17.5,33.5,18.0,33.0,4,12,4,12,ENE,NE,NNE,W,85.0,96,84,79,160,11672
5,Chinnasalem,delux ponni,alluvial,125,62.5,dry,100,5,200,10,135.65,51.9,75,3000,18.1,21.9,185.6,272.4,166.1,250.9,60.2,64.8,18.0,31,15.5,34,15.0,33.0,15.0,31.5,6,6,8,10,E,ENE,NE,NNW,78.6,80,92,88,400,32090
6,Cuddalore,delux ponni,alluvial,150,75.0,wet,120,6,240,12,162.78,62.28,90,3600,19.6,20.4,187.2,270.8,167.0,250.0,61.0,64.0,18.5,34,16.0,30,15.5,31.0,16.0,33.0,4,10,8,10,SW,W,NNW,WSW,72.0,78,88,85,480,37926
1,Kurinjipadi,CO_43,clay,25,12.5,dry,20,1,40,2,27.13,10.38,15,600,19.6,20.4,187.2,270.8,167.0,250.0,61.0,64.0,19.5,34,18.5,35,17.0,32.5,16.0,30.5,10,4,10,6,NW,S,SE,SSE,64.6,85,84,87,90,5723
6,Sankarapuram,delux ponni,alluvial,150,75.0,dry,120,6,240,12,162.78,62.28,90,3600,18.1,21.9,185.6,272.4,166.1,250.9,60.2,64.8,20.5,32,17.5,28,18.0,34.0,16.5,35.0,10,12,10,12,SSE,W,SW,NW,72.7,91,83,81,480,37026
5,Kallakurichi,delux ponni,alluvial,125,62.5,dry,100,5,200,10,135.65,51.9,75,3000,18.5,21.5,185.2,272.8,165.3,251.7,60.0,65.0,19.0,33,17.0,32,16.5,31.5,15.5,32.5,8,6,8,6,W,WNW,SE,S,88.5,95,81,84,400,30575
3,Kallakurichi,ponmani,clay,75,37.5,dry,60,3,120,6,81.39,31.14,45,1800,18.5,21.5,185.2,272.8,165.3,251.7,60.0,65.0,19.0,33,17.0,32,16.5,31.5,15.5,32.5,8,6,8,6,W,WNW,SE,S,88.5,95,81,84,300,16389
4,Sankarapuram,delux ponni,alluvial,100,50.0,dry,80,4,160,8,108.52,41.52,60,2400,18.1,21.9,185.6,272.4,166.1,250.9,60.2,64.8,20.5,32,17.5,28,18.0,34.0,16.5,35.0,10,12,10,12,SSE,W,SW,NW,72.7,91,83,81,320,24460
1,Panruti,ponmani,alluvial,25,12.5,dry,20,1,40,2,27.13,10.38,15,600,18.5,21.5,185.2,272.8,165.3,251.7,60.0,65.0,20.0,35,18.0,30,17.5,33.5,18.0,33.0,4,12,4,12,ENE,NE,NNE,W,85.0,96,84,79,100,5855
5,Panruti,CO_43,alluvial,125,62.5,dry,100,5,200,10,135.65,51.9,75,3000,18.5,21.5,185.2,272.8,165.3,251.7,60.0,65.0,20.0,35,18.0,30,17.5,33.5,18.0,33.0,4,12,4,12,ENE,NE,NNE,W,85.0,96,84,79,450,31625
4,Kallakurichi,ponmani,alluvial,100,50.0,wet,80,4,160,8,108.52,41.52,60,2400,18.5,21.5,185.2,272.8,165.3,251.7,60.0,65.0,19.0,33,17.0,32,16.5,31.5,15.5,32.5,8,6,8,6,W,WNW,SE,S,88.5,95,81,84,400,24908
4,Chinnasalem,delux ponni,clay,100,50.0,dry,80,4,160,8,108.52,41.52,60,2400,18.1,21.9,185.6,272.4,166.1,250.9,60.2,64.8,18.0,31,15.5,34,15.0,33.0,15.0,31.5,6,6,8,10,E,ENE,NE,NNW,78.6,80,92,88,320,24724
3,Kurinjipadi,CO_43,clay,75,37.5,wet,60,3,120,6,81.39,31.14,45,1800,19.6,20.4,187.2,270.8,167.0,250.0,61.0,64.0,19.5,34,18.5,35,17.0,32.5,16.0,30.5,10,4,10,6,NW,S,SE,SSE,64.6,85,84,87,270,17508
1,Kallakurichi,CO_43,alluvial,25,12.5,wet,20,1,40,2,27.13,10.38,15,600,18.5,21.5,185.2,272.8,165.3,251.7,60.0,65.0,19.0,33,17.0,32,16.5,31.5,15.5,32.5,8,6,8,6,W,WNW,SE,S,88.5,95,81,84,90,5836
2,Cuddalore,ponmani,clay,50,25.0,dry,40,2,80,4,54.26,20.76,30,1200,19.6,20.4,187.2,270.8,167.0,250.0,61.0,64.0,18.5,34,16.0,30,15.5,31.0,16.0,33.0,4,10,8,10,SW,W,NNW,WSW,72.0,78,88,85,200,11506
5,Panruti,delux ponni,clay,125,62.5,dry,100,5,200,10,135.65,51.9,75,3000,18.5,21.5,185.2,272.8,165.3,251.7,60.0,65.0,20.0,35,18.0,30,17.5,33.5,18.0,33.0,4,12,4,12,ENE,NE,NNE,W,85.0,96,84,79,400,31980
3,Panruti,delux ponni,clay,75,37.5,wet,60,3,120,6,81.39,31.14,45,1800,18.5,21.5,185.2,272.8,165.3,251.7,60.0,65.0,20.0,35,18.0,30,17.5,33.5,18.0,33.0,4,12,4,12,ENE,NE,NNE,W,85.0,96,84,79,240,17565
3,Chinnasalem,delux ponni,alluvial,75,37.5,dry,60,3,120,6,81.39,31.14,45,1800,18.1,21.9,185.6,272.4,166.1,250.9,60.2,64.8,18.0,31,15.5,34,15.0,33.0,15.0,31.5,6,6,8,10,E,ENE,NE,NNW,78.6,80,92,88,240,17619
3,Chinnasalem,ponmani,clay,75,37.5,wet,60,3,120,6,81.39,31.14,45,1800,18.1,21.9,185.6,272.4,166.1,250.9,60.2,64.8,18.0,31,15.5,34,15.0,33.0,15.0,31.5,6,6,8,10,E,ENE,NE,NNW,78.6,80,92,88,300,16836
1,Sankarapuram,ponmani,clay,25,12.5,wet,20,1,40,2,27.13,10.38,15,600,18.1,21.9,185.6,272.4,166.1,250.9,60.2,64.8,20.5,32,17.5,28,18.0,34.0,16.5,35.0,10,12,10,12,SSE,W,SW,NW,72.7,91,83,81,100,5723
5,Chinnasalem,CO_43,alluvial,125,62.5,wet,100,5,200,10,135.65,51.9,75,3000,18.1,21.9,185.6,272.4,166.1,250.9,60.2,64.8,18.0,31,15.5,34,15.0,33.0,15.0,31.5,6,6,8,10,E,ENE,NE,NNW,78.6,80,92,88,450,32155
4,Sankarapuram,delux ponni,alluvial,100,50.0,wet,80,4,160,8,108.52,41.52,60,2400,18.1,21.9,185.6,272.4,166.1,250.9,60.2,64.8,20.5,32,17.5,28,18.0,34.0,16.5,35.0,10,12,10,12,SSE,W,SW,NW,72.7,91,83,81,320,23708
3,Panruti,delux ponni,clay,75,37.5,wet,60,3,120,6,81.39,31.14,45,1800,18.5,21.5,185.2,272.8,165.3,251.7,60.0,65.0,20.0,35,18.0,30,17.5,33.5,18.0,33.0,4,12,4,12,ENE,NE,NNE,W,85.0,96,84,79,240,17169
4,Chinnasalem,delux ponni,clay,100,50.0,wet,80,4,160,8,108.52,41.52,60,2400,18.1,21.9,185.6,272.4,166.1,250.9,60.2,64.8,18.0,31,15.5,34,15.0,33.0,15.0,31.5,6,6,8,10,E,ENE,NE,NNW,78.6,80,92,88,320,25300
1,Chinnasalem,delux ponni,clay,25,12.5,dry,20,1,40,2,27.13,10.38,15,600,18.1,21.9,185.6,272.4,166.1,250.9,60.2,64.8,18.0,31,15.5,34,15.0,33.0,15.0,31.5,6,6,8,10,E,ENE,NE,NNW,78.6,80,92,88,80,5836
5,Sankarapuram,ponmani,alluvial,125,62.5,dry,100,5,200,10,135.65,51.9,75,3000,18.1,21.9,185.6,272.4,166.1,250.9,60.2,64.8,20.5,32,17.5,28,18.0,34.0,16.5,35.0,10,12,10,12,SSE,W,SW,NW,72.7,91,83,81,500,31625
6,Kallakurichi,CO_43,alluvial,150,75.0,dry,120,6,240,12,162.78,62.28,90,3600,18.5,21.5,185.2,272.8,165.3,251.7,60.0,65.0,19.0,33,17.0,32,16.5,31.5,15.5,32.5,8,6,8,6,W,WNW,SE,S,88.5,95,81,84,540,34338
2,Chinnasalem,delux ponni,clay,50,25.0,wet,40,2,80,4,54.26,20.76,30,1200,18.1,21.9,185.6,272.4,166.1,250.9,60.2,64.8,18.0,31,15.5,34,15.0,33.0,15.0,31.5,6,6,8,10,E,ENE,NE,NNW,78.6,80,92,88,160,11508
5,Panruti,CO_43,clay,125,62.5,wet,100,5,200,10,135.65,51.9,75,3000,18.5,21.5,185.2,272.8,165.3,251.7,60.0,65.0,20.0,35,18.0,30,17.5,33.5,18.0,33.0,4,12,4,12,ENE,NE,NNE,W,85.0,96,84,79,450,31815
2,Chinnasalem,delux ponni,alluvial,50,25.0,wet,40,2,80,4,54.26,20.76,30,1200,18.1,21.9,185.6,272.4,166.1,250.9,60.2,64.8,18.0,31,15.5,34,15.0,33.0,15.0,31.5,6,6,8,10,E,ENE,NE,NNW,78.6,80,92,88,160,11832
4,Sankarapuram,ponmani,alluvial,100,50.0,dry,80,4,160,8,108.52,41.52,60,2400,18.1,21.9,185.6,272.4,166.1,250.9,60.2,64.8,20.5,32,17.5,28,18.0,34.0,16.5,35.0,10,12,10,12,SSE,W,SW,NW,72.7,91,83,81,400,22080
5,Sankarapuram,ponmani,clay,125,62.5,wet,100,5,200,10,135.65,51.9,75,3000,18.1,21.9,185.6,272.4,166.1,250.9,60.2,64.8,20.5,32,17.5,28,18.0,34.0,16.5,35.0,10,12,10,12,SSE,W,SW,NW,72.7,91,83,81,500,30075
2,Cuddalore,delux ponni,clay,50,25.0,dry,40,2,80,4,54.26,20.76,30,1200,19.6,20.4,187.2,270.8,167.0,250.0,61.0,64.0,18.5,34,16.0,30,15.5,31.0,16.0,33.0,4,10,8,10,SW,W,NNW,WSW,72.0,78,88,85,160,11766
4,Kallakurichi,ponmani,clay,100,50.0,wet,80,4,160,8,108.52,41.52,60,2400,18.5,21.5,185.2,272.8,165.3,251.7,60.0,65.0,19.0,33,17.0,32,16.5,31.5,15.5,32.5,8,6,8,6,W,WNW,SE,S,88.5,95,81,84,400,24488
5,Kallakurichi,delux ponni,alluvial,125,62.5,wet,100,5,200,10,135.65,51.9,75,3000,18.5,21.5,185.2,272.8,165.3,251.7,60.0,65.0,19.0,33,17.0,32,16.5,31.5,15.5,32.5,8,6,8,6,W,WNW,SE,S,88.5,95,81,84,400,30250
4,Kurinjipadi,CO_43,clay,100,50.0,dry,80,4,160,8,108.52,41.52,60,2400,19.6,20.4,187.2,270.8,167.0,250.0,61.0,64.0,19.5,34,18.5,35,17.0,32.5,16.0,30.5,10,4,10,6,NW,S,SE,SSE,64.6,85,84,87,360,22892
3,Chinnasalem,ponmani,clay,75,37.5,dry,60,3,120,6,81.39,31.14,45,1800,18.1,21.9,185.6,272.4,166.1,250.9,60.2,64.8,18.0,31,15.5,34,15.0,33.0,15.0,31.5,6,6,8,10,E,ENE,NE,NNW,78.6,80,92,88,300,17910
5,Cuddalore,delux ponni,clay,125,62.5,dry,100,5,200,10,135.65,51.9,75,3000,19.6,20.4,187.2,270.8,167.0,250.0,61.0,64.0,18.5,34,16.0,30,15.5,31.0,16.0,33.0,4,10,8,10,SW,W,NNW,WSW,72.0,78,88,85,400,31555
5,Panruti,delux ponni,clay,125,62.5,dry,100,5,200,10,135.65,51.9,75,3000,18.5,21.5,185.2,272.8,165.3,251.7,60.0,65.0,20.0,35,18.0,30,17.5,33.5,18.0,33.0,4,12,4,12,ENE,NE,NNE,W,85.0,96,84,79,400,31045
2,Chinnasalem,CO_43,clay,50,25.0,wet,40,2,80,4,54.26,20.76,30,1200,18.1,21.9,185.6,272.4,166.1,250.9,60.2,64.8,18.0,31,15.5,34,15.0,33.0,15.0,31.5,6,6,8,10,E,ENE,NE,NNW,78.6,80,92,88,180,11766
4,Cuddalore,ponmani,clay,100,50.0,dry,80,4,160,8,108.52,41.52,60,2400,19.6,20.4,187.2,270.8,167.0,250.0,61.0,64.0,18.5,34,16.0,30,15.5,31.0,16.0,33.0,4,10,8,10,SW,W,NNW,WSW,72.0,78,88,85,400,23016
6,Kallakurichi,CO_43,clay,150,75.0,dry,120,6,240,12,162.78,62.28,90,3600,18.5,21.5,185.2,272.8,165.3,251.7,60.0,65.0,19.0,33,17.0,32,16.5,31.5,15.5,32.5,8,6,8,6,W,WNW,SE,S,88.5,95,81,84,540,35556
2,Kallakurichi,delux ponni,alluvial,50,25.0,dry,40,2,80,4,54.26,20.76,30,1200,18.5,21.5,185.2,272.8,165.3,251.7,60.0,65.0,19.0,33,17.0,32,16.5,31.5,15.5,32.5,8,6,8,6,W,WNW,SE,S,88.5,95,81,84,160,11832
6,Kallakurichi,CO_43,alluvial,150,75.0,dry,120,6,240,12,162.78,62.28,90,3600,18.5,21.5,185.2,272.8,165.3,251.7,60.0,65.0,19.0,33,17.0,32,16.5,31.5,15.5,32.5,8,6,8,6,W,WNW,SE,S,88.5,95,81,84,540,32460
3,Panruti,ponmani,alluvial,75,37.5,dry,60,3,120,6,81.39,31.14,45,1800,18.5,21.5,185.2,272.8,165.3,251.7,60.0,65.0,20.0,35,18.0,30,17.5,33.5,18.0,33.0,4,12,4,12,ENE,NE,NNE,W,85.0,96,84,79,300,17169
2,Cuddalore,CO_43,clay,50,25.0,dry,40,2,80,4,54.26,20.76,30,1200,19.6,20.4,187.2,270.8,167.0,250.0,61.0,64.0,18.5,34,16.0,30,15.5,31.0,16.0,33.0,4,10,8,10,SW,W,NNW,WSW,72.0,78,88,85,180,11746
1,Kallakurichi,ponmani,clay,25,12.5,dry,20,1,40,2,27.13,10.38,15,600,18.5,21.5,185.2,272.8,165.3,251.7,60.0,65.0,19.0,33,17.0,32,16.5,31.5,15.5,32.5,8,6,8,6,W,WNW,SE,S,88.5,95,81,84,100,5723
4,Kallakurichi,CO_43,alluvial,100,50.0,dry,80,4,160,8,108.52,41.52,60,2400,18.5,21.5,185.2,272.8,165.3,251.7,60.0,65.0,19.0,33,17.0,32,16.5,31.5,15.5,32.5,8,6,8,6,W,WNW,SE,S,88.5,95,81,84,360,24908
5,Chinnasalem,delux ponni,alluvial,125,62.5,wet,100,5,200,10,135.65,51.9,75,3000,18.1,21.9,185.6,272.4,166.1,250.9,60.2,64.8,18.0,31,15.5,34,15.0,33.0,15.0,31.5,6,6,8,10,E,ENE,NE,NNW,78.6,80,92,88,400,31555
5,Panruti,delux ponni,alluvial,125,62.5,dry,100,5,200,10,135.65,51.9,75,3000,18.5,21.5,185.2,272.8,165.3,251.7,60.0,65.0,20.0,35,18.0,30,17.5,33.5,18.0,33.0,4,12,4,12,ENE,NE,NNE,W,85.0,96,84,79,400,32345
3,Kurinjipadi,CO_43,clay,75,37.5,dry,60,3,120,6,81.39,31.14,45,1800,19.6,20.4,187.2,270.8,167.0,250.0,61.0,64.0,19.5,34,18.5,35,17.0,32.5,16.0,30.5,10,4,10,6,NW,S,SE,SSE,64.6,85,84,87,270,16836
2,Chinnasalem,ponmani,alluvial,50,25.0,dry,40,2,80,4,54.26,20.76,30,1200,18.1,21.9,185.6,272.4,166.1,250.9,60.2,64.8,18.0,31,15.5,34,15.0,33.0,15.0,31.5,6,6,8,10,E,ENE,NE,NNW,78.6,80,92,88,200,10984
4,Kurinjipadi,CO_43,clay,100,50.0,dry,80,4,160,8,108.52,41.52,60,2400,19.6,20.4,187.2,270.8,167.0,250.0,61.0,64.0,19.5,34,18.5,35,17.0,32.5,16.0,30.5,10,4,10,6,NW,S,SE,SSE,64.6,85,84,87,360,24200
4,Sankarapuram,delux ponni,alluvial,100,50.0,dry,80,4,160,8,108.52,41.52,60,2400,18.1,21.9,185.6,272.4,166.1,250.9,60.2,64.8,20.5,32,17.5,28,18.0,34.0,16.5,35.0,10,12,10,12,SSE,W,SW,NW,72.7,91,83,81,320,24836
3,Kallakurichi,CO_43,alluvial,75,37.5,dry,60,3,120,6,81.39,31.14,45,1800,18.5,21.5,185.2,272.8,165.3,251.7,60.0,65.0,19.0,33,17.0,32,16.5,31.5,15.5,32.5,8,6,8,6,W,WNW,SE,S,88.5,95,81,84,270,17619
5,Cuddalore,ponmani,alluvial,125,62.5,dry,100,5,200,10,135.65,51.9,75,3000,19.6,20.4,187.2,270.8,167.0,250.0,61.0,64.0,18.5,34,16.0,30,15.5,31.0,16.0,33.0,4,10,8,10,SW,W,NNW,WSW,72.0,78,88,85,500,30075
5,Kallakurichi,CO_43,clay,125,62.5,dry,100,5,200,10,135.65,51.9,75,3000,18.5,21.5,185.2,272.8,165.3,251.7,60.0,65.0,19.0,33,17.0,32,16.5,31.5,15.5,32.5,8,6,8,6,W,WNW,SE,S,88.5,95,81,84,450,30250
5,Kallakurichi,ponmani,alluvial,125,62.5,wet,100,5,200,10,135.65,51.9,75,3000,18.5,21.5,185.2,272.8,165.3,251.7,60.0,65.0,19.0,33,17.0,32,16.5,31.5,15.5,32.5,8,6,8,6,W,WNW,SE,S,88.5,95,81,84,500,31045
4,Kurinjipadi,CO_43,alluvial,100,50.0,dry,80,4,160,8,108.52,41.52,60,2400,19.6,20.4,187.2,270.8,167.0,250.0,61.0,64.0,19.5,34,18.5,35,17.0,32.5,16.0,30.5,10,4,10,6,NW,S,SE,SSE,64.6,85,84,87,360,23492
5,Kallakurichi,delux ponni,alluvial,125,62.5,dry,100,5,200,10,135.65,51.9,75,3000,18.5,21.5,185.2,272.8,165.3,251.7,60.0,65.0,19.0,33,17.0,32,16.5,31.5,15.5,32.5,8,6,8,6,W,WNW,SE,S,88.5,95,81,84,400,31555
4,Sankarapuram,delux ponni,alluvial,100,50.0,wet,80,4,160,8,108.52,41.52,60,2400,18.1,21.9,185.6,272.4,166.1,250.9,60.2,64.8,20.5,32,17.5,28,18.0,34.0,16.5,35.0,10,12,10,12,SSE,W,SW,NW,72.7,91,83,81,320,24604
3,Kurinjipadi,delux ponni,alluvial,75,37.5,dry,60,3,120,6,81.39,31.14,45,1800,19.6,20.4,187.2,270.8,167.0,250.0,61.0,64.0,19.5,34,18.5,35,17.0,32.5,16.0,30.5,10,4,10,6,NW,S,SE,SSE,64.6,85,84,87,240,17619
6,Sankarapuram,delux ponni,clay,150,75.0,wet,120,6,240,12,162.78,62.28,90,3600,18.1,21.9,185.6,272.4,166.1,250.9,60.2,64.8,20.5,32,17.5,28,18.0,34.0,16.5,35.0,10,12,10,12,SSE,W,SW,NW,72.7,91,83,81,480,37278
2,Cuddalore,delux ponni,alluvial,50,25.0,dry,40,2,80,4,54.26,20.76,30,1200,19.6,20.4,187.2,270.8,167.0,250.0,61.0,64.0,18.5,34,16.0,30,15.5,31.0,16.0,33.0,4,10,8,10,SW,W,NNW,WSW,72.0,78,88,85,160,11446
5,Kurinjipadi,CO_43,clay,125,62.5,wet,100,5,200,10,135.65,51.9,75,3000,19.6,20.4,187.2,270.8,167.0,250.0,61.0,64.0,19.5,34,18.5,35,17.0,32.5,16.0,30.5,10,4,10,6,NW,S,SE,SSE,64.6,85,84,87,450,30805
4,Kallakurichi,delux ponni,clay,100,50.0,wet,80,4,160,8,108.52,41.52,60,2400,18.5,21.5,185.2,272.8,165.3,251.7,60.0,65.0,19.0,33,17.0,32,16.5,31.5,15.5,32.5,8,6,8,6,W,WNW,SE,S,88.5,95,81,84,320,23664
4,Sankarapuram,CO_43,alluvial,100,50.0,dry,80,4,160,8,108.52,41.52,60,2400,18.1,21.9,185.6,272.4,166.1,250.9,60.2,64.8,20.5,32,17.5,28,18.0,34.0,16.5,35.0,10,12,10,12,SSE,W,SW,NW,72.7,91,83,81,360,22448
1,Kurinjipadi,CO_43,alluvial,25,12.5,dry,20,1,40,2,27.13,10.38,15,600,19.6,20.4,187.2,270.8,167.0,250.0,61.0,64.0,19.5,34,18.5,35,17.0,32.5,16.0,30.5,10,4,10,6,NW,S,SE,SSE,64.6,85,84,87,90,5873
4,Kurinjipadi,delux ponni,clay,100,50.0,wet,80,4,160,8,108.52,41.52,60,2400,19.6,20.4,187.2,270.8,167.0,250.0,61.0,64.0,19.5,34,18.5,35,17.0,32.5,16.0,30.5,10,4,10,6,NW,S,SE,SSE,64.6,85,84,87,320,24852
5,Kallakurichi,delux ponni,clay,125,62.5,dry,100,5,200,10,135.65,51.9,75,3000,18.5,21.5,185.2,272.8,165.3,251.7,60.0,65.0,19.0,33,17.0,32,16.5,31.5,15.5,32.5,8,6,8,6,W,WNW,SE,S,88.5,95,81,84,400,31135
5,Kallakurichi,ponmani,alluvial,125,62.5,dry,100,5,200,10,135.65,51.9,75,3000,18.5,21.5,185.2,272.8,165.3,251.7,60.0,65.0,19.0,33,17.0,32,16.5,31.5,15.5,32.5,8,6,8,6,W,WNW,SE,S,88.5,95,81,84,500,32080
2,Panruti,CO_43,alluvial,50,25.0,dry,40,2,80,4,54.26,20.76,30,1200,18.5,21.5,185.2,272.8,165.3,251.7,60.0,65.0,20.0,35,18.0,30,17.5,33.5,18.0,33.0,4,12,4,12,ENE,NE,NNE,W,85.0,96,84,79,180,11060
5,Sankarapuram,ponmani,clay,125,62.5,dry,100,5,200,10,135.65,51.9,75,3000,18.1,21.9,185.6,272.4,166.1,250.9,60.2,64.8,20.5,32,17.5,28,18.0,34.0,16.5,35.0,10,12,10,12,SSE,W,SW,NW,72.7,91,83,81,500,31555
4,Kallakurichi,ponmani,clay,100,50.0,wet,80,4,160,8,108.52,41.52,60,2400,18.5,21.5,185.2,272.8,165.3,251.7,60.0,65.0,19.0,33,17.0,32,16.5,31.5,15.5,32.5,8,6,8,6,W,WNW,SE,S,88.5,95,81,84,400,21812
4,Sankarapuram,delux ponni,clay,100,50.0,dry,80,4,160,8,108.52,41.52,60,2400,18.1,21.9,185.6,272.4,166.1,250.9,60.2,64.8,20.5,32,17.5,28,18.0,34.0,16.5,35.0,10,12,10,12,SSE,W,SW,NW,72.7,91,83,81,320,25640
2,Kallakurichi,delux ponni,clay,50,25.0,dry,40,2,80,4,54.26,20.76,30,1200,18.5,21.5,185.2,272.8,165.3,251.7,60.0,65.0,19.0,33,17.0,32,16.5,31.5,15.5,32.5,8,6,8,6,W,WNW,SE,S,88.5,95,81,84,160,11446
3,Chinnasalem,ponmani,alluvial,75,37.5,dry,60,3,120,6,81.39,31.14,45,1800,18.1,21.9,185.6,272.4,166.1,250.9,60.2,64.8,18.0,31,15.5,34,15.0,33.0,15.0,31.5,6,6,8,10,E,ENE,NE,NNW,78.6,80,92,88,300,17589
4,Panruti,ponmani,alluvial,100,50.0,wet,80,4,160,8,108.52,41.52,60,2400,18.5,21.5,185.2,272.8,165.3,251.7,60.0,65.0,20.0,35,18.0,30,17.5,33.5,18.0,33.0,4,12,4,12,ENE,NE,NNE,W,85.0,96,84,79,400,23532
5,Kallakurichi,delux ponni,clay,125,62.5,dry,100,5,200,10,135.65,51.9,75,3000,18.5,21.5,185.2,272.8,165.3,251.7,60.0,65.0,19.0,33,17.0,32,16.5,31.5,15.5,32.5,8,6,8,6,W,WNW,SE,S,88.5,95,81,84,400,31135
1,Sankarapuram,delux ponni,alluvial,25,12.5,dry,20,1,40,2,27.13,10.38,15,600,18.1,21.9,185.6,272.4,166.1,250.9,60.2,64.8,20.5,32,17.5,28,18.0,34.0,16.5,35.0,10,12,10,12,SSE,W,SW,NW,72.7,91,83,81,80,5916
1,Sankarapuram,ponmani,clay,25,12.5,wet,20,1,40,2,27.13,10.38,15,600,18.1,21.9,185.6,272.4,166.1,250.9,60.2,64.8,20.5,32,17.5,28,18.0,34.0,16.5,35.0,10,12,10,12,SSE,W,SW,NW,72.7,91,83,81,100,5873
4,Kallakurichi,delux ponni,clay,100,50.0,wet,80,4,160,8,108.52,41.52,60,2400,18.5,21.5,185.2,272.8,165.3,251.7,60.0,65.0,19.0,33,17.0,32,16.5,31.5,15.5,32.5,8,6,8,6,W,WNW,SE,S,88.5,95,81,84,320,24908
4,Chinnasalem,ponmani,clay,100,50.0,dry,80,4,160,8,108.52,41.52,60,2400,18.1,21.9,185.6,272.4,166.1,250.9,60.2,64.8,18.0,31,15.5,34,15.0,33.0,15.0,31.5,6,6,8,10,E,ENE,NE,NNW,78.6,80,92,88,400,23492
4,Sankarapuram,delux ponni,alluvial,100,50.0,wet,80,4,160,8,108.52,41.52,60,2400,18.1,21.9,185.6,272.4,166.1,250.9,60.2,64.8,20.5,32,17.5,28,18.0,34.0,16.5,35.0,10,12,10,12,SSE,W,SW,NW,72.7,91,83,81,320,25452
2,Chinnasalem,ponmani,clay,50,25.0,dry,40,2,80,4,54.26,20.76,30,1200,18.1,21.9,185.6,272.4,166.1,250.9,60.2,64.8,18.0,31,15.5,34,15.0,33.0,15.0,31.5,6,6,8,10,E,ENE,NE,NNW,78.6,80,92,88,200,11446
3,Sankarapuram,delux ponni,clay,75,37.5,wet,60,3,120,6,81.39,31.14,45,1800,18.1,21.9,185.6,272.4,166.1,250.9,60.2,64.8,20.5,32,17.5,28,18.0,34.0,16.5,35.0,10,12,10,12,SSE,W,SW,NW,72.7,91,83,81,240,17169
4,Sankarapuram,ponmani,clay,100,50.0,wet,80,4,160,8,108.52,41.52,60,2400,18.1,21.9,185.6,272.4,166.1,250.9,60.2,64.8,20.5,32,17.5,28,18.0,34.0,16.5,35.0,10,12,10,12,SSE,W,SW,NW,72.7,91,83,81,400,24436
4,Panruti,delux ponni,clay,100,50.0,wet,80,4,160,8,108.52,41.52,60,2400,18.5,21.5,185.2,272.8,165.3,251.7,60.0,65.0,20.0,35,18.0,30,17.5,33.5,18.0,33.0,4,12,4,12,ENE,NE,NNE,W,85.0,96,84,79,320,24200
1,Sankarapuram,ponmani,alluvial,25,12.5,dry,20,1,40,2,27.13,10.38,15,600,18.1,21.9,185.6,272.4,166.1,250.9,60.2,64.8,20.5,32,17.5,28,18.0,34.0,16.5,35.0,10,12,10,12,SSE,W,SW,NW,72.7,91,83,81,100,5873
3,Kurinjipadi,CO_43,alluvial,75,37.5,dry,60,3,120,6,81.39,31.14,45,1800,19.6,20.4,187.2,270.8,167.0,250.0,61.0,64.0,19.5,34,18.5,35,17.0,32.5,16.0,30.5,10,4,10,6,NW,S,SE,SSE,64.6,85,84,87,270,17748
5,Sankarapuram,CO_43,alluvial,125,62.5,dry,100,5,200,10,135.65,51.9,75,3000,18.1,21.9,185.6,272.4,166.1,250.9,60.2,64.8,20.5,32,17.5,28,18.0,34.0,16.5,35.0,10,12,10,12,SSE,W,SW,NW,72.7,91,83,81,450,30545
5,Panruti,delux ponni,clay,125,62.5,dry,100,5,200,10,135.65,51.9,75,3000,18.5,21.5,185.2,272.8,165.3,251.7,60.0,65.0,20.0,35,18.0,30,17.5,33.5,18.0,33.0,4,12,4,12,ENE,NE,NNE,W,85.0,96,84,79,400,31815
1,Panruti,CO_43,clay,25,12.5,wet,20,1,40,2,27.13,10.38,15,600,18.5,21.5,185.2,272.8,165.3,251.7,60.0,65.0,20.0,35,18.0,30,17.5,33.5,18.0,33.0,4,12,4,12,ENE,NE,NNE,W,85.0,96,84,79,90,5916
5,Kallakurichi,ponmani,clay,125,62.5,wet,100,5,200,10,135.65,51.9,75,3000,18.5,21.5,185.2,272.8,165.3,251.7,60.0,65.0,19.0,33,17.0,32,16.5,31.5,15.5,32.5,8,6,8,6,W,WNW,SE,S,88.5,95,81,84,500,28615
1,Cuddalore,delux ponni,clay,25,12.5,wet,20,1,40,2,27.13,10.38,15,600,19.6,20.4,187.2,270.8,167.0,250.0,61.0,64.0,18.5,34,16.0,30,15.5,31.0,16.0,33.0,4,10,8,10,SW,W,NNW,WSW,72.0,78,88,85,80,5855
3,Sankarapuram,ponmani,clay,75,37.5,wet,60,3,120,6,81.39,31.14,45,1800,18.1,21.9,185.6,272.4,166.1,250.9,60.2,64.8,20.5,32,17.5,28,18.0,34.0,16.5,35.0,10,12,10,12,SSE,W,SW,NW,72.7,91,83,81,300,17619
2,Chinnasalem,delux ponni,alluvial,50,25.0,wet,40,2,80,4,54.26,20.76,30,1200,18.1,21.9,185.6,272.4,166.1,250.9,60.2,64.8,18.0,31,15.5,34,15.0,33.0,15.0,31.5,6,6,8,10,E,ENE,NE,NNW,78.6,80,92,88,160,11444
5,Kurinjipadi,delux ponni,alluvial,125,62.5,dry,100,5,200,10,135.65,51.9,75,3000,19.6,20.4,187.2,270.8,167.0,250.0,61.0,64.0,19.5,34,18.5,35,17.0,32.5,16.0,30.5,10,4,10,6,NW,S,SE,SSE,64.6,85,84,87,400,31065
5,Chinnasalem,delux ponni,clay,125,62.5,dry,100,5,200,10,135.65,51.9,75,3000,18.1,21.9,185.6,272.4,166.1,250.9,60.2,64.8,18.0,31,15.5,34,15.0,33.0,15.0,31.5,6,6,8,10,E,ENE,NE,NNW,78.6,80,92,88,400,31045
4,Kallakurichi,ponmani,alluvial,100,50.0,wet,80,4,160,8,108.52,41.52,60,2400,18.5,21.5,185.2,272.8,165.3,251.7,60.0,65.0,19.0,33,17.0,32,16.5,31.5,15.5,32.5,8,6,8,6,W,WNW,SE,S,88.5,95,81,84,400,23372
2,Kurinjipadi,delux ponni,alluvial,50,25.0,wet,40,2,80,4,54.26,20.76,30,1200,19.6,20.4,187.2,270.8,167.0,250.0,61.0,64.0,19.5,34,18.5,35,17.0,32.5,16.0,30.5,10,4,10,6,NW,S,SE,SSE,64.6,85,84,87,160,11710
6,Chinnasalem,delux ponni,clay,150,75.0,wet,120,6,240,12,162.78,62.28,90,3600,18.1,21.9,185.6,272.4,166.1,250.9,60.2,64.8,18.0,31,15.5,34,15.0,33.0,15.0,31.5,6,6,8,10,E,ENE,NE,NNW,78.6,80,92,88,480,38508
5,Kurinjipadi,delux ponni,clay,125,62.5,dry,100,5,200,10,135.65,51.9,75,3000,19.6,20.4,187.2,270.8,167.0,250.0,61.0,64.0,19.5,34,18.5,35,17.0,32.5,16.0,30.5,10,4,10,6,NW,S,SE,SSE,64.6,85,84,87,400,31135
4,Kurinjipadi,ponmani,clay,100,50.0,dry,80,4,160,8,108.52,41.52,60,2400,19.6,20.4,187.2,270.8,167.0,250.0,61.0,64.0,19.5,34,18.5,35,17.0,32.5,16.0,30.5,10,4,10,6,NW,S,SE,SSE,64.6,85,84,87,400,22568
4,Kallakurichi,ponmani,clay,100,50.0,wet,80,4,160,8,108.52,41.52,60,2400,18.5,21.5,185.2,272.8,165.3,251.7,60.0,65.0,19.0,33,17.0,32,16.5,31.5,15.5,32.5,8,6,8,6,W,WNW,SE,S,88.5,95,81,84,400,24908
1,Chinnasalem,CO_43,clay,25,12.5,wet,20,1,40,2,27.13,10.38,15,600,18.1,21.9,185.6,272.4,166.1,250.9,60.2,64.8,18.0,31,15.5,34,15.0,33.0,15.0,31.5,6,6,8,10,E,ENE,NE,NNW,78.6,80,92,88,90,5723
1,Kurinjipadi,ponmani,alluvial,25,12.5,dry,20,1,40,2,27.13,10.38,15,600,19.6,20.4,187.2,270.8,167.0,250.0,61.0,64.0,19.5,34,18.5,35,17.0,32.5,16.0,30.5,10,4,10,6,NW,S,SE,SSE,64.6,85,84,87,100,5883
4,Sankarapuram,CO_43,clay,100,50.0,dry,80,4,160,8,108.52,41.52,60,2400,18.1,21.9,185.6,272.4,166.1,250.9,60.2,64.8,20.5,32,17.5,28,18.0,34.0,16.5,35.0,10,12,10,12,SSE,W,SW,NW,72.7,91,83,81,360,24756
1,Panruti,ponmani,alluvial,25,12.5,dry,20,1,40,2,27.13,10.38,15,600,18.5,21.5,185.2,272.8,165.3,251.7,60.0,65.0,20.0,35,18.0,30,17.5,33.5,18.0,33.0,4,12,4,12,ENE,NE,NNE,W,85.0,96,84,79,100,5463
3,Sankarapuram,delux ponni,alluvial,75,37.5,dry,60,3,120,6,81.39,31.14,45,1800,18.1,21.9,185.6,272.4,166.1,250.9,60.2,64.8,20.5,32,17.5,28,18.0,34.0,16.5,35.0,10,12,10,12,SSE,W,SW,NW,72.7,91,83,81,240,17169
4,Sankarapuram,ponmani,clay,100,50.0,wet,80,4,160,8,108.52,41.52,60,2400,18.1,21.9,185.6,272.4,166.1,250.9,60.2,64.8,20.5,32,17.5,28,18.0,34.0,16.5,35.0,10,12,10,12,SSE,W,SW,NW,72.7,91,83,81,400,21640
5,Sankarapuram,CO_43,clay,125,62.5,dry,100,5,200,10,135.65,51.9,75,3000,18.1,21.9,185.6,272.4,166.1,250.9,60.2,64.8,20.5,32,17.5,28,18.0,34.0,16.5,35.0,10,12,10,12,SSE,W,SW,NW,72.7,91,83,81,450,30610
5,Sankarapuram,ponmani,alluvial,125,62.5,wet,100,5,200,10,135.65,51.9,75,3000,18.1,21.9,185.6,272.4,166.1,250.9,60.2,64.8,20.5,32,17.5,28,18.0,34.0,16.5,35.0,10,12,10,12,SSE,W,SW,NW,72.7,91,83,81,500,30610
5,Panruti,delux ponni,alluvial,125,62.5,wet,100,5,200,10,135.65,51.9,75,3000,18.5,21.5,185.2,272.8,165.3,251.7,60.0,65.0,20.0,35,18.0,30,17.5,33.5,18.0,33.0,4,12,4,12,ENE,NE,NNE,W,85.0,96,84,79,400,31400
2,Sankarapuram,CO_43,alluvial,50,25.0,dry,40,2,80,4,54.26,20.76,30,1200,18.1,21.9,185.6,272.4,166.1,250.9,60.2,64.8,20.5,32,17.5,28,18.0,34.0,16.5,35.0,10,12,10,12,SSE,W,SW,NW,72.7,91,83,81,180,11766
2,Kurinjipadi,ponmani,clay,50,25.0,dry,40,2,80,4,54.26,20.76,30,1200,19.6,20.4,187.2,270.8,167.0,250.0,61.0,64.0,19.5,34,18.5,35,17.0,32.5,16.0,30.5,10,4,10,6,NW,S,SE,SSE,64.6,85,84,87,200,11346
5,Panruti,delux ponni,clay,125,62.5,dry,100,5,200,10,135.65,51.9,75,3000,18.5,21.5,185.2,272.8,165.3,251.7,60.0,65.0,20.0,35,18.0,30,17.5,33.5,18.0,33.0,4,12,4,12,ENE,NE,NNE,W,85.0,96,84,79,400,30575
4,Sankarapuram,CO_43,clay,100,50.0,dry,80,4,160,8,108.52,41.52,60,2400,18.1,21.9,185.6,272.4,166.1,250.9,60.2,64.8,20.5,32,17.5,28,18.0,34.0,16.5,35.0,10,12,10,12,SSE,W,SW,NW,72.7,91,83,81,360,23492
2,Sankarapuram,CO_43,clay,50,25.0,wet,40,2,80,4,54.26,20.76,30,1200,18.1,21.9,185.6,272.4,166.1,250.9,60.2,64.8,20.5,32,17.5,28,18.0,34.0,16.5,35.0,10,12,10,12,SSE,W,SW,NW,72.7,91,83,81,180,11746
6,Cuddalore,CO_43,clay,150,75.0,wet,120,6,240,12,162.78,62.28,90,3600,19.6,20.4,187.2,270.8,167.0,250.0,61.0,64.0,18.5,34,16.0,30,15.5,31.0,16.0,33.0,4,10,8,10,SW,W,NNW,WSW,72.0,78,88,85,540,34596
5,Chinnasalem,ponmani,alluvial,125,62.5,dry,100,5,200,10,135.65,51.9,75,3000,18.1,21.9,185.6,272.4,166.1,250.9,60.2,64.8,18.0,31,15.5,34,15.0,33.0,15.0,31.5,6,6,8,10,E,ENE,NE,NNW,78.6,80,92,88,500,30755
5,Chinnasalem,delux ponni,alluvial,125,62.5,dry,100,5,200,10,135.65,51.9,75,3000,18.1,21.9,185.6,272.4,166.1,250.9,60.2,64.8,18.0,31,15.5,34,15.0,33.0,15.0,31.5,6,6,8,10,E,ENE,NE,NNW,78.6,80,92,88,400,31555
3,Panruti,delux ponni,clay,75,37.5,dry,60,3,120,6,81.39,31.14,45,1800,18.5,21.5,185.2,272.8,165.3,251.7,60.0,65.0,20.0,35,18.0,30,17.5,33.5,18.0,33.0,4,12,4,12,ENE,NE,NNE,W,85.0,96,84,79,240,17508
5,Chinnasalem,ponmani,clay,125,62.5,dry,100,5,200,10,135.65,51.9,75,3000,18.1,21.9,185.6,272.4,166.1,250.9,60.2,64.8,18.0,31,15.5,34,15.0,33.0,15.0,31.5,6,6,8,10,E,ENE,NE,NNW,78.6,80,92,88,500,32155
4,Cuddalore,CO_43,alluvial,100,50.0,wet,80,4,160,8,108.52,41.52,60,2400,19.6,20.4,187.2,270.8,167.0,250.0,61.0,64.0,18.5,34,16.0,30,15.5,31.0,16.0,33.0,4,10,8,10,SW,W,NNW,WSW,72.0,78,88,85,360,22892
3,Sankarapuram,ponmani,alluvial,75,37.5,dry,60,3,120,6,81.39,31.14,45,1800,18.1,21.9,185.6,272.4,166.1,250.9,60.2,64.8,20.5,32,17.5,28,18.0,34.0,16.5,35.0,10,12,10,12,SSE,W,SW,NW,72.7,91,83,81,300,17508
2,Chinnasalem,CO_43,clay,50,25.0,wet,40,2,80,4,54.26,20.76,30,1200,18.1,21.9,185.6,272.4,166.1,250.9,60.2,64.8,18.0,31,15.5,34,15.0,33.0,15.0,31.5,6,6,8,10,E,ENE,NE,NNW,78.6,80,92,88,180,11284
4,Sankarapuram,ponmani,clay,100,50.0,dry,80,4,160,8,108.52,41.52,60,2400,18.1,21.9,185.6,272.4,166.1,250.9,60.2,64.8,20.5,32,17.5,28,18.0,34.0,16.5,35.0,10,12,10,12,SSE,W,SW,NW,72.7,91,83,81,400,24080
5,Kallakurichi,ponmani,clay,125,62.5,dry,100,5,200,10,135.65,51.9,75,3000,18.5,21.5,185.2,272.8,165.3,251.7,60.0,65.0,19.0,33,17.0,32,16.5,31.5,15.5,32.5,8,6,8,6,W,WNW,SE,S,88.5,95,81,84,500,30355
5,Chinnasalem,ponmani,alluvial,125,62.5,dry,100,5,200,10,135.65,51.9,75,3000,18.1,21.9,185.6,272.4,166.1,250.9,60.2,64.8,18.0,31,15.5,34,15.0,33.0,15.0,31.5,6,6,8,10,E,ENE,NE,NNW,78.6,80,92,88,500,30575
4,Kurinjipadi,ponmani,clay,100,50.0,dry,80,4,160,8,108.52,41.52,60,2400,19.6,20.4,187.2,270.8,167.0,250.0,61.0,64.0,19.5,34,18.5,35,17.0,32.5,16.0,30.5,10,4,10,6,NW,S,SE,SSE,64.6,85,84,87,400,24836
4,Panruti,ponmani,alluvial,100,50.0,wet,80,4,160,8,108.52,41.52,60,2400,18.5,21.5,185.2,272.8,165.3,251.7,60.0,65.0,20.0,35,18.0,30,17.5,33.5,18.0,33.0,4,12,4,12,ENE,NE,NNE,W,85.0,96,84,79,400,25120
4,Kallakurichi,ponmani,alluvial,100,50.0,dry,80,4,160,8,108.52,41.52,60,2400,18.5,21.5,185.2,272.8,165.3,251.7,60.0,65.0,19.0,33,17.0,32,16.5,31.5,15.5,32.5,8,6,8,6,W,WNW,SE,S,88.5,95,81,84,400,23664
5,Cuddalore,delux ponni,alluvial,125,62.5,dry,100,5,200,10,135.65,51.9,75,3000,19.6,20.4,187.2,270.8,167.0,250.0,61.0,64.0,18.5,34,16.0,30,15.5,31.0,16.0,33.0,4,10,8,10,SW,W,NNW,WSW,72.0,78,88,85,400,31555
3,Panruti,ponmani,clay,75,37.5,dry,60,3,120,6,81.39,31.14,45,1800,18.5,21.5,185.2,272.8,165.3,251.7,60.0,65.0,20.0,35,18.0,30,17.5,33.5,18.0,33.0,4,12,4,12,ENE,NE,NNE,W,85.0,96,84,79,300,17748
4,Sankarapuram,ponmani,clay,100,50.0,dry,80,4,160,8,108.52,41.52,60,2400,18.1,21.9,185.6,272.4,166.1,250.9,60.2,64.8,20.5,32,17.5,28,18.0,34.0,16.5,35.0,10,12,10,12,SSE,W,SW,NW,72.7,91,83,81,400,24768
3,Kurinjipadi,ponmani,alluvial,75,37.5,wet,60,3,120,6,81.39,31.14,45,1800,19.6,20.4,187.2,270.8,167.0,250.0,61.0,64.0,19.5,34,18.5,35,17.0,32.5,16.0,30.5,10,4,10,6,NW,S,SE,SSE,64.6,85,84,87,300,17748
2,Sankarapuram,CO_43,clay,50,25.0,wet,40,2,80,4,54.26,20.76,30,1200,18.1,21.9,185.6,272.4,166.1,250.9,60.2,64.8,20.5,32,17.5,28,18.0,34.0,16.5,35.0,10,12,10,12,SSE,W,SW,NW,72.7,91,83,81,180,11676
4,Chinnasalem,CO_43,alluvial,100,50.0,dry,80,4,160,8,108.52,41.52,60,2400,18.1,21.9,185.6,272.4,166.1,250.9,60.2,64.8,18.0,31,15.5,34,15.0,33.0,15.0,31.5,6,6,8,10,E,ENE,NE,NNW,78.6,80,92,88,360,25120
2,Cuddalore,delux ponni,clay,50,25.0,wet,40,2,80,4,54.26,20.76,30,1200,19.6,20.4,187.2,270.8,167.0,250.0,61.0,64.0,18.5,34,16.0,30,15.5,31.0,16.0,33.0,4,10,8,10,SW,W,NNW,WSW,72.0,78,88,85,160,10926
3,Chinnasalem,CO_43,alluvial,75,37.5,dry,60,3,120,6,81.39,31.14,45,1800,18.1,21.9,185.6,272.4,166.1,250.9,60.2,64.8,18.0,31,15.5,34,15.0,33.0,15.0,31.5,6,6,8,10,E,ENE,NE,NNW,78.6,80,92,88,270,17469
2,Cuddalore,delux ponni,clay,50,25.0,wet,40,2,80,4,54.26,20.76,30,1200,19.6,20.4,187.2,270.8,167.0,250.0,61.0,64.0,18.5,34,16.0,30,15.5,31.0,16.0,33.0,4,10,8,10,SW,W,NNW,WSW,72.0,78,88,85,160,11816
2,Chinnasalem,ponmani,clay,50,25.0,dry,40,2,80,4,54.26,20.76,30,1200,18.1,21.9,185.6,272.4,166.1,250.9,60.2,64.8,18.0,31,15.5,34,15.0,33.0,15.0,31.5,6,6,8,10,E,ENE,NE,NNW,78.6,80,92,88,200,11446
4,Kallakurichi,CO_43,alluvial,100,50.0,dry,80,4,160,8,108.52,41.52,60,2400,18.5,21.5,185.2,272.8,165.3,251.7,60.0,65.0,19.0,33,17.0,32,16.5,31.5,15.5,32.5,8,6,8,6,W,WNW,SE,S,88.5,95,81,84,360,24912
5,Sankarapuram,ponmani,alluvial,125,62.5,wet,100,5,200,10,135.65,51.9,75,3000,18.1,21.9,185.6,272.4,166.1,250.9,60.2,64.8,20.5,32,17.5,28,18.0,34.0,16.5,35.0,10,12,10,12,SSE,W,SW,NW,72.7,91,83,81,500,30610
3,Panruti,ponmani,alluvial,75,37.5,wet,60,3,120,6,81.39,31.14,45,1800,18.5,21.5,185.2,272.8,165.3,251.7,60.0,65.0,20.0,35,18.0,30,17.5,33.5,18.0,33.0,4,12,4,12,ENE,NE,NNE,W,85.0,96,84,79,300,17748
4,Chinnasalem,CO_43,alluvial,100,50.0,dry,80,4,160,8,108.52,41.52,60,2400,18.1,21.9,185.6,272.4,166.1,250.9,60.2,64.8,18.0,31,15.5,34,15.0,33.0,15.0,31.5,6,6,8,10,E,ENE,NE,NNW,78.6,80,92,88,360,25616
6,Cuddalore,CO_43,alluvial,150,75.0,dry,120,6,240,12,162.78,62.28,90,3600,19.6,20.4,187.2,270.8,167.0,250.0,61.0,64.0,18.5,34,16.0,30,15.5,31.0,16.0,33.0,4,10,8,10,SW,W,NNW,WSW,72.0,78,88,85,540,34338
4,Sankarapuram,delux ponni,clay,100,50.0,wet,80,4,160,8,108.52,41.52,60,2400,18.1,21.9,185.6,272.4,166.1,250.9,60.2,64.8,20.5,32,17.5,28,18.0,34.0,16.5,35.0,10,12,10,12,SSE,W,SW,NW,72.7,91,83,81,320,25228
3,Chinnasalem,ponmani,alluvial,75,37.5,wet,60,3,120,6,81.39,31.14,45,1800,18.1,21.9,185.6,272.4,166.1,250.9,60.2,64.8,18.0,31,15.5,34,15.0,33.0,15.0,31.5,6,6,8,10,E,ENE,NE,NNW,78.6,80,92,88,300,17508
1,Chinnasalem,CO_43,alluvial,25,12.5,dry,20,1,40,2,27.13,10.38,15,600,18.1,21.9,185.6,272.4,166.1,250.9,60.2,64.8,18.0,31,15.5,34,15.0,33.0,15.0,31.5,6,6,8,10,E,ENE,NE,NNW,78.6,80,92,88,90,5836
5,Cuddalore,ponmani,alluvial,125,62.5,wet,100,5,200,10,135.65,51.9,75,3000,19.6,20.4,187.2,270.8,167.0,250.0,61.0,64.0,18.5,34,16.0,30,15.5,31.0,16.0,33.0,4,10,8,10,SW,W,NNW,WSW,72.0,78,88,85,500,31625
3,Kurinjipadi,ponmani,clay,75,37.5,dry,60,3,120,6,81.39,31.14,45,1800,19.6,20.4,187.2,270.8,167.0,250.0,61.0,64.0,19.5,34,18.5,35,17.0,32.5,16.0,30.5,10,4,10,6,NW,S,SE,SSE,64.6,85,84,87,300,17748
5,Kurinjipadi,delux ponni,clay,125,62.5,dry,100,5,200,10,135.65,51.9,75,3000,19.6,20.4,187.2,270.8,167.0,250.0,61.0,64.0,19.5,34,18.5,35,17.0,32.5,16.0,30.5,10,4,10,6,NW,S,SE,SSE,64.6,85,84,87,400,32345
3,Cuddalore,ponmani,clay,75,37.5,wet,60,3,120,6,81.39,31.14,45,1800,19.6,20.4,187.2,270.8,167.0,250.0,61.0,64.0,18.5,34,16.0,30,15.5,31.0,16.0,33.0,4,10,8,10,SW,W,NNW,WSW,72.0,78,88,85,300,17619
5,Sankarapuram,delux ponni,clay,125,62.5,dry,100,5,200,10,135.65,51.9,75,3000,18.1,21.9,185.6,272.4,166.1,250.9,60.2,64.8,20.5,32,17.5,28,18.0,34.0,16.5,35.0,10,12,10,12,SSE,W,SW,NW,72.7,91,83,81,400,32090
3,Sankarapuram,ponmani,clay,75,37.5,wet,60,3,120,6,81.39,31.14,45,1800,18.1,21.9,185.6,272.4,166.1,250.9,60.2,64.8,20.5,32,17.5,28,18.0,34.0,16.5,35.0,10,12,10,12,SSE,W,SW,NW,72.7,91,83,81,300,16575
4,Panruti,CO_43,alluvial,100,50.0,wet,80,4,160,8,108.52,41.52,60,2400,18.5,21.5,185.2,272.8,165.3,251.7,60.0,65.0,20.0,35,18.0,30,17.5,33.5,18.0,33.0,4,12,4,12,ENE,NE,NNE,W,85.0,96,84,79,360,23344
2,Kurinjipadi,delux ponni,clay,50,25.0,wet,40,2,80,4,54.26,20.76,30,1200,19.6,20.4,187.2,270.8,167.0,250.0,61.0,64.0,19.5,34,18.5,35,17.0,32.5,16.0,30.5,10,4,10,6,NW,S,SE,SSE,64.6,85,84,87,160,11726
5,Kallakurichi,CO_43,clay,125,62.5,dry,100,5,200,10,135.65,51.9,75,3000,18.5,21.5,185.2,272.8,165.3,251.7,60.0,65.0,19.0,33,17.0,32,16.5,31.5,15.5,32.5,8,6,8,6,W,WNW,SE,S,88.5,95,81,84,450,30610
2,Panruti,CO_43,clay,50,25.0,wet,40,2,80,4,54.26,20.76,30,1200,18.5,21.5,185.2,272.8,165.3,251.7,60.0,65.0,20.0,35,18.0,30,17.5,33.5,18.0,33.0,4,12,4,12,ENE,NE,NNE,W,85.0,96,84,79,180,11852
5,Cuddalore,ponmani,clay,125,62.5,dry,100,5,200,10,135.65,51.9,75,3000,19.6,20.4,187.2,270.8,167.0,250.0,61.0,64.0,18.5,34,16.0,30,15.5,31.0,16.0,33.0,4,10,8,10,SW,W,NNW,WSW,72.0,78,88,85,500,31780
6,Panruti,delux ponni,alluvial,150,75.0,wet,120,6,240,12,162.78,62.28,90,3600,18.5,21.5,185.2,272.8,165.3,251.7,60.0,65.0,20.0,35,18.0,30,17.5,33.5,18.0,33.0,4,12,4,12,ENE,NE,NNE,W,85.0,96,84,79,480,36090
2,Chinnasalem,delux ponni,clay,50,25.0,dry,40,2,80,4,54.26,20.76,30,1200,18.1,21.9,185.6,272.4,166.1,250.9,60.2,64.8,18.0,31,15.5,34,15.0,33.0,15.0,31.5,6,6,8,10,E,ENE,NE,NNW,78.6,80,92,88,160,11364
1,Sankarapuram,ponmani,clay,25,12.5,dry,20,1,40,2,27.13,10.38,15,600,18.1,21.9,185.6,272.4,166.1,250.9,60.2,64.8,20.5,32,17.5,28,18.0,34.0,16.5,35.0,10,12,10,12,SSE,W,SW,NW,72.7,91,83,81,100,5723
4,Sankarapuram,ponmani,alluvial,100,50.0,dry,80,4,160,8,108.52,41.52,60,2400,18.1,21.9,185.6,272.4,166.1,250.9,60.2,64.8,20.5,32,17.5,28,18.0,34.0,16.5,35.0,10,12,10,12,SSE,W,SW,NW,72.7,91,83,81,400,23076
4,Panruti,ponmani,clay,100,50.0,dry,80,4,160,8,108.52,41.52,60,2400,18.5,21.5,185.2,272.8,165.3,251.7,60.0,65.0,20.0,35,18.0,30,17.5,33.5,18.0,33.0,4,12,4,12,ENE,NE,NNE,W,85.0,96,84,79,400,25244
4,Chinnasalem,delux ponni,alluvial,100,50.0,dry,80,4,160,8,108.52,41.52,60,2400,18.1,21.9,185.6,272.4,166.1,250.9,60.2,64.8,18.0,31,15.5,34,15.0,33.0,15.0,31.5,6,6,8,10,E,ENE,NE,NNW,78.6,80,92,88,320,25300
5,Panruti,ponmani,alluvial,125,62.5,dry,100,5,200,10,135.65,51.9,75,3000,18.5,21.5,185.2,272.8,165.3,251.7,60.0,65.0,20.0,35,18.0,30,17.5,33.5,18.0,33.0,4,12,4,12,ENE,NE,NNE,W,85.0,96,84,79,500,30610
3,Panruti,CO_43,alluvial,75,37.5,wet,60,3,120,6,81.39,31.14,45,1800,18.5,21.5,185.2,272.8,165.3,251.7,60.0,65.0,20.0,35,18.0,30,17.5,33.5,18.0,33.0,4,12,4,12,ENE,NE,NNE,W,85.0,96,84,79,270,17508
6,Sankarapuram,ponmani,alluvial,150,75.0,wet,120,6,240,12,162.78,62.28,90,3600,18.1,21.9,185.6,272.4,166.1,250.9,60.2,64.8,20.5,32,17.5,28,18.0,34.0,16.5,35.0,10,12,10,12,SSE,W,SW,NW,72.7,91,83,81,600,37086
2,Panruti,CO_43,clay,50,25.0,wet,40,2,80,4,54.26,20.76,30,1200,18.5,21.5,185.2,272.8,165.3,251.7,60.0,65.0,20.0,35,18.0,30,17.5,33.5,18.0,33.0,4,12,4,12,ENE,NE,NNE,W,85.0,96,84,79,180,11672
5,Kurinjipadi,ponmani,alluvial,125,62.5,wet,100,5,200,10,135.65,51.9,75,3000,19.6,20.4,187.2,270.8,167.0,250.0,61.0,64.0,19.5,34,18.5,35,17.0,32.5,16.0,30.5,10,4,10,6,NW,S,SE,SSE,64.6,85,84,87,500,31135
5,Chinnasalem,delux ponni,alluvial,125,62.5,wet,100,5,200,10,135.65,51.9,75,3000,18.1,21.9,185.6,272.4,166.1,250.9,60.2,64.8,18.0,31,15.5,34,15.0,33.0,15.0,31.5,6,6,8,10,E,ENE,NE,NNW,78.6,80,92,88,400,31135
3,Panruti,ponmani,alluvial,75,37.5,dry,60,3,120,6,81.39,31.14,45,1800,18.5,21.5,185.2,272.8,165.3,251.7,60.0,65.0,20.0,35,18.0,30,17.5,33.5,18.0,33.0,4,12,4,12,ENE,NE,NNE,W,85.0,96,84,79,300,17169
5,Kurinjipadi,delux ponni,alluvial,125,62.5,wet,100,5,200,10,135.65,51.9,75,3000,19.6,20.4,187.2,270.8,167.0,250.0,61.0,64.0,19.5,34,18.5,35,17.0,32.5,16.0,30.5,10,4,10,6,NW,S,SE,SSE,64.6,85,84,87,400,31625
3,Chinnasalem,delux ponni,clay,75,37.5,dry,60,3,120,6,81.39,31.14,45,1800,18.1,21.9,185.6,272.4,166.1,250.9,60.2,64.8,18.0,31,15.5,34,15.0,33.0,15.0,31.5,6,6,8,10,E,ENE,NE,NNW,78.6,80,92,88,240,17169
5,Chinnasalem,delux ponni,alluvial,125,62.5,wet,100,5,200,10,135.65,51.9,75,3000,18.1,21.9,185.6,272.4,166.1,250.9,60.2,64.8,18.0,31,15.5,34,15.0,33.0,15.0,31.5,6,6,8,10,E,ENE,NE,NNW,78.6,80,92,88,400,30250
2,Kallakurichi,ponmani,clay,50,25.0,dry,40,2,80,4,54.26,20.76,30,1200,18.5,21.5,185.2,272.8,165.3,251.7,60.0,65.0,19.0,33,17.0,32,16.5,31.5,15.5,32.5,8,6,8,6,W,WNW,SE,S,88.5,95,81,84,200,11054
5,Sankarapuram,CO_43,alluvial,125,62.5,dry,100,5,200,10,135.65,51.9,75,3000,18.1,21.9,185.6,272.4,166.1,250.9,60.2,64.8,20.5,32,17.5,28,18.0,34.0,16.5,35.0,10,12,10,12,SSE,W,SW,NW,72.7,91,83,81,450,31045
5,Kurinjipadi,CO_43,alluvial,125,62.5,dry,100,5,200,10,135.65,51.9,75,3000,19.6,20.4,187.2,270.8,167.0,250.0,61.0,64.0,19.5,34,18.5,35,17.0,32.5,16.0,30.5,10,4,10,6,NW,S,SE,SSE,64.6,85,84,87,450,30075
4,Cuddalore,CO_43,clay,100,50.0,dry,80,4,160,8,108.52,41.52,60,2400,19.6,20.4,187.2,270.8,167.0,250.0,61.0,64.0,18.5,34,16.0,30,15.5,31.0,16.0,33.0,4,10,8,10,SW,W,NNW,WSW,72.0,78,88,85,360,24460
6,Kurinjipadi,ponmani,alluvial,150,75.0,dry,120,6,240,12,162.78,62.28,90,3600,19.6,20.4,187.2,270.8,167.0,250.0,61.0,64.0,19.5,34,18.5,35,17.0,32.5,16.0,30.5,10,4,10,6,NW,S,SE,SSE,64.6,85,84,87,600,32778
1,Kallakurichi,delux ponni,clay,25,12.5,dry,20,1,40,2,27.13,10.38,15,600,18.5,21.5,185.2,272.8,165.3,251.7,60.0,65.0,19.0,33,17.0,32,16.5,31.5,15.5,32.5,8,6,8,6,W,WNW,SE,S,88.5,95,81,84,80,5527
5,Chinnasalem,ponmani,alluvial,125,62.5,wet,100,5,200,10,135.65,51.9,75,3000,18.1,21.9,185.6,272.4,166.1,250.9,60.2,64.8,18.0,31,15.5,34,15.0,33.0,15.0,31.5,6,6,8,10,E,ENE,NE,NNW,78.6,80,92,88,500,32345
6,Panruti,delux ponni,clay,150,75.0,wet,120,6,240,12,162.78,62.28,90,3600,18.5,21.5,185.2,272.8,165.3,251.7,60.0,65.0,20.0,35,18.0,30,17.5,33.5,18.0,33.0,4,12,4,12,ENE,NE,NNE,W,85.0,96,84,79,480,37680
4,Cuddalore,ponmani,alluvial,100,50.0,dry,80,4,160,8,108.52,41.52,60,2400,19.6,20.4,187.2,270.8,167.0,250.0,61.0,64.0,18.5,34,16.0,30,15.5,31.0,16.0,33.0,4,10,8,10,SW,W,NNW,WSW,72.0,78,88,85,400,25244
3,Sankarapuram,delux ponni,alluvial,75,37.5,dry,60,3,120,6,81.39,31.14,45,1800,18.1,21.9,185.6,272.4,166.1,250.9,60.2,64.8,20.5,32,17.5,28,18.0,34.0,16.5,35.0,10,12,10,12,SSE,W,SW,NW,72.7,91,83,81,240,16230
5,Sankarapuram,ponmani,clay,125,62.5,dry,100,5,200,10,135.65,51.9,75,3000,18.1,21.9,185.6,272.4,166.1,250.9,60.2,64.8,20.5,32,17.5,28,18.0,34.0,16.5,35.0,10,12,10,12,SSE,W,SW,NW,72.7,91,83,81,500,30610
5,Sankarapuram,delux ponni,alluvial,125,62.5,wet,100,5,200,10,135.65,51.9,75,3000,18.1,21.9,185.6,272.4,166.1,250.9,60.2,64.8,20.5,32,17.5,28,18.0,34.0,16.5,35.0,10,12,10,12,SSE,W,SW,NW,72.7,91,83,81,400,32050
4,Cuddalore,CO_43,clay,100,50.0,wet,80,4,160,8,108.52,41.52,60,2400,19.6,20.4,187.2,270.8,167.0,250.0,61.0,64.0,18.5,34,16.0,30,15.5,31.0,16.0,33.0,4,10,8,10,SW,W,NNW,WSW,72.0,78,88,85,360,24460
5,Chinnasalem,ponmani,clay,125,62.5,dry,100,5,200,10,135.65,51.9,75,3000,18.1,21.9,185.6,272.4,166.1,250.9,60.2,64.8,18.0,31,15.5,34,15.0,33.0,15.0,31.5,6,6,8,10,E,ENE,NE,NNW,78.6,80,92,88,500,30755
2,Kallakurichi,CO_43,alluvial,50,25.0,wet,40,2,80,4,54.26,20.76,30,1200,18.5,21.5,185.2,272.8,165.3,251.7,60.0,65.0,19.0,33,17.0,32,16.5,31.5,15.5,32.5,8,6,8,6,W,WNW,SE,S,88.5,95,81,84,180,11348
3,Cuddalore,delux ponni,clay,75,37.5,dry,60,3,120,6,81.39,31.14,45,1800,19.6,20.4,187.2,270.8,167.0,250.0,61.0,64.0,18.5,34,16.0,30,15.5,31.0,16.0,33.0,4,10,8,10,SW,W,NNW,WSW,72.0,78,88,85,240,17649
3,Cuddalore,CO_43,clay,75,37.5,wet,60,3,120,6,81.39,31.14,45,1800,19.6,20.4,187.2,270.8,167.0,250.0,61.0,64.0,18.5,34,16.0,30,15.5,31.0,16.0,33.0,4,10,8,10,SW,W,NNW,WSW,72.0,78,88,85,270,17169
5,Cuddalore,ponmani,alluvial,125,62.5,dry,100,5,200,10,135.65,51.9,75,3000,19.6,20.4,187.2,270.8,167.0,250.0,61.0,64.0,18.5,34,16.0,30,15.5,31.0,16.0,33.0,4,10,8,10,SW,W,NNW,WSW,72.0,78,88,85,500,31045
3,Panruti,delux ponni,alluvial,75,37.5,dry,60,3,120,6,81.39,31.14,45,1800,18.5,21.5,185.2,272.8,165.3,251.7,60.0,65.0,20.0,35,18.0,30,17.5,33.5,18.0,33.0,4,12,4,12,ENE,NE,NNE,W,85.0,96,84,79,240,17169
3,Kurinjipadi,ponmani,clay,75,37.5,wet,60,3,120,6,81.39,31.14,45,1800,19.6,20.4,187.2,270.8,167.0,250.0,61.0,64.0,19.5,34,18.5,35,17.0,32.5,16.0,30.5,10,4,10,6,NW,S,SE,SSE,64.6,85,84,87,300,17169
5,Chinnasalem,delux ponni,clay,125,62.5,dry,100,5,200,10,135.65,51.9,75,3000,18.1,21.9,185.6,272.4,166.1,250.9,60.2,64.8,18.0,31,15.5,34,15.0,33.0,15.0,31.5,6,6,8,10,E,ENE,NE,NNW,78.6,80,92,88,400,30250
5,Kurinjipadi,CO_43,alluvial,125,62.5,dry,100,5,200,10,135.65,51.9,75,3000,19.6,20.4,187.2,270.8,167.0,250.0,61.0,64.0,19.5,34,18.5,35,17.0,32.5,16.0,30.5,10,4,10,6,NW,S,SE,SSE,64.6,85,84,87,450,30805
5,Sankarapuram,CO_43,clay,125,62.5,wet,100,5,200,10,135.65,51.9,75,3000,18.1,21.9,185.6,272.4,166.1,250.9,60.2,64.8,20.5,32,17.5,28,18.0,34.0,16.5,35.0,10,12,10,12,SSE,W,SW,NW,72.7,91,83,81,450,30855
3,Kurinjipadi,ponmani,alluvial,75,37.5,wet,60,3,120,6,81.39,31.14,45,1800,19.6,20.4,187.2,270.8,167.0,250.0,61.0,64.0,19.5,34,18.5,35,17.0,32.5,16.0,30.5,10,4,10,6,NW,S,SE,SSE,64.6,85,84,87,300,16581
5,Chinnasalem,ponmani,alluvial,125,62.5,dry,100,5,200,10,135.65,51.9,75,3000,18.1,21.9,185.6,272.4,166.1,250.9,60.2,64.8,18.0,31,15.5,34,15.0,33.0,15.0,31.5,6,6,8,10,E,ENE,NE,NNW,78.6,80,92,88,500,30405
6,Kurinjipadi,ponmani,alluvial,150,75.0,dry,120,6,240,12,162.78,62.28,90,3600,19.6,20.4,187.2,270.8,167.0,250.0,61.0,64.0,19.5,34,18.5,35,17.0,32.5,16.0,30.5,10,4,10,6,NW,S,SE,SSE,64.6,85,84,87,600,34530
4,Kurinjipadi,ponmani,clay,100,50.0,wet,80,4,160,8,108.52,41.52,60,2400,19.6,20.4,187.2,270.8,167.0,250.0,61.0,64.0,19.5,34,18.5,35,17.0,32.5,16.0,30.5,10,4,10,6,NW,S,SE,SSE,64.6,85,84,87,400,24432
4,Kallakurichi,delux ponni,clay,100,50.0,wet,80,4,160,8,108.52,41.52,60,2400,18.5,21.5,185.2,272.8,165.3,251.7,60.0,65.0,19.0,33,17.0,32,16.5,31.5,15.5,32.5,8,6,8,6,W,WNW,SE,S,88.5,95,81,84,320,23632
2,Cuddalore,ponmani,alluvial,50,25.0,dry,40,2,80,4,54.26,20.76,30,1200,19.6,20.4,187.2,270.8,167.0,250.0,61.0,64.0,18.5,34,16.0,30,15.5,31.0,16.0,33.0,4,10,8,10,SW,W,NNW,WSW,72.0,78,88,85,200,11746
5,Sankarapuram,CO_43,alluvial,125,62.5,dry,100,5,200,10,135.65,51.9,75,3000,18.1,21.9,185.6,272.4,166.1,250.9,60.2,64.8,20.5,32,17.5,28,18.0,34.0,16.5,35.0,10,12,10,12,SSE,W,SW,NW,72.7,91,83,81,450,30250
6,Kurinjipadi,ponmani,clay,150,75.0,dry,120,6,240,12,162.78,62.28,90,3600,19.6,20.4,187.2,270.8,167.0,250.0,61.0,64.0,19.5,34,18.5,35,17.0,32.5,16.0,30.5,10,4,10,6,NW,S,SE,SSE,64.6,85,84,87,600,36690
3,Cuddalore,delux ponni,alluvial,75,37.5,wet,60,3,120,6,81.39,31.14,45,1800,19.6,20.4,187.2,270.8,167.0,250.0,61.0,64.0,18.5,34,16.0,30,15.5,31.0,16.0,33.0,4,10,8,10,SW,W,NNW,WSW,72.0,78,88,85,240,17619
5,Sankarapuram,CO_43,alluvial,125,62.5,wet,100,5,200,10,135.65,51.9,75,3000,18.1,21.9,185.6,272.4,166.1,250.9,60.2,64.8,20.5,32,17.5,28,18.0,34.0,16.5,35.0,10,12,10,12,SSE,W,SW,NW,72.7,91,83,81,450,31065
4,Panruti,delux ponni,alluvial,100,50.0,wet,80,4,160,8,108.52,41.52,60,2400,18.5,21.5,185.2,272.8,165.3,251.7,60.0,65.0,20.0,35,18.0,30,17.5,33.5,18.0,33.0,4,12,4,12,ENE,NE,NNE,W,85.0,96,84,79,320,25244
5,Panruti,CO_43,clay,125,62.5,dry,100,5,200,10,135.65,51.9,75,3000,18.5,21.5,185.2,272.8,165.3,251.7,60.0,65.0,20.0,35,18.0,30,17.5,33.5,18.0,33.0,4,12,4,12,ENE,NE,NNE,W,85.0,96,84,79,450,30355
2,Sankarapuram,delux ponni,alluvial,50,25.0,dry,40,2,80,4,54.26,20.76,30,1200,18.1,21.9,185.6,272.4,166.1,250.9,60.2,64.8,20.5,32,17.5,28,18.0,34.0,16.5,35.0,10,12,10,12,SSE,W,SW,NW,72.7,91,83,81,160,11508
5,Chinnasalem,delux ponni,clay,125,62.5,wet,100,5,200,10,135.65,51.9,75,3000,18.1,21.9,185.6,272.4,166.1,250.9,60.2,64.8,18.0,31,15.5,34,15.0,33.0,15.0,31.5,6,6,8,10,E,ENE,NE,NNW,78.6,80,92,88,400,31400
6,Kurinjipadi,delux ponni,clay,150,75.0,dry,120,6,240,12,162.78,62.28,90,3600,19.6,20.4,187.2,270.8,167.0,250.0,61.0,64.0,19.5,34,18.5,35,17.0,32.5,16.0,30.5,10,4,10,6,NW,S,SE,SSE,64.6,85,84,87,480,36552
1,Sankarapuram,ponmani,clay,25,12.5,dry,20,1,40,2,27.13,10.38,15,600,18.1,21.9,185.6,272.4,166.1,250.9,60.2,64.8,20.5,32,17.5,28,18.0,34.0,16.5,35.0,10,12,10,12,SSE,W,SW,NW,72.7,91,83,81,100,5873
3,Panruti,ponmani,clay,75,37.5,dry,60,3,120,6,81.39,31.14,45,1800,18.5,21.5,185.2,272.8,165.3,251.7,60.0,65.0,20.0,35,18.0,30,17.5,33.5,18.0,33.0,4,12,4,12,ENE,NE,NNE,W,85.0,96,84,79,300,16359
2,Chinnasalem,ponmani,alluvial,50,25.0,wet,40,2,80,4,54.26,20.76,30,1200,18.1,21.9,185.6,272.4,166.1,250.9,60.2,64.8,18.0,31,15.5,34,15.0,33.0,15.0,31.5,6,6,8,10,E,ENE,NE,NNW,78.6,80,92,88,200,11462
3,Chinnasalem,ponmani,clay,75,37.5,wet,60,3,120,6,81.39,31.14,45,1800,18.1,21.9,185.6,272.4,166.1,250.9,60.2,64.8,18.0,31,15.5,34,15.0,33.0,15.0,31.5,6,6,8,10,E,ENE,NE,NNW,78.6,80,92,88,300,16581
5,Kallakurichi,delux ponni,clay,125,62.5,dry,100,5,200,10,135.65,51.9,75,3000,18.5,21.5,185.2,272.8,165.3,251.7,60.0,65.0,19.0,33,17.0,32,16.5,31.5,15.5,32.5,8,6,8,6,W,WNW,SE,S,88.5,95,81,84,400,30905
1,Sankarapuram,delux ponni,clay,25,12.5,dry,20,1,40,2,27.13,10.38,15,600,18.1,21.9,185.6,272.4,166.1,250.9,60.2,64.8,20.5,32,17.5,28,18.0,34.0,16.5,35.0,10,12,10,12,SSE,W,SW,NW,72.7,91,83,81,80,5836
5,Sankarapuram,delux ponni,clay,125,62.5,wet,100,5,200,10,135.65,51.9,75,3000,18.1,21.9,185.6,272.4,166.1,250.9,60.2,64.8,20.5,32,17.5,28,18.0,34.0,16.5,35.0,10,12,10,12,SSE,W,SW,NW,72.7,91,83,81,400,31135
5,Cuddalore,ponmani,clay,125,62.5,dry,100,5,200,10,135.65,51.9,75,3000,19.6,20.4,187.2,270.8,167.0,250.0,61.0,64.0,18.5,34,16.0,30,15.5,31.0,16.0,33.0,4,10,8,10,SW,W,NNW,WSW,72.0,78,88,85,500,31035
2,Kurinjipadi,ponmani,clay,50,25.0,wet,40,2,80,4,54.26,20.76,30,1200,19.6,20.4,187.2,270.8,167.0,250.0,61.0,64.0,19.5,34,18.5,35,17.0,32.5,16.0,30.5,10,4,10,6,NW,S,SE,SSE,64.6,85,84,87,200,11446
5,Sankarapuram,ponmani,alluvial,125,62.5,wet,100,5,200,10,135.65,51.9,75,3000,18.1,21.9,185.6,272.4,166.1,250.9,60.2,64.8,20.5,32,17.5,28,18.0,34.0,16.5,35.0,10,12,10,12,SSE,W,SW,NW,72.7,91,83,81,500,31535
2,Chinnasalem,ponmani,clay,50,25.0,wet,40,2,80,4,54.26,20.76,30,1200,18.1,21.9,185.6,272.4,166.1,250.9,60.2,64.8,18.0,31,15.5,34,15.0,33.0,15.0,31.5,6,6,8,10,E,ENE,NE,NNW,78.6,80,92,88,200,11446
6,Kallakurichi,ponmani,clay,150,75.0,dry,120,6,240,12,162.78,62.28,90,3600,18.5,21.5,185.2,272.8,165.3,251.7,60.0,65.0,19.0,33,17.0,32,16.5,31.5,15.5,32.5,8,6,8,6,W,WNW,SE,S,88.5,95,81,84,600,37242
4,Chinnasalem,ponmani,alluvial,100,50.0,wet,80,4,160,8,108.52,41.52,60,2400,18.1,21.9,185.6,272.4,166.1,250.9,60.2,64.8,18.0,31,15.5,34,15.0,33.0,15.0,31.5,6,6,8,10,E,ENE,NE,NNW,78.6,80,92,88,400,25120
5,Sankarapuram,delux ponni,clay,125,62.5,wet,100,5,200,10,135.65,51.9,75,3000,18.1,21.9,185.6,272.4,166.1,250.9,60.2,64.8,20.5,32,17.5,28,18.0,34.0,16.5,35.0,10,12,10,12,SSE,W,SW,NW,72.7,91,83,81,400,31605
5,Kurinjipadi,delux ponni,alluvial,125,62.5,wet,100,5,200,10,135.65,51.9,75,3000,19.6,20.4,187.2,270.8,167.0,250.0,61.0,64.0,19.5,34,18.5,35,17.0,32.5,16.0,30.5,10,4,10,6,NW,S,SE,SSE,64.6,85,84,87,400,32080
6,Cuddalore,delux ponni,clay,150,75.0,dry,120,6,240,12,162.78,62.28,90,3600,19.6,20.4,187.2,270.8,167.0,250.0,61.0,64.0,18.5,34,16.0,30,15.5,31.0,16.0,33.0,4,10,8,10,SW,W,NNW,WSW,72.0,78,88,85,480,37716
1,Kurinjipadi,delux ponni,clay,25,12.5,dry,20,1,40,2,27.13,10.38,15,600,19.6,20.4,187.2,270.8,167.0,250.0,61.0,64.0,19.5,34,18.5,35,17.0,32.5,16.0,30.5,10,4,10,6,NW,S,SE,SSE,64.6,85,84,87,80,5836
5,Chinnasalem,ponmani,alluvial,125,62.5,dry,100,5,200,10,135.65,51.9,75,3000,18.1,21.9,185.6,272.4,166.1,250.9,60.2,64.8,18.0,31,15.5,34,15.0,33.0,15.0,31.5,6,6,8,10,E,ENE,NE,NNW,78.6,80,92,88,500,31920
5,Chinnasalem,delux ponni,alluvial,125,62.5,wet,100,5,200,10,135.65,51.9,75,3000,18.1,21.9,185.6,272.4,166.1,250.9,60.2,64.8,18.0,31,15.5,34,15.0,33.0,15.0,31.5,6,6,8,10,E,ENE,NE,NNW,78.6,80,92,88,400,31535
2,Kallakurichi,CO_43,alluvial,50,25.0,dry,40,2,80,4,54.26,20.76,30,1200,18.5,21.5,185.2,272.8,165.3,251.7,60.0,65.0,19.0,33,17.0,32,16.5,31.5,15.5,32.5,8,6,8,6,W,WNW,SE,S,88.5,95,81,84,180,11446
6,Sankarapuram,delux ponni,clay,150,75.0,wet,120,6,240,12,162.78,62.28,90,3600,18.1,21.9,185.6,272.4,166.1,250.9,60.2,64.8,20.5,32,17.5,28,18.0,34.0,16.5,35.0,10,12,10,12,SSE,W,SW,NW,72.7,91,83,81,480,37242
3,Cuddalore,ponmani,alluvial,75,37.5,dry,60,3,120,6,81.39,31.14,45,1800,19.6,20.4,187.2,270.8,167.0,250.0,61.0,64.0,18.5,34,16.0,30,15.5,31.0,16.0,33.0,4,10,8,10,SW,W,NNW,WSW,72.0,78,88,85,300,17826
1,Sankarapuram,delux ponni,alluvial,25,12.5,dry,20,1,40,2,27.13,10.38,15,600,18.1,21.9,185.6,272.4,166.1,250.9,60.2,64.8,20.5,32,17.5,28,18.0,34.0,16.5,35.0,10,12,10,12,SSE,W,SW,NW,72.7,91,83,81,80,5723
4,Sankarapuram,CO_43,alluvial,100,50.0,wet,80,4,160,8,108.52,41.52,60,2400,18.1,21.9,185.6,272.4,166.1,250.9,60.2,64.8,20.5,32,17.5,28,18.0,34.0,16.5,35.0,10,12,10,12,SSE,W,SW,NW,72.7,91,83,81,360,23728
5,Kurinjipadi,ponmani,alluvial,125,62.5,wet,100,5,200,10,135.65,51.9,75,3000,19.6,20.4,187.2,270.8,167.0,250.0,61.0,64.0,19.5,34,18.5,35,17.0,32.5,16.0,30.5,10,4,10,6,NW,S,SE,SSE,64.6,85,84,87,500,31045
3,Cuddalore,delux ponni,alluvial,75,37.5,dry,60,3,120,6,81.39,31.14,45,1800,19.6,20.4,187.2,270.8,167.0,250.0,61.0,64.0,18.5,34,16.0,30,15.5,31.0,16.0,33.0,4,10,8,10,SW,W,NNW,WSW,72.0,78,88,85,240,17748
4,Kurinjipadi,delux ponni,alluvial,100,50.0,wet,80,4,160,8,108.52,41.52,60,2400,19.6,20.4,187.2,270.8,167.0,250.0,61.0,64.0,19.5,34,18.5,35,17.0,32.5,16.0,30.5,10,4,10,6,NW,S,SE,SSE,64.6,85,84,87,320,25120
4,Sankarapuram,delux ponni,clay,100,50.0,wet,80,4,160,8,108.52,41.52,60,2400,18.1,21.9,185.6,272.4,166.1,250.9,60.2,64.8,20.5,32,17.5,28,18.0,34.0,16.5,35.0,10,12,10,12,SSE,W,SW,NW,72.7,91,83,81,320,24836
1,Kallakurichi,ponmani,alluvial,25,12.5,dry,20,1,40,2,27.13,10.38,15,600,18.5,21.5,185.2,272.8,165.3,251.7,60.0,65.0,19.0,33,17.0,32,16.5,31.5,15.5,32.5,8,6,8,6,W,WNW,SE,S,88.5,95,81,84,100,5855
4,Kallakurichi,delux ponni,alluvial,100,50.0,dry,80,4,160,8,108.52,41.52,60,2400,18.5,21.5,185.2,272.8,165.3,251.7,60.0,65.0,19.0,33,17.0,32,16.5,31.5,15.5,32.5,8,6,8,6,W,WNW,SE,S,88.5,95,81,84,320,23544
4,Kallakurichi,delux ponni,clay,100,50.0,wet,80,4,160,8,108.52,41.52,60,2400,18.5,21.5,185.2,272.8,165.3,251.7,60.0,65.0,19.0,33,17.0,32,16.5,31.5,15.5,32.5,8,6,8,6,W,WNW,SE,S,88.5,95,81,84,320,24724
4,Panruti,CO_43,clay,100,50.0,dry,80,4,160,8,108.52,41.52,60,2400,18.5,21.5,185.2,272.8,165.3,251.7,60.0,65.0,20.0,35,18.0,30,17.5,33.5,18.0,33.0,4,12,4,12,ENE,NE,NNE,W,85.0,96,84,79,360,25244
5,Sankarapuram,CO_43,clay,125,62.5,dry,100,5,200,10,135.65,51.9,75,3000,18.1,21.9,185.6,272.4,166.1,250.9,60.2,64.8,20.5,32,17.5,28,18.0,34.0,16.5,35.0,10,12,10,12,SSE,W,SW,NW,72.7,91,83,81,450,31780
1,Cuddalore,delux ponni,clay,25,12.5,wet,20,1,40,2,27.13,10.38,15,600,19.6,20.4,187.2,270.8,167.0,250.0,61.0,64.0,18.5,34,16.0,30,15.5,31.0,16.0,33.0,4,10,8,10,SW,W,NNW,WSW,72.0,78,88,85,80,5873
5,Kurinjipadi,delux ponni,clay,125,62.5,dry,100,5,200,10,135.65,51.9,75,3000,19.6,20.4,187.2,270.8,167.0,250.0,61.0,64.0,19.5,34,18.5,35,17.0,32.5,16.0,30.5,10,4,10,6,NW,S,SE,SSE,64.6,85,84,87,400,31810
5,Kurinjipadi,ponmani,alluvial,125,62.5,dry,100,5,200,10,135.65,51.9,75,3000,19.6,20.4,187.2,270.8,167.0,250.0,61.0,64.0,19.5,34,18.5,35,17.0,32.5,16.0,30.5,10,4,10,6,NW,S,SE,SSE,64.6,85,84,87,500,31135
2,Sankarapuram,ponmani,clay,50,25.0,wet,40,2,80,4,54.26,20.76,30,1200,18.1,21.9,185.6,272.4,166.1,250.9,60.2,64.8,20.5,32,17.5,28,18.0,34.0,16.5,35.0,10,12,10,12,SSE,W,SW,NW,72.7,91,83,81,200,10820
5,Sankarapuram,CO_43,clay,125,62.5,dry,100,5,200,10,135.65,51.9,75,3000,18.1,21.9,185.6,272.4,166.1,250.9,60.2,64.8,20.5,32,17.5,28,18.0,34.0,16.5,35.0,10,12,10,12,SSE,W,SW,NW,72.7,91,83,81,450,31815
4,Cuddalore,ponmani,clay,100,50.0,dry,80,4,160,8,108.52,41.52,60,2400,19.6,20.4,187.2,270.8,167.0,250.0,61.0,64.0,18.5,34,16.0,30,15.5,31.0,16.0,33.0,4,10,8,10,SW,W,NNW,WSW,72.0,78,88,85,400,25672
3,Cuddalore,ponmani,clay,75,37.5,wet,60,3,120,6,81.39,31.14,45,1800,19.6,20.4,187.2,270.8,167.0,250.0,61.0,64.0,18.5,34,16.0,30,15.5,31.0,16.0,33.0,4,10,8,10,SW,W,NNW,WSW,72.0,78,88,85,300,17508
3,Kallakurichi,ponmani,alluvial,75,37.5,dry,60,3,120,6,81.39,31.14,45,1800,18.5,21.5,185.2,272.8,165.3,251.7,60.0,65.0,19.0,33,17.0,32,16.5,31.5,15.5,32.5,8,6,8,6,W,WNW,SE,S,88.5,95,81,84,300,17748
3,Panruti,ponmani,clay,75,37.5,dry,60,3,120,6,81.39,31.14,45,1800,18.5,21.5,185.2,272.8,165.3,251.7,60.0,65.0,20.0,35,18.0,30,17.5,33.5,18.0,33.0,4,12,4,12,ENE,NE,NNE,W,85.0,96,84,79,300,17748
5,Kallakurichi,ponmani,alluvial,125,62.5,dry,100,5,200,10,135.65,51.9,75,3000,18.5,21.5,185.2,272.8,165.3,251.7,60.0,65.0,19.0,33,17.0,32,16.5,31.5,15.5,32.5,8,6,8,6,W,WNW,SE,S,88.5,95,81,84,500,32155
3,Cuddalore,delux ponni,clay,75,37.5,wet,60,3,120,6,81.39,31.14,45,1800,19.6,20.4,187.2,270.8,167.0,250.0,61.0,64.0,18.5,34,16.0,30,15.5,31.0,16.0,33.0,4,10,8,10,SW,W,NNW,WSW,72.0,78,88,85,240,17589
1,Chinnasalem,ponmani,clay,25,12.5,wet,20,1,40,2,27.13,10.38,15,600,18.1,21.9,185.6,272.4,166.1,250.9,60.2,64.8,18.0,31,15.5,34,15.0,33.0,15.0,31.5,6,6,8,10,E,ENE,NE,NNW,78.6,80,92,88,100,5916
4,Cuddalore,ponmani,alluvial,100,50.0,wet,80,4,160,8,108.52,41.52,60,2400,19.6,20.4,187.2,270.8,167.0,250.0,61.0,64.0,18.5,34,16.0,30,15.5,31.0,16.0,33.0,4,10,8,10,SW,W,NNW,WSW,72.0,78,88,85,400,24644
5,Sankarapuram,delux ponni,alluvial,125,62.5,wet,100,5,200,10,135.65,51.9,75,3000,18.1,21.9,185.6,272.4,166.1,250.9,60.2,64.8,20.5,32,17.5,28,18.0,34.0,16.5,35.0,10,12,10,12,SSE,W,SW,NW,72.7,91,83,81,400,31605
4,Kurinjipadi,delux ponni,clay,100,50.0,dry,80,4,160,8,108.52,41.52,60,2400,19.6,20.4,187.2,270.8,167.0,250.0,61.0,64.0,19.5,34,18.5,35,17.0,32.5,16.0,30.5,10,4,10,6,NW,S,SE,SSE,64.6,85,84,87,320,25640
2,Kurinjipadi,ponmani,alluvial,50,25.0,dry,40,2,80,4,54.26,20.76,30,1200,19.6,20.4,187.2,270.8,167.0,250.0,61.0,64.0,19.5,34,18.5,35,17.0,32.5,16.0,30.5,10,4,10,6,NW,S,SE,SSE,64.6,85,84,87,200,11054
2,Kurinjipadi,CO_43,alluvial,50,25.0,dry,40,2,80,4,54.26,20.76,30,1200,19.6,20.4,187.2,270.8,167.0,250.0,61.0,64.0,19.5,34,18.5,35,17.0,32.5,16.0,30.5,10,4,10,6,NW,S,SE,SSE,64.6,85,84,87,180,11746
2,Chinnasalem,ponmani,alluvial,50,25.0,wet,40,2,80,4,54.26,20.76,30,1200,18.1,21.9,185.6,272.4,166.1,250.9,60.2,64.8,18.0,31,15.5,34,15.0,33.0,15.0,31.5,6,6,8,10,E,ENE,NE,NNW,78.6,80,92,88,200,11746
5,Sankarapuram,CO_43,alluvial,125,62.5,wet,100,5,200,10,135.65,51.9,75,3000,18.1,21.9,185.6,272.4,166.1,250.9,60.2,64.8,20.5,32,17.5,28,18.0,34.0,16.5,35.0,10,12,10,12,SSE,W,SW,NW,72.7,91,83,81,450,29415
5,Chinnasalem,delux ponni,alluvial,125,62.5,dry,100,5,200,10,135.65,51.9,75,3000,18.1,21.9,185.6,272.4,166.1,250.9,60.2,64.8,18.0,31,15.5,34,15.0,33.0,15.0,31.5,6,6,8,10,E,ENE,NE,NNW,78.6,80,92,88,400,31815
2,Cuddalore,CO_43,alluvial,50,25.0,wet,40,2,80,4,54.26,20.76,30,1200,19.6,20.4,187.2,270.8,167.0,250.0,61.0,64.0,18.5,34,16.0,30,15.5,31.0,16.0,33.0,4,10,8,10,SW,W,NNW,WSW,72.0,78,88,85,180,11932
5,Kallakurichi,ponmani,clay,125,62.5,dry,100,5,200,10,135.65,51.9,75,3000,18.5,21.5,185.2,272.8,165.3,251.7,60.0,65.0,19.0,33,17.0,32,16.5,31.5,15.5,32.5,8,6,8,6,W,WNW,SE,S,88.5,95,81,84,500,30805
3,Panruti,delux ponni,clay,75,37.5,wet,60,3,120,6,81.39,31.14,45,1800,18.5,21.5,185.2,272.8,165.3,251.7,60.0,65.0,20.0,35,18.0,30,17.5,33.5,18.0,33.0,4,12,4,12,ENE,NE,NNE,W,85.0,96,84,79,240,17169
1,Panruti,CO_43,alluvial,25,12.5,dry,20,1,40,2,27.13,10.38,15,600,18.5,21.5,185.2,272.8,165.3,251.7,60.0,65.0,20.0,35,18.0,30,17.5,33.5,18.0,33.0,4,12,4,12,ENE,NE,NNE,W,85.0,96,84,79,90,5916
5,Panruti,CO_43,alluvial,125,62.5,wet,100,5,200,10,135.65,51.9,75,3000,18.5,21.5,185.2,272.8,165.3,251.7,60.0,65.0,20.0,35,18.0,30,17.5,33.5,18.0,33.0,4,12,4,12,ENE,NE,NNE,W,85.0,96,84,79,450,31400
6,Kallakurichi,CO_43,clay,150,75.0,dry,120,6,240,12,162.78,62.28,90,3600,18.5,21.5,185.2,272.8,165.3,251.7,60.0,65.0,19.0,33,17.0,32,16.5,31.5,15.5,32.5,8,6,8,6,W,WNW,SE,S,88.5,95,81,84,540,35016
5,Kurinjipadi,delux ponni,clay,125,62.5,wet,100,5,200,10,135.65,51.9,75,3000,19.6,20.4,187.2,270.8,167.0,250.0,61.0,64.0,19.5,34,18.5,35,17.0,32.5,16.0,30.5,10,4,10,6,NW,S,SE,SSE,64.6,85,84,87,400,31555
4,Cuddalore,ponmani,clay,100,50.0,wet,80,4,160,8,108.52,41.52,60,2400,19.6,20.4,187.2,270.8,167.0,250.0,61.0,64.0,18.5,34,16.0,30,15.5,31.0,16.0,33.0,4,10,8,10,SW,W,NNW,WSW,72.0,78,88,85,400,24644
4,Cuddalore,CO_43,alluvial,100,50.0,dry,80,4,160,8,108.52,41.52,60,2400,19.6,20.4,187.2,270.8,167.0,250.0,61.0,64.0,18.5,34,16.0,30,15.5,31.0,16.0,33.0,4,10,8,10,SW,W,NNW,WSW,72.0,78,88,85,360,25228
3,Sankarapuram,ponmani,clay,75,37.5,dry,60,3,120,6,81.39,31.14,45,1800,18.1,21.9,185.6,272.4,166.1,250.9,60.2,64.8,20.5,32,17.5,28,18.0,34.0,16.5,35.0,10,12,10,12,SSE,W,SW,NW,72.7,91,83,81,300,17508
3,Kallakurichi,delux ponni,alluvial,75,37.5,dry,60,3,120,6,81.39,31.14,45,1800,18.5,21.5,185.2,272.8,165.3,251.7,60.0,65.0,19.0,33,17.0,32,16.5,31.5,15.5,32.5,8,6,8,6,W,WNW,SE,S,88.5,95,81,84,240,17169
4,Kurinjipadi,ponmani,clay,100,50.0,wet,80,4,160,8,108.52,41.52,60,2400,19.6,20.4,187.2,270.8,167.0,250.0,61.0,64.0,19.5,34,18.5,35,17.0,32.5,16.0,30.5,10,4,10,6,NW,S,SE,SSE,64.6,85,84,87,400,25244
1,Kallakurichi,ponmani,alluvial,25,12.5,dry,20,1,40,2,27.13,10.38,15,600,18.5,21.5,185.2,272.8,165.3,251.7,60.0,65.0,19.0,33,17.0,32,16.5,31.5,15.5,32.5,8,6,8,6,W,WNW,SE,S,88.5,95,81,84,100,5836
5,Panruti,ponmani,clay,125,62.5,dry,100,5,200,10,135.65,51.9,75,3000,18.5,21.5,185.2,272.8,165.3,251.7,60.0,65.0,20.0,35,18.0,30,17.5,33.5,18.0,33.0,4,12,4,12,ENE,NE,NNE,W,85.0,96,84,79,500,31400
3,Chinnasalem,ponmani,alluvial,75,37.5,wet,60,3,120,6,81.39,31.14,45,1800,18.1,21.9,185.6,272.4,166.1,250.9,60.2,64.8,18.0,31,15.5,34,15.0,33.0,15.0,31.5,6,6,8,10,E,ENE,NE,NNW,78.6,80,92,88,300,17724
2,Cuddalore,ponmani,clay,50,25.0,wet,40,2,80,4,54.26,20.76,30,1200,19.6,20.4,187.2,270.8,167.0,250.0,61.0,64.0,18.5,34,16.0,30,15.5,31.0,16.0,33.0,4,10,8,10,SW,W,NNW,WSW,72.0,78,88,85,200,11660
3,Chinnasalem,ponmani,alluvial,75,37.5,dry,60,3,120,6,81.39,31.14,45,1800,18.1,21.9,185.6,272.4,166.1,250.9,60.2,64.8,18.0,31,15.5,34,15.0,33.0,15.0,31.5,6,6,8,10,E,ENE,NE,NNW,78.6,80,92,88,300,17619
3,Cuddalore,CO_43,alluvial,75,37.5,dry,60,3,120,6,81.39,31.14,45,1800,19.6,20.4,187.2,270.8,167.0,250.0,61.0,64.0,18.5,34,16.0,30,15.5,31.0,16.0,33.0,4,10,8,10,SW,W,NNW,WSW,72.0,78,88,85,270,17619
4,Kurinjipadi,ponmani,clay,100,50.0,wet,80,4,160,8,108.52,41.52,60,2400,19.6,20.4,187.2,270.8,167.0,250.0,61.0,64.0,19.5,34,18.5,35,17.0,32.5,16.0,30.5,10,4,10,6,NW,S,SE,SSE,64.6,85,84,87,400,24228
3,Chinnasalem,delux ponni,alluvial,75,37.5,wet,60,3,120,6,81.39,31.14,45,1800,18.1,21.9,185.6,272.4,166.1,250.9,60.2,64.8,18.0,31,15.5,34,15.0,33.0,15.0,31.5,6,6,8,10,E,ENE,NE,NNW,78.6,80,92,88,240,17169
5,Sankarapuram,CO_43,clay,125,62.5,dry,100,5,200,10,135.65,51.9,75,3000,18.1,21.9,185.6,272.4,166.1,250.9,60.2,64.8,20.5,32,17.5,28,18.0,34.0,16.5,35.0,10,12,10,12,SSE,W,SW,NW,72.7,91,83,81,450,30575
5,Sankarapuram,delux ponni,alluvial,125,62.5,wet,100,5,200,10,135.65,51.9,75,3000,18.1,21.9,185.6,272.4,166.1,250.9,60.2,64.8,20.5,32,17.5,28,18.0,34.0,16.5,35.0,10,12,10,12,SSE,W,SW,NW,72.7,91,83,81,400,30965
4,Chinnasalem,CO_43,alluvial,100,50.0,dry,80,4,160,8,108.52,41.52,60,2400,18.1,21.9,185.6,272.4,166.1,250.9,60.2,64.8,18.0,31,15.5,34,15.0,33.0,15.0,31.5,6,6,8,10,E,ENE,NE,NNW,78.6,80,92,88,360,24284
4,Kallakurichi,delux ponni,clay,100,50.0,wet,80,4,160,8,108.52,41.52,60,2400,18.5,21.5,185.2,272.8,165.3,251.7,60.0,65.0,19.0,33,17.0,32,16.5,31.5,15.5,32.5,8,6,8,6,W,WNW,SE,S,88.5,95,81,84,320,24080
3,Kallakurichi,CO_43,clay,75,37.5,wet,60,3,120,6,81.39,31.14,45,1800,18.5,21.5,185.2,272.8,165.3,251.7,60.0,65.0,19.0,33,17.0,32,16.5,31.5,15.5,32.5,8,6,8,6,W,WNW,SE,S,88.5,95,81,84,270,17619
5,Kallakurichi,ponmani,alluvial,125,62.5,dry,100,5,200,10,135.65,51.9,75,3000,18.5,21.5,185.2,272.8,165.3,251.7,60.0,65.0,19.0,33,17.0,32,16.5,31.5,15.5,32.5,8,6,8,6,W,WNW,SE,S,88.5,95,81,84,500,30250
5,Sankarapuram,delux ponni,alluvial,125,62.5,dry,100,5,200,10,135.65,51.9,75,3000,18.1,21.9,185.6,272.4,166.1,250.9,60.2,64.8,20.5,32,17.5,28,18.0,34.0,16.5,35.0,10,12,10,12,SSE,W,SW,NW,72.7,91,83,81,400,30575
1,Cuddalore,delux ponni,alluvial,25,12.5,dry,20,1,40,2,27.13,10.38,15,600,19.6,20.4,187.2,270.8,167.0,250.0,61.0,64.0,18.5,34,16.0,30,15.5,31.0,16.0,33.0,4,10,8,10,SW,W,NNW,WSW,72.0,78,88,85,80,5873
5,Kallakurichi,ponmani,alluvial,125,62.5,dry,100,5,200,10,135.65,51.9,75,3000,18.5,21.5,185.2,272.8,165.3,251.7,60.0,65.0,19.0,33,17.0,32,16.5,31.5,15.5,32.5,8,6,8,6,W,WNW,SE,S,88.5,95,81,84,500,31135
5,Kurinjipadi,delux ponni,alluvial,125,62.5,dry,100,5,200,10,135.65,51.9,75,3000,19.6,20.4,187.2,270.8,167.0,250.0,61.0,64.0,19.5,34,18.5,35,17.0,32.5,16.0,30.5,10,4,10,6,NW,S,SE,SSE,64.6,85,84,87,400,32050
5,Cuddalore,ponmani,clay,125,62.5,dry,100,5,200,10,135.65,51.9,75,3000,19.6,20.4,187.2,270.8,167.0,250.0,61.0,64.0,18.5,34,16.0,30,15.5,31.0,16.0,33.0,4,10,8,10,SW,W,NNW,WSW,72.0,78,88,85,500,27460
5,Cuddalore,ponmani,alluvial,125,62.5,wet,100,5,200,10,135.65,51.9,75,3000,19.6,20.4,187.2,270.8,167.0,250.0,61.0,64.0,18.5,34,16.0,30,15.5,31.0,16.0,33.0,4,10,8,10,SW,W,NNW,WSW,72.0,78,88,85,500,31555
3,Cuddalore,ponmani,alluvial,75,37.5,wet,60,3,120,6,81.39,31.14,45,1800,19.6,20.4,187.2,270.8,167.0,250.0,61.0,64.0,18.5,34,16.0,30,15.5,31.0,16.0,33.0,4,10,8,10,SW,W,NNW,WSW,72.0,78,88,85,300,16230
5,Sankarapuram,delux ponni,alluvial,125,62.5,dry,100,5,200,10,135.65,51.9,75,3000,18.1,21.9,185.6,272.4,166.1,250.9,60.2,64.8,20.5,32,17.5,28,18.0,34.0,16.5,35.0,10,12,10,12,SSE,W,SW,NW,72.7,91,83,81,400,30575
4,Sankarapuram,ponmani,clay,100,50.0,dry,80,4,160,8,108.52,41.52,60,2400,18.1,21.9,185.6,272.4,166.1,250.9,60.2,64.8,20.5,32,17.5,28,18.0,34.0,16.5,35.0,10,12,10,12,SSE,W,SW,NW,72.7,91,83,81,400,25120
5,Cuddalore,CO_43,alluvial,125,62.5,wet,100,5,200,10,135.65,51.9,75,3000,19.6,20.4,187.2,270.8,167.0,250.0,61.0,64.0,18.5,34,16.0,30,15.5,31.0,16.0,33.0,4,10,8,10,SW,W,NNW,WSW,72.0,78,88,85,450,31135
5,Cuddalore,CO_43,alluvial,125,62.5,wet,100,5,200,10,135.65,51.9,75,3000,19.6,20.4,187.2,270.8,167.0,250.0,61.0,64.0,18.5,34,16.0,30,15.5,31.0,16.0,33.0,4,10,8,10,SW,W,NNW,WSW,72.0,78,88,85,450,31555
4,Chinnasalem,CO_43,clay,100,50.0,dry,80,4,160,8,108.52,41.52,60,2400,18.1,21.9,185.6,272.4,166.1,250.9,60.2,64.8,18.0,31,15.5,34,15.0,33.0,15.0,31.5,6,6,8,10,E,ENE,NE,NNW,78.6,80,92,88,360,24488
4,Panruti,CO_43,clay,100,50.0,dry,80,4,160,8,108.52,41.52,60,2400,18.5,21.5,185.2,272.8,165.3,251.7,60.0,65.0,20.0,35,18.0,30,17.5,33.5,18.0,33.0,4,12,4,12,ENE,NE,NNE,W,85.0,96,84,79,360,25452
5,Chinnasalem,ponmani,alluvial,125,62.5,wet,100,5,200,10,135.65,51.9,75,3000,18.1,21.9,185.6,272.4,166.1,250.9,60.2,64.8,18.0,31,15.5,34,15.0,33.0,15.0,31.5,6,6,8,10,E,ENE,NE,NNW,78.6,80,92,88,500,30250
5,Kallakurichi,delux ponni,alluvial,125,62.5,dry,100,5,200,10,135.65,51.9,75,3000,18.5,21.5,185.2,272.8,165.3,251.7,60.0,65.0,19.0,33,17.0,32,16.5,31.5,15.5,32.5,8,6,8,6,W,WNW,SE,S,88.5,95,81,84,400,32345
4,Panruti,CO_43,alluvial,100,50.0,dry,80,4,160,8,108.52,41.52,60,2400,18.5,21.5,185.2,272.8,165.3,251.7,60.0,65.0,20.0,35,18.0,30,17.5,33.5,18.0,33.0,4,12,4,12,ENE,NE,NNE,W,85.0,96,84,79,360,22892
3,Kurinjipadi,delux ponni,clay,75,37.5,dry,60,3,120,6,81.39,31.14,45,1800,19.6,20.4,187.2,270.8,167.0,250.0,61.0,64.0,19.5,34,18.5,35,17.0,32.5,16.0,30.5,10,4,10,6,NW,S,SE,SSE,64.6,85,84,87,240,16476
4,Cuddalore,CO_43,clay,100,50.0,wet,80,4,160,8,108.52,41.52,60,2400,19.6,20.4,187.2,270.8,167.0,250.0,61.0,64.0,18.5,34,16.0,30,15.5,31.0,16.0,33.0,4,10,8,10,SW,W,NNW,WSW,72.0,78,88,85,360,24460
5,Kurinjipadi,ponmani,alluvial,125,62.5,wet,100,5,200,10,135.65,51.9,75,3000,19.6,20.4,187.2,270.8,167.0,250.0,61.0,64.0,19.5,34,18.5,35,17.0,32.5,16.0,30.5,10,4,10,6,NW,S,SE,SSE,64.6,85,84,87,500,30805
4,Sankarapuram,CO_43,clay,100,50.0,dry,80,4,160,8,108.52,41.52,60,2400,18.1,21.9,185.6,272.4,166.1,250.9,60.2,64.8,20.5,32,17.5,28,18.0,34.0,16.5,35.0,10,12,10,12,SSE,W,SW,NW,72.7,91,83,81,360,25536
5,Cuddalore,ponmani,alluvial,125,62.5,dry,100,5,200,10,135.65,51.9,75,3000,19.6,20.4,187.2,270.8,167.0,250.0,61.0,64.0,18.5,34,16.0,30,15.5,31.0,16.0,33.0,4,10,8,10,SW,W,NNW,WSW,72.0,78,88,85,500,31035
4,Kallakurichi,ponmani,clay,100,50.0,wet,80,4,160,8,108.52,41.52,60,2400,18.5,21.5,185.2,272.8,165.3,251.7,60.0,65.0,19.0,33,17.0,32,16.5,31.5,15.5,32.5,8,6,8,6,W,WNW,SE,S,88.5,95,81,84,400,24852
4,Sankarapuram,CO_43,clay,100,50.0,dry,80,4,160,8,108.52,41.52,60,2400,18.1,21.9,185.6,272.4,166.1,250.9,60.2,64.8,20.5,32,17.5,28,18.0,34.0,16.5,35.0,10,12,10,12,SSE,W,SW,NW,72.7,91,83,81,360,22476
5,Sankarapuram,delux ponni,alluvial,125,62.5,dry,100,5,200,10,135.65,51.9,75,3000,18.1,21.9,185.6,272.4,166.1,250.9,60.2,64.8,20.5,32,17.5,28,18.0,34.0,16.5,35.0,10,12,10,12,SSE,W,SW,NW,72.7,91,83,81,400,30885
5,Kallakurichi,ponmani,clay,125,62.5,wet,100,5,200,10,135.65,51.9,75,3000,18.5,21.5,185.2,272.8,165.3,251.7,60.0,65.0,19.0,33,17.0,32,16.5,31.5,15.5,32.5,8,6,8,6,W,WNW,SE,S,88.5,95,81,84,500,30575
2,Sankarapuram,ponmani,alluvial,50,25.0,dry,40,2,80,4,54.26,20.76,30,1200,18.1,21.9,185.6,272.4,166.1,250.9,60.2,64.8,20.5,32,17.5,28,18.0,34.0,16.5,35.0,10,12,10,12,SSE,W,SW,NW,72.7,91,83,81,200,11832
5,Sankarapuram,delux ponni,alluvial,125,62.5,wet,100,5,200,10,135.65,51.9,75,3000,18.1,21.9,185.6,272.4,166.1,250.9,60.2,64.8,20.5,32,17.5,28,18.0,34.0,16.5,35.0,10,12,10,12,SSE,W,SW,NW,72.7,91,83,81,400,31555
5,Chinnasalem,delux ponni,alluvial,125,62.5,dry,100,5,200,10,135.65,51.9,75,3000,18.1,21.9,185.6,272.4,166.1,250.9,60.2,64.8,18.0,31,15.5,34,15.0,33.0,15.0,31.5,6,6,8,10,E,ENE,NE,NNW,78.6,80,92,88,400,30945
5,Panruti,delux ponni,clay,125,62.5,dry,100,5,200,10,135.65,51.9,75,3000,18.5,21.5,185.2,272.8,165.3,251.7,60.0,65.0,20.0,35,18.0,30,17.5,33.5,18.0,33.0,4,12,4,12,ENE,NE,NNE,W,85.0,96,84,79,400,31555
4,Chinnasalem,ponmani,clay,100,50.0,dry,80,4,160,8,108.52,41.52,60,2400,18.1,21.9,185.6,272.4,166.1,250.9,60.2,64.8,18.0,31,15.5,34,15.0,33.0,15.0,31.5,6,6,8,10,E,ENE,NE,NNW,78.6,80,92,88,400,24200
5,Chinnasalem,ponmani,clay,125,62.5,wet,100,5,200,10,135.65,51.9,75,3000,18.1,21.9,185.6,272.4,166.1,250.9,60.2,64.8,18.0,31,15.5,34,15.0,33.0,15.0,31.5,6,6,8,10,E,ENE,NE,NNW,78.6,80,92,88,500,29180
2,Kurinjipadi,delux ponni,clay,50,25.0,wet,40,2,80,4,54.26,20.76,30,1200,19.6,20.4,187.2,270.8,167.0,250.0,61.0,64.0,19.5,34,18.5,35,17.0,32.5,16.0,30.5,10,4,10,6,NW,S,SE,SSE,64.6,85,84,87,160,10984
6,Chinnasalem,ponmani,clay,150,75.0,wet,120,6,240,12,162.78,62.28,90,3600,18.1,21.9,185.6,272.4,166.1,250.9,60.2,64.8,18.0,31,15.5,34,15.0,33.0,15.0,31.5,6,6,8,10,E,ENE,NE,NNW,78.6,80,92,88,600,36426
6,Panruti,delux ponni,clay,150,75.0,dry,120,6,240,12,162.78,62.28,90,3600,18.5,21.5,185.2,272.8,165.3,251.7,60.0,65.0,20.0,35,18.0,30,17.5,33.5,18.0,33.0,4,12,4,12,ENE,NE,NNE,W,85.0,96,84,79,480,38172
5,Sankarapuram,delux ponni,alluvial,125,62.5,wet,100,5,200,10,135.65,51.9,75,3000,18.1,21.9,185.6,272.4,166.1,250.9,60.2,64.8,20.5,32,17.5,28,18.0,34.0,16.5,35.0,10,12,10,12,SSE,W,SW,NW,72.7,91,83,81,400,31780
5,Chinnasalem,ponmani,clay,125,62.5,wet,100,5,200,10,135.65,51.9,75,3000,18.1,21.9,185.6,272.4,166.1,250.9,60.2,64.8,18.0,31,15.5,34,15.0,33.0,15.0,31.5,6,6,8,10,E,ENE,NE,NNW,78.6,80,92,88,500,30545
5,Kurinjipadi,ponmani,clay,125,62.5,wet,100,5,200,10,135.65,51.9,75,3000,19.6,20.4,187.2,270.8,167.0,250.0,61.0,64.0,19.5,34,18.5,35,17.0,32.5,16.0,30.5,10,4,10,6,NW,S,SE,SSE,64.6,85,84,87,500,31400
3,Sankarapuram,delux ponni,alluvial,75,37.5,dry,60,3,120,6,81.39,31.14,45,1800,18.1,21.9,185.6,272.4,166.1,250.9,60.2,64.8,20.5,32,17.5,28,18.0,34.0,16.5,35.0,10,12,10,12,SSE,W,SW,NW,72.7,91,83,81,240,17208
3,Sankarapuram,CO_43,clay,75,37.5,dry,60,3,120,6,81.39,31.14,45,1800,18.1,21.9,185.6,272.4,166.1,250.9,60.2,64.8,20.5,32,17.5,28,18.0,34.0,16.5,35.0,10,12,10,12,SSE,W,SW,NW,72.7,91,83,81,270,16230
5,Chinnasalem,CO_43,clay,125,62.5,wet,100,5,200,10,135.65,51.9,75,3000,18.1,21.9,185.6,272.4,166.1,250.9,60.2,64.8,18.0,31,15.5,34,15.0,33.0,15.0,31.5,6,6,8,10,E,ENE,NE,NNW,78.6,80,92,88,450,31045
4,Cuddalore,delux ponni,clay,100,50.0,dry,80,4,160,8,108.52,41.52,60,2400,19.6,20.4,187.2,270.8,167.0,250.0,61.0,64.0,18.5,34,16.0,30,15.5,31.0,16.0,33.0,4,10,8,10,SW,W,NNW,WSW,72.0,78,88,85,320,25284
5,Panruti,delux ponni,clay,125,62.5,wet,100,5,200,10,135.65,51.9,75,3000,18.5,21.5,185.2,272.8,165.3,251.7,60.0,65.0,20.0,35,18.0,30,17.5,33.5,18.0,33.0,4,12,4,12,ENE,NE,NNE,W,85.0,96,84,79,400,32345
2,Chinnasalem,delux ponni,alluvial,50,25.0,wet,40,2,80,4,54.26,20.76,30,1200,18.1,21.9,185.6,272.4,166.1,250.9,60.2,64.8,18.0,31,15.5,34,15.0,33.0,15.0,31.5,6,6,8,10,E,ENE,NE,NNW,78.6,80,92,88,160,11040
5,Panruti,CO_43,alluvial,125,62.5,wet,100,5,200,10,135.65,51.9,75,3000,18.5,21.5,185.2,272.8,165.3,251.7,60.0,65.0,20.0,35,18.0,30,17.5,33.5,18.0,33.0,4,12,4,12,ENE,NE,NNE,W,85.0,96,84,79,450,31555
3,Sankarapuram,delux ponni,clay,75,37.5,dry,60,3,120,6,81.39,31.14,45,1800,18.1,21.9,185.6,272.4,166.1,250.9,60.2,64.8,20.5,32,17.5,28,18.0,34.0,16.5,35.0,10,12,10,12,SSE,W,SW,NW,72.7,91,83,81,240,17508
4,Cuddalore,delux ponni,clay,100,50.0,wet,80,4,160,8,108.52,41.52,60,2400,19.6,20.4,187.2,270.8,167.0,250.0,61.0,64.0,18.5,34,16.0,30,15.5,31.0,16.0,33.0,4,10,8,10,SW,W,NNW,WSW,72.0,78,88,85,320,21640
4,Sankarapuram,CO_43,clay,100,50.0,dry,80,4,160,8,108.52,41.52,60,2400,18.1,21.9,185.6,272.4,166.1,250.9,60.2,64.8,20.5,32,17.5,28,18.0,34.0,16.5,35.0,10,12,10,12,SSE,W,SW,NW,72.7,91,83,81,360,23344
2,Sankarapuram,ponmani,alluvial,50,25.0,wet,40,2,80,4,54.26,20.76,30,1200,18.1,21.9,185.6,272.4,166.1,250.9,60.2,64.8,20.5,32,17.5,28,18.0,34.0,16.5,35.0,10,12,10,12,SSE,W,SW,NW,72.7,91,83,81,200,11672
5,Cuddalore,delux ponni,clay,125,62.5,wet,100,5,200,10,135.65,51.9,75,3000,19.6,20.4,187.2,270.8,167.0,250.0,61.0,64.0,18.5,34,16.0,30,15.5,31.0,16.0,33.0,4,10,8,10,SW,W,NNW,WSW,72.0,78,88,85,400,31555
5,Chinnasalem,ponmani,clay,125,62.5,wet,100,5,200,10,135.65,51.9,75,3000,18.1,21.9,185.6,272.4,166.1,250.9,60.2,64.8,18.0,31,15.5,34,15.0,33.0,15.0,31.5,6,6,8,10,E,ENE,NE,NNW,78.6,80,92,88,500,30575
1,Panruti,ponmani,clay,25,12.5,dry,20,1,40,2,27.13,10.38,15,600,18.5,21.5,185.2,272.8,165.3,251.7,60.0,65.0,20.0,35,18.0,30,17.5,33.5,18.0,33.0,4,12,4,12,ENE,NE,NNE,W,85.0,96,84,79,100,5612
2,Panruti,ponmani,clay,50,25.0,dry,40,2,80,4,54.26,20.76,30,1200,18.5,21.5,185.2,272.8,165.3,251.7,60.0,65.0,20.0,35,18.0,30,17.5,33.5,18.0,33.0,4,12,4,12,ENE,NE,NNE,W,85.0,96,84,79,200,11050
5,Kurinjipadi,CO_43,clay,125,62.5,dry,100,5,200,10,135.65,51.9,75,3000,19.6,20.4,187.2,270.8,167.0,250.0,61.0,64.0,19.5,34,18.5,35,17.0,32.5,16.0,30.5,10,4,10,6,NW,S,SE,SSE,64.6,85,84,87,450,30805
5,Cuddalore,delux ponni,alluvial,125,62.5,dry,100,5,200,10,135.65,51.9,75,3000,19.6,20.4,187.2,270.8,167.0,250.0,61.0,64.0,18.5,34,16.0,30,15.5,31.0,16.0,33.0,4,10,8,10,SW,W,NNW,WSW,72.0,78,88,85,400,31035
4,Sankarapuram,delux ponni,clay,100,50.0,wet,80,4,160,8,108.52,41.52,60,2400,18.1,21.9,185.6,272.4,166.1,250.9,60.2,64.8,20.5,32,17.5,28,18.0,34.0,16.5,35.0,10,12,10,12,SSE,W,SW,NW,72.7,91,83,81,320,24708
5,Cuddalore,delux ponni,alluvial,125,62.5,wet,100,5,200,10,135.65,51.9,75,3000,19.6,20.4,187.2,270.8,167.0,250.0,61.0,64.0,18.5,34,16.0,30,15.5,31.0,16.0,33.0,4,10,8,10,SW,W,NNW,WSW,72.0,78,88,85,400,31135
5,Sankarapuram,delux ponni,alluvial,125,62.5,dry,100,5,200,10,135.65,51.9,75,3000,18.1,21.9,185.6,272.4,166.1,250.9,60.2,64.8,20.5,32,17.5,28,18.0,34.0,16.5,35.0,10,12,10,12,SSE,W,SW,NW,72.7,91,83,81,400,31555
4,Panruti,ponmani,clay,100,50.0,wet,80,4,160,8,108.52,41.52,60,2400,18.5,21.5,185.2,272.8,165.3,251.7,60.0,65.0,20.0,35,18.0,30,17.5,33.5,18.0,33.0,4,12,4,12,ENE,NE,NNE,W,85.0,96,84,79,400,24836
6,Sankarapuram,ponmani,alluvial,150,75.0,wet,120,6,240,12,162.78,62.28,90,3600,18.1,21.9,185.6,272.4,166.1,250.9,60.2,64.8,20.5,32,17.5,28,18.0,34.0,16.5,35.0,10,12,10,12,SSE,W,SW,NW,72.7,91,83,81,600,35178
5,Chinnasalem,ponmani,alluvial,125,62.5,dry,100,5,200,10,135.65,51.9,75,3000,18.1,21.9,185.6,272.4,166.1,250.9,60.2,64.8,18.0,31,15.5,34,15.0,33.0,15.0,31.5,6,6,8,10,E,ENE,NE,NNW,78.6,80,92,88,500,30755
3,Chinnasalem,CO_43,alluvial,75,37.5,dry,60,3,120,6,81.39,31.14,45,1800,18.1,21.9,185.6,272.4,166.1,250.9,60.2,64.8,18.0,31,15.5,34,15.0,33.0,15.0,31.5,6,6,8,10,E,ENE,NE,NNW,78.6,80,92,88,270,16230
3,Panruti,ponmani,clay,75,37.5,wet,60,3,120,6,81.39,31.14,45,1800,18.5,21.5,185.2,272.8,165.3,251.7,60.0,65.0,20.0,35,18.0,30,17.5,33.5,18.0,33.0,4,12,4,12,ENE,NE,NNE,W,85.0,96,84,79,300,16230
4,Kurinjipadi,CO_43,alluvial,100,50.0,wet,80,4,160,8,108.52,41.52,60,2400,19.6,20.4,187.2,270.8,167.0,250.0,61.0,64.0,19.5,34,18.5,35,17.0,32.5,16.0,30.5,10,4,10,6,NW,S,SE,SSE,64.6,85,84,87,360,25228
3,Sankarapuram,delux ponni,clay,75,37.5,dry,60,3,120,6,81.39,31.14,45,1800,18.1,21.9,185.6,272.4,166.1,250.9,60.2,64.8,20.5,32,17.5,28,18.0,34.0,16.5,35.0,10,12,10,12,SSE,W,SW,NW,72.7,91,83,81,240,16389
5,Panruti,CO_43,clay,125,62.5,dry,100,5,200,10,135.65,51.9,75,3000,18.5,21.5,185.2,272.8,165.3,251.7,60.0,65.0,20.0,35,18.0,30,17.5,33.5,18.0,33.0,4,12,4,12,ENE,NE,NNE,W,85.0,96,84,79,450,30250
3,Chinnasalem,CO_43,clay,75,37.5,dry,60,3,120,6,81.39,31.14,45,1800,18.1,21.9,185.6,272.4,166.1,250.9,60.2,64.8,18.0,31,15.5,34,15.0,33.0,15.0,31.5,6,6,8,10,E,ENE,NE,NNW,78.6,80,92,88,270,17169
5,Kurinjipadi,delux ponni,alluvial,125,62.5,dry,100,5,200,10,135.65,51.9,75,3000,19.6,20.4,187.2,270.8,167.0,250.0,61.0,64.0,19.5,34,18.5,35,17.0,32.5,16.0,30.5,10,4,10,6,NW,S,SE,SSE,64.6,85,84,87,400,30575
2,Cuddalore,delux ponni,clay,50,25.0,dry,40,2,80,4,54.26,20.76,30,1200,19.6,20.4,187.2,270.8,167.0,250.0,61.0,64.0,18.5,34,16.0,30,15.5,31.0,16.0,33.0,4,10,8,10,SW,W,NNW,WSW,72.0,78,88,85,160,10906
5,Kurinjipadi,CO_43,clay,125,62.5,dry,100,5,200,10,135.65,51.9,75,3000,19.6,20.4,187.2,270.8,167.0,250.0,61.0,64.0,19.5,34,18.5,35,17.0,32.5,16.0,30.5,10,4,10,6,NW,S,SE,SSE,64.6,85,84,87,450,32345
2,Panruti,CO_43,clay,50,25.0,wet,40,2,80,4,54.26,20.76,30,1200,18.5,21.5,185.2,272.8,165.3,251.7,60.0,65.0,20.0,35,18.0,30,17.5,33.5,18.0,33.0,4,12,4,12,ENE,NE,NNE,W,85.0,96,84,79,180,11254
5,Kurinjipadi,CO_43,alluvial,125,62.5,dry,100,5,200,10,135.65,51.9,75,3000,19.6,20.4,187.2,270.8,167.0,250.0,61.0,64.0,19.5,34,18.5,35,17.0,32.5,16.0,30.5,10,4,10,6,NW,S,SE,SSE,64.6,85,84,87,450,32090
5,Kallakurichi,delux ponni,clay,125,62.5,wet,100,5,200,10,135.65,51.9,75,3000,18.5,21.5,185.2,272.8,165.3,251.7,60.0,65.0,19.0,33,17.0,32,16.5,31.5,15.5,32.5,8,6,8,6,W,WNW,SE,S,88.5,95,81,84,400,32345
2,Chinnasalem,CO_43,alluvial,50,25.0,dry,40,2,80,4,54.26,20.76,30,1200,18.1,21.9,185.6,272.4,166.1,250.9,60.2,64.8,18.0,31,15.5,34,15.0,33.0,15.0,31.5,6,6,8,10,E,ENE,NE,NNW,78.6,80,92,88,180,11832
5,Kallakurichi,delux ponni,alluvial,125,62.5,dry,100,5,200,10,135.65,51.9,75,3000,18.5,21.5,185.2,272.8,165.3,251.7,60.0,65.0,19.0,33,17.0,32,16.5,31.5,15.5,32.5,8,6,8,6,W,WNW,SE,S,88.5,95,81,84,400,32090
1,Kurinjipadi,delux ponni,alluvial,25,12.5,dry,20,1,40,2,27.13,10.38,15,600,19.6,20.4,187.2,270.8,167.0,250.0,61.0,64.0,19.5,34,18.5,35,17.0,32.5,16.0,30.5,10,4,10,6,NW,S,SE,SSE,64.6,85,84,87,80,5492
1,Kurinjipadi,CO_43,clay,25,12.5,dry,20,1,40,2,27.13,10.38,15,600,19.6,20.4,187.2,270.8,167.0,250.0,61.0,64.0,19.5,34,18.5,35,17.0,32.5,16.0,30.5,10,4,10,6,NW,S,SE,SSE,64.6,85,84,87,90,5916
6,Kallakurichi,CO_43,alluvial,150,75.0,wet,120,6,240,12,162.78,62.28,90,3600,18.5,21.5,185.2,272.8,165.3,251.7,60.0,65.0,19.0,33,17.0,32,16.5,31.5,15.5,32.5,8,6,8,6,W,WNW,SE,S,88.5,95,81,84,540,37926
5,Sankarapuram,CO_43,clay,125,62.5,dry,100,5,200,10,135.65,51.9,75,3000,18.1,21.9,185.6,272.4,166.1,250.9,60.2,64.8,20.5,32,17.5,28,18.0,34.0,16.5,35.0,10,12,10,12,SSE,W,SW,NW,72.7,91,83,81,450,32345
3,Kurinjipadi,delux ponni,clay,75,37.5,dry,60,3,120,6,81.39,31.14,45,1800,19.6,20.4,187.2,270.8,167.0,250.0,61.0,64.0,19.5,34,18.5,35,17.0,32.5,16.0,30.5,10,4,10,6,NW,S,SE,SSE,64.6,85,84,87,240,17565
3,Kallakurichi,ponmani,clay,75,37.5,dry,60,3,120,6,81.39,31.14,45,1800,18.5,21.5,185.2,272.8,165.3,251.7,60.0,65.0,19.0,33,17.0,32,16.5,31.5,15.5,32.5,8,6,8,6,W,WNW,SE,S,88.5,95,81,84,300,17169
2,Cuddalore,CO_43,clay,50,25.0,wet,40,2,80,4,54.26,20.76,30,1200,19.6,20.4,187.2,270.8,167.0,250.0,61.0,64.0,18.5,34,16.0,30,15.5,31.0,16.0,33.0,4,10,8,10,SW,W,NNW,WSW,72.0,78,88,85,180,10984
4,Chinnasalem,ponmani,alluvial,100,50.0,wet,80,4,160,8,108.52,41.52,60,2400,18.1,21.9,185.6,272.4,166.1,250.9,60.2,64.8,18.0,31,15.5,34,15.0,33.0,15.0,31.5,6,6,8,10,E,ENE,NE,NNW,78.6,80,92,88,400,24836
2,Sankarapuram,delux ponni,alluvial,50,25.0,dry,40,2,80,4,54.26,20.76,30,1200,18.1,21.9,185.6,272.4,166.1,250.9,60.2,64.8,20.5,32,17.5,28,18.0,34.0,16.5,35.0,10,12,10,12,SSE,W,SW,NW,72.7,91,83,81,160,11832
2,Sankarapuram,delux ponni,clay,50,25.0,dry,40,2,80,4,54.26,20.76,30,1200,18.1,21.9,185.6,272.4,166.1,250.9,60.2,64.8,20.5,32,17.5,28,18.0,34.0,16.5,35.0,10,12,10,12,SSE,W,SW,NW,72.7,91,83,81,160,11726
1,Panruti,ponmani,clay,25,12.5,dry,20,1,40,2,27.13,10.38,15,600,18.5,21.5,185.2,272.8,165.3,251.7,60.0,65.0,20.0,35,18.0,30,17.5,33.5,18.0,33.0,4,12,4,12,ENE,NE,NNE,W,85.0,96,84,79,100,5492
1,Kurinjipadi,delux ponni,alluvial,25,12.5,dry,20,1,40,2,27.13,10.38,15,600,19.6,20.4,187.2,270.8,167.0,250.0,61.0,64.0,19.5,34,18.5,35,17.0,32.5,16.0,30.5,10,4,10,6,NW,S,SE,SSE,64.6,85,84,87,80,5723
4,Sankarapuram,delux ponni,clay,100,50.0,wet,80,4,160,8,108.52,41.52,60,2400,18.1,21.9,185.6,272.4,166.1,250.9,60.2,64.8,20.5,32,17.5,28,18.0,34.0,16.5,35.0,10,12,10,12,SSE,W,SW,NW,72.7,91,83,81,320,24460
2,Cuddalore,ponmani,clay,50,25.0,wet,40,2,80,4,54.26,20.76,30,1200,19.6,20.4,187.2,270.8,167.0,250.0,61.0,64.0,18.5,34,16.0,30,15.5,31.0,16.0,33.0,4,10,8,10,SW,W,NNW,WSW,72.0,78,88,85,200,11888
4,Cuddalore,ponmani,alluvial,100,50.0,dry,80,4,160,8,108.52,41.52,60,2400,19.6,20.4,187.2,270.8,167.0,250.0,61.0,64.0,18.5,34,16.0,30,15.5,31.0,16.0,33.0,4,10,8,10,SW,W,NNW,WSW,72.0,78,88,85,400,24200
4,Sankarapuram,ponmani,clay,100,50.0,dry,80,4,160,8,108.52,41.52,60,2400,18.1,21.9,185.6,272.4,166.1,250.9,60.2,64.8,20.5,32,17.5,28,18.0,34.0,16.5,35.0,10,12,10,12,SSE,W,SW,NW,72.7,91,83,81,400,22892
5,Sankarapuram,ponmani,alluvial,125,62.5,wet,100,5,200,10,135.65,51.9,75,3000,18.1,21.9,185.6,272.4,166.1,250.9,60.2,64.8,20.5,32,17.5,28,18.0,34.0,16.5,35.0,10,12,10,12,SSE,W,SW,NW,72.7,91,83,81,500,31035
2,Sankarapuram,ponmani,clay,50,25.0,dry,40,2,80,4,54.26,20.76,30,1200,18.1,21.9,185.6,272.4,166.1,250.9,60.2,64.8,20.5,32,17.5,28,18.0,34.0,16.5,35.0,10,12,10,12,SSE,W,SW,NW,72.7,91,83,81,200,11160
4,Sankarapuram,ponmani,clay,100,50.0,wet,80,4,160,8,108.52,41.52,60,2400,18.1,21.9,185.6,272.4,166.1,250.9,60.2,64.8,20.5,32,17.5,28,18.0,34.0,16.5,35.0,10,12,10,12,SSE,W,SW,NW,72.7,91,83,81,400,24836
3,Sankarapuram,delux ponni,alluvial,75,37.5,dry,60,3,120,6,81.39,31.14,45,1800,18.1,21.9,185.6,272.4,166.1,250.9,60.2,64.8,20.5,32,17.5,28,18.0,34.0,16.5,35.0,10,12,10,12,SSE,W,SW,NW,72.7,91,83,81,240,17508
2,Kurinjipadi,CO_43,alluvial,50,25.0,dry,40,2,80,4,54.26,20.76,30,1200,19.6,20.4,187.2,270.8,167.0,250.0,61.0,64.0,19.5,34,18.5,35,17.0,32.5,16.0,30.5,10,4,10,6,NW,S,SE,SSE,64.6,85,84,87,180,11446
4,Cuddalore,ponmani,clay,100,50.0,dry,80,4,160,8,108.52,41.52,60,2400,19.6,20.4,187.2,270.8,167.0,250.0,61.0,64.0,18.5,34,16.0,30,15.5,31.0,16.0,33.0,4,10,8,10,SW,W,NNW,WSW,72.0,78,88,85,400,24908
3,Chinnasalem,delux ponni,clay,75,37.5,dry,60,3,120,6,81.39,31.14,45,1800,18.1,21.9,185.6,272.4,166.1,250.9,60.2,64.8,18.0,31,15.5,34,15.0,33.0,15.0,31.5,6,6,8,10,E,ENE,NE,NNW,78.6,80,92,88,240,17169
3,Kallakurichi,delux ponni,clay,75,37.5,dry,60,3,120,6,81.39,31.14,45,1800,18.5,21.5,185.2,272.8,165.3,251.7,60.0,65.0,19.0,33,17.0,32,16.5,31.5,15.5,32.5,8,6,8,6,W,WNW,SE,S,88.5,95,81,84,240,17169
3,Cuddalore,CO_43,clay,75,37.5,dry,60,3,120,6,81.39,31.14,45,1800,19.6,20.4,187.2,270.8,167.0,250.0,61.0,64.0,18.5,34,16.0,30,15.5,31.0,16.0,33.0,4,10,8,10,SW,W,NNW,WSW,72.0,78,88,85,270,16260
3,Panruti,ponmani,alluvial,75,37.5,wet,60,3,120,6,81.39,31.14,45,1800,18.5,21.5,185.2,272.8,165.3,251.7,60.0,65.0,20.0,35,18.0,30,17.5,33.5,18.0,33.0,4,12,4,12,ENE,NE,NNE,W,85.0,96,84,79,300,17169
2,Sankarapuram,delux ponni,clay,50,25.0,wet,40,2,80,4,54.26,20.76,30,1200,18.1,21.9,185.6,272.4,166.1,250.9,60.2,64.8,20.5,32,17.5,28,18.0,34.0,16.5,35.0,10,12,10,12,SSE,W,SW,NW,72.7,91,83,81,160,11798
3,Kurinjipadi,ponmani,alluvial,75,37.5,wet,60,3,120,6,81.39,31.14,45,1800,19.6,20.4,187.2,270.8,167.0,250.0,61.0,64.0,19.5,34,18.5,35,17.0,32.5,16.0,30.5,10,4,10,6,NW,S,SE,SSE,64.6,85,84,87,300,17508
5,Sankarapuram,delux ponni,clay,125,62.5,wet,100,5,200,10,135.65,51.9,75,3000,18.1,21.9,185.6,272.4,166.1,250.9,60.2,64.8,20.5,32,17.5,28,18.0,34.0,16.5,35.0,10,12,10,12,SSE,W,SW,NW,72.7,91,83,81,400,31535
6,Kurinjipadi,CO_43,clay,150,75.0,dry,120,6,240,12,162.78,62.28,90,3600,19.6,20.4,187.2,270.8,167.0,250.0,61.0,64.0,19.5,34,18.5,35,17.0,32.5,16.0,30.5,10,4,10,6,NW,S,SE,SSE,64.6,85,84,87,540,38178
5,Sankarapuram,ponmani,alluvial,125,62.5,dry,100,5,200,10,135.65,51.9,75,3000,18.1,21.9,185.6,272.4,166.1,250.9,60.2,64.8,20.5,32,17.5,28,18.0,34.0,16.5,35.0,10,12,10,12,SSE,W,SW,NW,72.7,91,83,81,500,30805
1,Sankarapuram,delux ponni,alluvial,25,12.5,dry,20,1,40,2,27.13,10.38,15,600,18.1,21.9,185.6,272.4,166.1,250.9,60.2,64.8,20.5,32,17.5,28,18.0,34.0,16.5,35.0,10,12,10,12,SSE,W,SW,NW,72.7,91,83,81,80,5908
3,Kallakurichi,CO_43,clay,75,37.5,wet,60,3,120,6,81.39,31.14,45,1800,18.5,21.5,185.2,272.8,165.3,251.7,60.0,65.0,19.0,33,17.0,32,16.5,31.5,15.5,32.5,8,6,8,6,W,WNW,SE,S,88.5,95,81,84,270,17508
3,Panruti,CO_43,alluvial,75,37.5,dry,60,3,120,6,81.39,31.14,45,1800,18.5,21.5,185.2,272.8,165.3,251.7,60.0,65.0,20.0,35,18.0,30,17.5,33.5,18.0,33.0,4,12,4,12,ENE,NE,NNE,W,85.0,96,84,79,270,17619
5,Sankarapuram,delux ponni,alluvial,125,62.5,wet,100,5,200,10,135.65,51.9,75,3000,18.1,21.9,185.6,272.4,166.1,250.9,60.2,64.8,20.5,32,17.5,28,18.0,34.0,16.5,35.0,10,12,10,12,SSE,W,SW,NW,72.7,91,83,81,400,30250
5,Kurinjipadi,ponmani,alluvial,125,62.5,dry,100,5,200,10,135.65,51.9,75,3000,19.6,20.4,187.2,270.8,167.0,250.0,61.0,64.0,19.5,34,18.5,35,17.0,32.5,16.0,30.5,10,4,10,6,NW,S,SE,SSE,64.6,85,84,87,500,32050
2,Chinnasalem,ponmani,alluvial,50,25.0,wet,40,2,80,4,54.26,20.76,30,1200,18.1,21.9,185.6,272.4,166.1,250.9,60.2,64.8,18.0,31,15.5,34,15.0,33.0,15.0,31.5,6,6,8,10,E,ENE,NE,NNW,78.6,80,92,88,200,11360
1,Kurinjipadi,CO_43,clay,25,12.5,wet,20,1,40,2,27.13,10.38,15,600,19.6,20.4,187.2,270.8,167.0,250.0,61.0,64.0,19.5,34,18.5,35,17.0,32.5,16.0,30.5,10,4,10,6,NW,S,SE,SSE,64.6,85,84,87,90,5873
3,Kallakurichi,delux ponni,alluvial,75,37.5,dry,60,3,120,6,81.39,31.14,45,1800,18.5,21.5,185.2,272.8,165.3,251.7,60.0,65.0,19.0,33,17.0,32,16.5,31.5,15.5,32.5,8,6,8,6,W,WNW,SE,S,88.5,95,81,84,240,17508
3,Kurinjipadi,CO_43,clay,75,37.5,dry,60,3,120,6,81.39,31.14,45,1800,19.6,20.4,187.2,270.8,167.0,250.0,61.0,64.0,19.5,34,18.5,35,17.0,32.5,16.0,30.5,10,4,10,6,NW,S,SE,SSE,64.6,85,84,87,270,17619
4,Kurinjipadi,delux ponni,alluvial,100,50.0,wet,80,4,160,8,108.52,41.52,60,2400,19.6,20.4,187.2,270.8,167.0,250.0,61.0,64.0,19.5,34,18.5,35,17.0,32.5,16.0,30.5,10,4,10,6,NW,S,SE,SSE,64.6,85,84,87,320,25228
4,Cuddalore,delux ponni,alluvial,100,50.0,dry,80,4,160,8,108.52,41.52,60,2400,19.6,20.4,187.2,270.8,167.0,250.0,61.0,64.0,18.5,34,16.0,30,15.5,31.0,16.0,33.0,4,10,8,10,SW,W,NNW,WSW,72.0,78,88,85,320,22892
4,Chinnasalem,delux ponni,clay,100,50.0,wet,80,4,160,8,108.52,41.52,60,2400,18.1,21.9,185.6,272.4,166.1,250.9,60.2,64.8,18.0,31,15.5,34,15.0,33.0,15.0,31.5,6,6,8,10,E,ENE,NE,NNW,78.6,80,92,88,320,25300
2,Kurinjipadi,ponmani,alluvial,50,25.0,dry,40,2,80,4,54.26,20.76,30,1200,19.6,20.4,187.2,270.8,167.0,250.0,61.0,64.0,19.5,34,18.5,35,17.0,32.5,16.0,30.5,10,4,10,6,NW,S,SE,SSE,64.6,85,84,87,200,11446
3,Cuddalore,delux ponni,clay,75,37.5,wet,60,3,120,6,81.39,31.14,45,1800,19.6,20.4,187.2,270.8,167.0,250.0,61.0,64.0,18.5,34,16.0,30,15.5,31.0,16.0,33.0,4,10,8,10,SW,W,NNW,WSW,72.0,78,88,85,240,17649
6,Chinnasalem,delux ponni,alluvial,150,75.0,wet,120,6,240,12,162.78,62.28,90,3600,18.1,21.9,185.6,272.4,166.1,250.9,60.2,64.8,18.0,31,15.5,34,15.0,33.0,15.0,31.5,6,6,8,10,E,ENE,NE,NNW,78.6,80,92,88,480,37842
5,Panruti,CO_43,alluvial,125,62.5,dry,100,5,200,10,135.65,51.9,75,3000,18.5,21.5,185.2,272.8,165.3,251.7,60.0,65.0,20.0,35,18.0,30,17.5,33.5,18.0,33.0,4,12,4,12,ENE,NE,NNE,W,85.0,96,84,79,450,31140
3,Cuddalore,ponmani,alluvial,75,37.5,dry,60,3,120,6,81.39,31.14,45,1800,19.6,20.4,187.2,270.8,167.0,250.0,61.0,64.0,18.5,34,16.0,30,15.5,31.0,16.0,33.0,4,10,8,10,SW,W,NNW,WSW,72.0,78,88,85,300,16476
1,Cuddalore,CO_43,alluvial,25,12.5,wet,20,1,40,2,27.13,10.38,15,600,19.6,20.4,187.2,270.8,167.0,250.0,61.0,64.0,18.5,34,16.0,30,15.5,31.0,16.0,33.0,4,10,8,10,SW,W,NNW,WSW,72.0,78,88,85,90,5916
5,Kurinjipadi,ponmani,alluvial,125,62.5,wet,100,5,200,10,135.65,51.9,75,3000,19.6,20.4,187.2,270.8,167.0,250.0,61.0,64.0,19.5,34,18.5,35,17.0,32.5,16.0,30.5,10,4,10,6,NW,S,SE,SSE,64.6,85,84,87,500,31135
3,Kurinjipadi,CO_43,alluvial,75,37.5,dry,60,3,120,6,81.39,31.14,45,1800,19.6,20.4,187.2,270.8,167.0,250.0,61.0,64.0,19.5,34,18.5,35,17.0,32.5,16.0,30.5,10,4,10,6,NW,S,SE,SSE,64.6,85,84,87,270,17565
2,Panruti,delux ponni,alluvial,50,25.0,dry,40,2,80,4,54.26,20.76,30,1200,18.5,21.5,185.2,272.8,165.3,251.7,60.0,65.0,20.0,35,18.0,30,17.5,33.5,18.0,33.0,4,12,4,12,ENE,NE,NNE,W,85.0,96,84,79,160,11672
5,Cuddalore,delux ponni,clay,125,62.5,dry,100,5,200,10,135.65,51.9,75,3000,19.6,20.4,187.2,270.8,167.0,250.0,61.0,64.0,18.5,34,16.0,30,15.5,31.0,16.0,33.0,4,10,8,10,SW,W,NNW,WSW,72.0,78,88,85,400,30965
1,Panruti,delux ponni,alluvial,25,12.5,wet,20,1,40,2,27.13,10.38,15,600,18.5,21.5,185.2,272.8,165.3,251.7,60.0,65.0,20.0,35,18.0,30,17.5,33.5,18.0,33.0,4,12,4,12,ENE,NE,NNE,W,85.0,96,84,79,80,5883
4,Kurinjipadi,ponmani,clay,100,50.0,wet,80,4,160,8,108.52,41.52,60,2400,19.6,20.4,187.2,270.8,167.0,250.0,61.0,64.0,19.5,34,18.5,35,17.0,32.5,16.0,30.5,10,4,10,6,NW,S,SE,SSE,64.6,85,84,87,400,22380
1,Chinnasalem,CO_43,alluvial,25,12.5,dry,20,1,40,2,27.13,10.38,15,600,18.1,21.9,185.6,272.4,166.1,250.9,60.2,64.8,18.0,31,15.5,34,15.0,33.0,15.0,31.5,6,6,8,10,E,ENE,NE,NNW,78.6,80,92,88,90,5855
4,Chinnasalem,ponmani,clay,100,50.0,dry,80,4,160,8,108.52,41.52,60,2400,18.1,21.9,185.6,272.4,166.1,250.9,60.2,64.8,18.0,31,15.5,34,15.0,33.0,15.0,31.5,6,6,8,10,E,ENE,NE,NNW,78.6,80,92,88,400,25244
1,Sankarapuram,delux ponni,clay,25,12.5,wet,20,1,40,2,27.13,10.38,15,600,18.1,21.9,185.6,272.4,166.1,250.9,60.2,64.8,20.5,32,17.5,28,18.0,34.0,16.5,35.0,10,12,10,12,SSE,W,SW,NW,72.7,91,83,81,80,5916
3,Kurinjipadi,ponmani,alluvial,75,37.5,dry,60,3,120,6,81.39,31.14,45,1800,19.6,20.4,187.2,270.8,167.0,250.0,61.0,64.0,19.5,34,18.5,35,17.0,32.5,16.0,30.5,10,4,10,6,NW,S,SE,SSE,64.6,85,84,87,300,17748
2,Sankarapuram,delux ponni,clay,50,25.0,wet,40,2,80,4,54.26,20.76,30,1200,18.1,21.9,185.6,272.4,166.1,250.9,60.2,64.8,20.5,32,17.5,28,18.0,34.0,16.5,35.0,10,12,10,12,SSE,W,SW,NW,72.7,91,83,81,160,11710
5,Kallakurichi,ponmani,clay,125,62.5,wet,100,5,200,10,135.65,51.9,75,3000,18.5,21.5,185.2,272.8,165.3,251.7,60.0,65.0,19.0,33,17.0,32,16.5,31.5,15.5,32.5,8,6,8,6,W,WNW,SE,S,88.5,95,81,84,500,30355
5,Panruti,delux ponni,alluvial,125,62.5,wet,100,5,200,10,135.65,51.9,75,3000,18.5,21.5,185.2,272.8,165.3,251.7,60.0,65.0,20.0,35,18.0,30,17.5,33.5,18.0,33.0,4,12,4,12,ENE,NE,NNE,W,85.0,96,84,79,400,31535
1,Kallakurichi,delux ponni,clay,25,12.5,wet,20,1,40,2,27.13,10.38,15,600,18.5,21.5,185.2,272.8,165.3,251.7,60.0,65.0,19.0,33,17.0,32,16.5,31.5,15.5,32.5,8,6,8,6,W,WNW,SE,S,88.5,95,81,84,80,5873
3,Panruti,CO_43,alluvial,75,37.5,dry,60,3,120,6,81.39,31.14,45,1800,18.5,21.5,185.2,272.8,165.3,251.7,60.0,65.0,20.0,35,18.0,30,17.5,33.5,18.0,33.0,4,12,4,12,ENE,NE,NNE,W,85.0,96,84,79,270,16359
6,Chinnasalem,delux ponni,alluvial,150,75.0,wet,120,6,240,12,162.78,62.28,90,3600,18.1,21.9,185.6,272.4,166.1,250.9,60.2,64.8,18.0,31,15.5,34,15.0,33.0,15.0,31.5,6,6,8,10,E,ENE,NE,NNW,78.6,80,92,88,480,37152
4,Sankarapuram,delux ponni,clay,100,50.0,dry,80,4,160,8,108.52,41.52,60,2400,18.1,21.9,185.6,272.4,166.1,250.9,60.2,64.8,20.5,32,17.5,28,18.0,34.0,16.5,35.0,10,12,10,12,SSE,W,SW,NW,72.7,91,83,81,320,24644
6,Panruti,delux ponni,alluvial,150,75.0,dry,120,6,240,12,162.78,62.28,90,3600,18.5,21.5,185.2,272.8,165.3,251.7,60.0,65.0,20.0,35,18.0,30,17.5,33.5,18.0,33.0,4,12,4,12,ENE,NE,NNE,W,85.0,96,84,79,480,36966
2,Panruti,CO_43,clay,50,25.0,dry,40,2,80,4,54.26,20.76,30,1200,18.5,21.5,185.2,272.8,165.3,251.7,60.0,65.0,20.0,35,18.0,30,17.5,33.5,18.0,33.0,4,12,4,12,ENE,NE,NNE,W,85.0,96,84,79,180,11560
4,Chinnasalem,ponmani,clay,100,50.0,wet,80,4,160,8,108.52,41.52,60,2400,18.1,21.9,185.6,272.4,166.1,250.9,60.2,64.8,18.0,31,15.5,34,15.0,33.0,15.0,31.5,6,6,8,10,E,ENE,NE,NNW,78.6,80,92,88,400,24200
5,Cuddalore,delux ponni,alluvial,125,62.5,wet,100,5,200,10,135.65,51.9,75,3000,19.6,20.4,187.2,270.8,167.0,250.0,61.0,64.0,18.5,34,16.0,30,15.5,31.0,16.0,33.0,4,10,8,10,SW,W,NNW,WSW,72.0,78,88,85,400,31035
2,Panruti,CO_43,alluvial,50,25.0,wet,40,2,80,4,54.26,20.76,30,1200,18.5,21.5,185.2,272.8,165.3,251.7,60.0,65.0,20.0,35,18.0,30,17.5,33.5,18.0,33.0,4,12,4,12,ENE,NE,NNE,W,85.0,96,84,79,180,11672
3,Panruti,ponmani,clay,75,37.5,wet,60,3,120,6,81.39,31.14,45,1800,18.5,21.5,185.2,272.8,165.3,251.7,60.0,65.0,20.0,35,18.0,30,17.5,33.5,18.0,33.0,4,12,4,12,ENE,NE,NNE,W,85.0,96,84,79,300,17724
5,Cuddalore,delux ponni,clay,125,62.5,dry,100,5,200,10,135.65,51.9,75,3000,19.6,20.4,187.2,270.8,167.0,250.0,61.0,64.0,18.5,34,16.0,30,15.5,31.0,16.0,33.0,4,10,8,10,SW,W,NNW,WSW,72.0,78,88,85,400,30100
5,Kallakurichi,ponmani,alluvial,125,62.5,wet,100,5,200,10,135.65,51.9,75,3000,18.5,21.5,185.2,272.8,165.3,251.7,60.0,65.0,19.0,33,17.0,32,16.5,31.5,15.5,32.5,8,6,8,6,W,WNW,SE,S,88.5,95,81,84,500,30805
2,Cuddalore,delux ponni,clay,50,25.0,dry,40,2,80,4,54.26,20.76,30,1200,19.6,20.4,187.2,270.8,167.0,250.0,61.0,64.0,18.5,34,16.0,30,15.5,31.0,16.0,33.0,4,10,8,10,SW,W,NNW,WSW,72.0,78,88,85,160,11054
5,Cuddalore,delux ponni,clay,125,62.5,wet,100,5,200,10,135.65,51.9,75,3000,19.6,20.4,187.2,270.8,167.0,250.0,61.0,64.0,18.5,34,16.0,30,15.5,31.0,16.0,33.0,4,10,8,10,SW,W,NNW,WSW,72.0,78,88,85,400,31625
4,Panruti,ponmani,alluvial,100,50.0,wet,80,4,160,8,108.52,41.52,60,2400,18.5,21.5,185.2,272.8,165.3,251.7,60.0,65.0,20.0,35,18.0,30,17.5,33.5,18.0,33.0,4,12,4,12,ENE,NE,NNE,W,85.0,96,84,79,400,24908
6,Chinnasalem,delux ponni,alluvial,150,75.0,dry,120,6,240,12,162.78,62.28,90,3600,18.1,21.9,185.6,272.4,166.1,250.9,60.2,64.8,18.0,31,15.5,34,15.0,33.0,15.0,31.5,6,6,8,10,E,ENE,NE,NNW,78.6,80,92,88,480,38508
2,Kallakurichi,CO_43,clay,50,25.0,wet,40,2,80,4,54.26,20.76,30,1200,18.5,21.5,185.2,272.8,165.3,251.7,60.0,65.0,19.0,33,17.0,32,16.5,31.5,15.5,32.5,8,6,8,6,W,WNW,SE,S,88.5,95,81,84,180,11832
4,Panruti,delux ponni,clay,100,50.0,wet,80,4,160,8,108.52,41.52,60,2400,18.5,21.5,185.2,272.8,165.3,251.7,60.0,65.0,20.0,35,18.0,30,17.5,33.5,18.0,33.0,4,12,4,12,ENE,NE,NNE,W,85.0,96,84,79,320,24836
5,Panruti,CO_43,clay,125,62.5,dry,100,5,200,10,135.65,51.9,75,3000,18.5,21.5,185.2,272.8,165.3,251.7,60.0,65.0,20.0,35,18.0,30,17.5,33.5,18.0,33.0,4,12,4,12,ENE,NE,NNE,W,85.0,96,84,79,450,31400
5,Kurinjipadi,delux ponni,clay,125,62.5,wet,100,5,200,10,135.65,51.9,75,3000,19.6,20.4,187.2,270.8,167.0,250.0,61.0,64.0,19.5,34,18.5,35,17.0,32.5,16.0,30.5,10,4,10,6,NW,S,SE,SSE,64.6,85,84,87,400,31535
4,Kallakurichi,delux ponni,alluvial,100,50.0,wet,80,4,160,8,108.52,41.52,60,2400,18.5,21.5,185.2,272.8,165.3,251.7,60.0,65.0,19.0,33,17.0,32,16.5,31.5,15.5,32.5,8,6,8,6,W,WNW,SE,S,88.5,95,81,84,320,24724
4,Panruti,delux ponni,clay,100,50.0,wet,80,4,160,8,108.52,41.52,60,2400,18.5,21.5,185.2,272.8,165.3,251.7,60.0,65.0,20.0,35,18.0,30,17.5,33.5,18.0,33.0,4,12,4,12,ENE,NE,NNE,W,85.0,96,84,79,320,23020
1,Sankarapuram,CO_43,alluvial,25,12.5,wet,20,1,40,2,27.13,10.38,15,600,18.1,21.9,185.6,272.4,166.1,250.9,60.2,64.8,20.5,32,17.5,28,18.0,34.0,16.5,35.0,10,12,10,12,SSE,W,SW,NW,72.7,91,83,81,90,5492
3,Cuddalore,delux ponni,clay,75,37.5,wet,60,3,120,6,81.39,31.14,45,1800,19.6,20.4,187.2,270.8,167.0,250.0,61.0,64.0,18.5,34,16.0,30,15.5,31.0,16.0,33.0,4,10,8,10,SW,W,NNW,WSW,72.0,78,88,85,240,17169
4,Kurinjipadi,delux ponni,clay,100,50.0,dry,80,4,160,8,108.52,41.52,60,2400,19.6,20.4,187.2,270.8,167.0,250.0,61.0,64.0,19.5,34,18.5,35,17.0,32.5,16.0,30.5,10,4,10,6,NW,S,SE,SSE,64.6,85,84,87,320,25228
5,Kurinjipadi,delux ponni,alluvial,125,62.5,dry,100,5,200,10,135.65,51.9,75,3000,19.6,20.4,187.2,270.8,167.0,250.0,61.0,64.0,19.5,34,18.5,35,17.0,32.5,16.0,30.5,10,4,10,6,NW,S,SE,SSE,64.6,85,84,87,400,32050
1,Kurinjipadi,delux ponni,clay,25,12.5,wet,20,1,40,2,27.13,10.38,15,600,19.6,20.4,187.2,270.8,167.0,250.0,61.0,64.0,19.5,34,18.5,35,17.0,32.5,16.0,30.5,10,4,10,6,NW,S,SE,SSE,64.6,85,84,87,80,5723
5,Kallakurichi,ponmani,alluvial,125,62.5,wet,100,5,200,10,135.65,51.9,75,3000,18.5,21.5,185.2,272.8,165.3,251.7,60.0,65.0,19.0,33,17.0,32,16.5,31.5,15.5,32.5,8,6,8,6,W,WNW,SE,S,88.5,95,81,84,500,31400
4,Sankarapuram,CO_43,clay,100,50.0,dry,80,4,160,8,108.52,41.52,60,2400,18.1,21.9,185.6,272.4,166.1,250.9,60.2,64.8,20.5,32,17.5,28,18.0,34.0,16.5,35.0,10,12,10,12,SSE,W,SW,NW,72.7,91,83,81,360,25584
2,Panruti,delux ponni,alluvial,50,25.0,wet,40,2,80,4,54.26,20.76,30,1200,18.5,21.5,185.2,272.8,165.3,251.7,60.0,65.0,20.0,35,18.0,30,17.5,33.5,18.0,33.0,4,12,4,12,ENE,NE,NNE,W,85.0,96,84,79,160,10984
5,Sankarapuram,ponmani,clay,125,62.5,wet,100,5,200,10,135.65,51.9,75,3000,18.1,21.9,185.6,272.4,166.1,250.9,60.2,64.8,20.5,32,17.5,28,18.0,34.0,16.5,35.0,10,12,10,12,SSE,W,SW,NW,72.7,91,83,81,500,30250
3,Kallakurichi,delux ponni,alluvial,75,37.5,dry,60,3,120,6,81.39,31.14,45,1800,18.5,21.5,185.2,272.8,165.3,251.7,60.0,65.0,19.0,33,17.0,32,16.5,31.5,15.5,32.5,8,6,8,6,W,WNW,SE,S,88.5,95,81,84,240,17169
2,Chinnasalem,delux ponni,clay,50,25.0,wet,40,2,80,4,54.26,20.76,30,1200,18.1,21.9,185.6,272.4,166.1,250.9,60.2,64.8,18.0,31,15.5,34,15.0,33.0,15.0,31.5,6,6,8,10,E,ENE,NE,NNW,78.6,80,92,88,160,11310
6,Panruti,ponmani,alluvial,150,75.0,wet,120,6,240,12,162.78,62.28,90,3600,18.5,21.5,185.2,272.8,165.3,251.7,60.0,65.0,20.0,35,18.0,30,17.5,33.5,18.0,33.0,4,12,4,12,ENE,NE,NNE,W,85.0,96,84,79,600,33768
3,Chinnasalem,CO_43,clay,75,37.5,wet,60,3,120,6,81.39,31.14,45,1800,18.1,21.9,185.6,272.4,166.1,250.9,60.2,64.8,18.0,31,15.5,34,15.0,33.0,15.0,31.5,6,6,8,10,E,ENE,NE,NNW,78.6,80,92,88,270,17508
3,Panruti,ponmani,alluvial,75,37.5,wet,60,3,120,6,81.39,31.14,45,1800,18.5,21.5,185.2,272.8,165.3,251.7,60.0,65.0,20.0,35,18.0,30,17.5,33.5,18.0,33.0,4,12,4,12,ENE,NE,NNE,W,85.0,96,84,79,300,16836
3,Kurinjipadi,CO_43,clay,75,37.5,dry,60,3,120,6,81.39,31.14,45,1800,19.6,20.4,187.2,270.8,167.0,250.0,61.0,64.0,19.5,34,18.5,35,17.0,32.5,16.0,30.5,10,4,10,6,NW,S,SE,SSE,64.6,85,84,87,270,17169
2,Kallakurichi,ponmani,alluvial,50,25.0,dry,40,2,80,4,54.26,20.76,30,1200,18.5,21.5,185.2,272.8,165.3,251.7,60.0,65.0,19.0,33,17.0,32,16.5,31.5,15.5,32.5,8,6,8,6,W,WNW,SE,S,88.5,95,81,84,200,10906
2,Kurinjipadi,ponmani,clay,50,25.0,dry,40,2,80,4,54.26,20.76,30,1200,19.6,20.4,187.2,270.8,167.0,250.0,61.0,64.0,19.5,34,18.5,35,17.0,32.5,16.0,30.5,10,4,10,6,NW,S,SE,SSE,64.6,85,84,87,200,11452
4,Kurinjipadi,ponmani,alluvial,100,50.0,wet,80,4,160,8,108.52,41.52,60,2400,19.6,20.4,187.2,270.8,167.0,250.0,61.0,64.0,19.5,34,18.5,35,17.0,32.5,16.0,30.5,10,4,10,6,NW,S,SE,SSE,64.6,85,84,87,400,24200
3,Cuddalore,delux ponni,alluvial,75,37.5,dry,60,3,120,6,81.39,31.14,45,1800,19.6,20.4,187.2,270.8,167.0,250.0,61.0,64.0,18.5,34,16.0,30,15.5,31.0,16.0,33.0,4,10,8,10,SW,W,NNW,WSW,72.0,78,88,85,240,17724
4,Sankarapuram,delux ponni,alluvial,100,50.0,dry,80,4,160,8,108.52,41.52,60,2400,18.1,21.9,185.6,272.4,166.1,250.9,60.2,64.8,20.5,32,17.5,28,18.0,34.0,16.5,35.0,10,12,10,12,SSE,W,SW,NW,72.7,91,83,81,320,23420
4,Kurinjipadi,CO_43,alluvial,100,50.0,wet,80,4,160,8,108.52,41.52,60,2400,19.6,20.4,187.2,270.8,167.0,250.0,61.0,64.0,19.5,34,18.5,35,17.0,32.5,16.0,30.5,10,4,10,6,NW,S,SE,SSE,64.6,85,84,87,360,25876
4,Panruti,CO_43,clay,100,50.0,wet,80,4,160,8,108.52,41.52,60,2400,18.5,21.5,185.2,272.8,165.3,251.7,60.0,65.0,20.0,35,18.0,30,17.5,33.5,18.0,33.0,4,12,4,12,ENE,NE,NNE,W,85.0,96,84,79,360,24908
4,Panruti,delux ponni,clay,100,50.0,wet,80,4,160,8,108.52,41.52,60,2400,18.5,21.5,185.2,272.8,165.3,251.7,60.0,65.0,20.0,35,18.0,30,17.5,33.5,18.0,33.0,4,12,4,12,ENE,NE,NNE,W,85.0,96,84,79,320,22108
4,Kurinjipadi,ponmani,alluvial,100,50.0,dry,80,4,160,8,108.52,41.52,60,2400,19.6,20.4,187.2,270.8,167.0,250.0,61.0,64.0,19.5,34,18.5,35,17.0,32.5,16.0,30.5,10,4,10,6,NW,S,SE,SSE,64.6,85,84,87,400,24460
1,Kallakurichi,ponmani,alluvial,25,12.5,dry,20,1,40,2,27.13,10.38,15,600,18.5,21.5,185.2,272.8,165.3,251.7,60.0,65.0,19.0,33,17.0,32,16.5,31.5,15.5,32.5,8,6,8,6,W,WNW,SE,S,88.5,95,81,84,100,5723
5,Kurinjipadi,CO_43,alluvial,125,62.5,wet,100,5,200,10,135.65,51.9,75,3000,19.6,20.4,187.2,270.8,167.0,250.0,61.0,64.0,19.5,34,18.5,35,17.0,32.5,16.0,30.5,10,4,10,6,NW,S,SE,SSE,64.6,85,84,87,450,30755
5,Kurinjipadi,CO_43,clay,125,62.5,dry,100,5,200,10,135.65,51.9,75,3000,19.6,20.4,187.2,270.8,167.0,250.0,61.0,64.0,19.5,34,18.5,35,17.0,32.5,16.0,30.5,10,4,10,6,NW,S,SE,SSE,64.6,85,84,87,450,30250
4,Kallakurichi,ponmani,clay,100,50.0,dry,80,4,160,8,108.52,41.52,60,2400,18.5,21.5,185.2,272.8,165.3,251.7,60.0,65.0,19.0,33,17.0,32,16.5,31.5,15.5,32.5,8,6,8,6,W,WNW,SE,S,88.5,95,81,84,400,25424
5,Panruti,delux ponni,clay,125,62.5,dry,100,5,200,10,135.65,51.9,75,3000,18.5,21.5,185.2,272.8,165.3,251.7,60.0,65.0,20.0,35,18.0,30,17.5,33.5,18.0,33.0,4,12,4,12,ENE,NE,NNE,W,85.0,96,84,79,400,31625
3,Kallakurichi,ponmani,alluvial,75,37.5,dry,60,3,120,6,81.39,31.14,45,1800,18.5,21.5,185.2,272.8,165.3,251.7,60.0,65.0,19.0,33,17.0,32,16.5,31.5,15.5,32.5,8,6,8,6,W,WNW,SE,S,88.5,95,81,84,300,16596
4,Chinnasalem,delux ponni,alluvial,100,50.0,dry,80,4,160,8,108.52,41.52,60,2400,18.1,21.9,185.6,272.4,166.1,250.9,60.2,64.8,18.0,31,15.5,34,15.0,33.0,15.0,31.5,6,6,8,10,E,ENE,NE,NNW,78.6,80,92,88,320,25448
4,Kurinjipadi,ponmani,clay,100,50.0,dry,80,4,160,8,108.52,41.52,60,2400,19.6,20.4,187.2,270.8,167.0,250.0,61.0,64.0,19.5,34,18.5,35,17.0,32.5,16.0,30.5,10,4,10,6,NW,S,SE,SSE,64.6,85,84,87,400,25640
1,Kurinjipadi,delux ponni,alluvial,25,12.5,wet,20,1,40,2,27.13,10.38,15,600,19.6,20.4,187.2,270.8,167.0,250.0,61.0,64.0,19.5,34,18.5,35,17.0,32.5,16.0,30.5,10,4,10,6,NW,S,SE,SSE,64.6,85,84,87,80,5723
4,Panruti,delux ponni,clay,100,50.0,dry,80,4,160,8,108.52,41.52,60,2400,18.5,21.5,185.2,272.8,165.3,251.7,60.0,65.0,20.0,35,18.0,30,17.5,33.5,18.0,33.0,4,12,4,12,ENE,NE,NNE,W,85.0,96,84,79,320,25300
3,Sankarapuram,ponmani,clay,75,37.5,dry,60,3,120,6,81.39,31.14,45,1800,18.1,21.9,185.6,272.4,166.1,250.9,60.2,64.8,20.5,32,17.5,28,18.0,34.0,16.5,35.0,10,12,10,12,SSE,W,SW,NW,72.7,91,83,81,300,17508
3,Chinnasalem,CO_43,alluvial,75,37.5,wet,60,3,120,6,81.39,31.14,45,1800,18.1,21.9,185.6,272.4,166.1,250.9,60.2,64.8,18.0,31,15.5,34,15.0,33.0,15.0,31.5,6,6,8,10,E,ENE,NE,NNW,78.6,80,92,88,270,16581
6,Sankarapuram,ponmani,clay,150,75.0,wet,120,6,240,12,162.78,62.28,90,3600,18.1,21.9,185.6,272.4,166.1,250.9,60.2,64.8,20.5,32,17.5,28,18.0,34.0,16.5,35.0,10,12,10,12,SSE,W,SW,NW,72.7,91,83,81,600,36966
2,Cuddalore,delux ponni,clay,50,25.0,wet,40,2,80,4,54.26,20.76,30,1200,19.6,20.4,187.2,270.8,167.0,250.0,61.0,64.0,18.5,34,16.0,30,15.5,31.0,16.0,33.0,4,10,8,10,SW,W,NNW,WSW,72.0,78,88,85,160,11334
5,Cuddalore,ponmani,alluvial,125,62.5,wet,100,5,200,10,135.65,51.9,75,3000,19.6,20.4,187.2,270.8,167.0,250.0,61.0,64.0,18.5,34,16.0,30,15.5,31.0,16.0,33.0,4,10,8,10,SW,W,NNW,WSW,72.0,78,88,85,500,27270
4,Panruti,ponmani,clay,100,50.0,dry,80,4,160,8,108.52,41.52,60,2400,18.5,21.5,185.2,272.8,165.3,251.7,60.0,65.0,20.0,35,18.0,30,17.5,33.5,18.0,33.0,4,12,4,12,ENE,NE,NNE,W,85.0,96,84,79,400,24828
1,Panruti,ponmani,alluvial,25,12.5,wet,20,1,40,2,27.13,10.38,15,600,18.5,21.5,185.2,272.8,165.3,251.7,60.0,65.0,20.0,35,18.0,30,17.5,33.5,18.0,33.0,4,12,4,12,ENE,NE,NNE,W,85.0,96,84,79,100,5723
3,Panruti,delux ponni,alluvial,75,37.5,wet,60,3,120,6,81.39,31.14,45,1800,18.5,21.5,185.2,272.8,165.3,251.7,60.0,65.0,20.0,35,18.0,30,17.5,33.5,18.0,33.0,4,12,4,12,ENE,NE,NNE,W,85.0,96,84,79,240,17748
5,Kurinjipadi,delux ponni,alluvial,125,62.5,dry,100,5,200,10,135.65,51.9,75,3000,19.6,20.4,187.2,270.8,167.0,250.0,61.0,64.0,19.5,34,18.5,35,17.0,32.5,16.0,30.5,10,4,10,6,NW,S,SE,SSE,64.6,85,84,87,400,30250
2,Panruti,CO_43,clay,50,25.0,wet,40,2,80,4,54.26,20.76,30,1200,18.5,21.5,185.2,272.8,165.3,251.7,60.0,65.0,20.0,35,18.0,30,17.5,33.5,18.0,33.0,4,12,4,12,ENE,NE,NNE,W,85.0,96,84,79,180,10926
5,Cuddalore,delux ponni,clay,125,62.5,wet,100,5,200,10,135.65,51.9,75,3000,19.6,20.4,187.2,270.8,167.0,250.0,61.0,64.0,18.5,34,16.0,30,15.5,31.0,16.0,33.0,4,10,8,10,SW,W,NNW,WSW,72.0,78,88,85,400,31035
5,Kallakurichi,ponmani,clay,125,62.5,wet,100,5,200,10,135.65,51.9,75,3000,18.5,21.5,185.2,272.8,165.3,251.7,60.0,65.0,19.0,33,17.0,32,16.5,31.5,15.5,32.5,8,6,8,6,W,WNW,SE,S,88.5,95,81,84,500,30905
4,Kurinjipadi,delux ponni,clay,100,50.0,wet,80,4,160,8,108.52,41.52,60,2400,19.6,20.4,187.2,270.8,167.0,250.0,61.0,64.0,19.5,34,18.5,35,17.0,32.5,16.0,30.5,10,4,10,6,NW,S,SE,SSE,64.6,85,84,87,320,25120
4,Kurinjipadi,ponmani,alluvial,100,50.0,dry,80,4,160,8,108.52,41.52,60,2400,19.6,20.4,187.2,270.8,167.0,250.0,61.0,64.0,19.5,34,18.5,35,17.0,32.5,16.0,30.5,10,4,10,6,NW,S,SE,SSE,64.6,85,84,87,400,24908
2,Panruti,CO_43,alluvial,50,25.0,wet,40,2,80,4,54.26,20.76,30,1200,18.5,21.5,185.2,272.8,165.3,251.7,60.0,65.0,20.0,35,18.0,30,17.5,33.5,18.0,33.0,4,12,4,12,ENE,NE,NNE,W,85.0,96,84,79,180,11922
3,Cuddalore,ponmani,clay,75,37.5,dry,60,3,120,6,81.39,31.14,45,1800,19.6,20.4,187.2,270.8,167.0,250.0,61.0,64.0,18.5,34,16.0,30,15.5,31.0,16.0,33.0,4,10,8,10,SW,W,NNW,WSW,72.0,78,88,85,300,16389
1,Panruti,delux ponni,clay,25,12.5,dry,20,1,40,2,27.13,10.38,15,600,18.5,21.5,185.2,272.8,165.3,251.7,60.0,65.0,20.0,35,18.0,30,17.5,33.5,18.0,33.0,4,12,4,12,ENE,NE,NNE,W,85.0,96,84,79,80,5723
5,Kurinjipadi,ponmani,alluvial,125,62.5,wet,100,5,200,10,135.65,51.9,75,3000,19.6,20.4,187.2,270.8,167.0,250.0,61.0,64.0,19.5,34,18.5,35,17.0,32.5,16.0,30.5,10,4,10,6,NW,S,SE,SSE,64.6,85,84,87,500,27460
5,Chinnasalem,CO_43,clay,125,62.5,dry,100,5,200,10,135.65,51.9,75,3000,18.1,21.9,185.6,272.4,166.1,250.9,60.2,64.8,18.0,31,15.5,34,15.0,33.0,15.0,31.5,6,6,8,10,E,ENE,NE,NNW,78.6,80,92,88,450,30575
5,Kurinjipadi,ponmani,alluvial,125,62.5,dry,100,5,200,10,135.65,51.9,75,3000,19.6,20.4,187.2,270.8,167.0,250.0,61.0,64.0,19.5,34,18.5,35,17.0,32.5,16.0,30.5,10,4,10,6,NW,S,SE,SSE,64.6,85,84,87,500,31810
5,Sankarapuram,ponmani,alluvial,125,62.5,wet,100,5,200,10,135.65,51.9,75,3000,18.1,21.9,185.6,272.4,166.1,250.9,60.2,64.8,20.5,32,17.5,28,18.0,34.0,16.5,35.0,10,12,10,12,SSE,W,SW,NW,72.7,91,83,81,500,31815
2,Chinnasalem,ponmani,clay,50,25.0,wet,40,2,80,4,54.26,20.76,30,1200,18.1,21.9,185.6,272.4,166.1,250.9,60.2,64.8,18.0,31,15.5,34,15.0,33.0,15.0,31.5,6,6,8,10,E,ENE,NE,NNW,78.6,80,92,88,200,11040
5,Cuddalore,ponmani,clay,125,62.5,dry,100,5,200,10,135.65,51.9,75,3000,19.6,20.4,187.2,270.8,167.0,250.0,61.0,64.0,18.5,34,16.0,30,15.5,31.0,16.0,33.0,4,10,8,10,SW,W,NNW,WSW,72.0,78,88,85,500,30610
3,Kurinjipadi,delux ponni,alluvial,75,37.5,dry,60,3,120,6,81.39,31.14,45,1800,19.6,20.4,187.2,270.8,167.0,250.0,61.0,64.0,19.5,34,18.5,35,17.0,32.5,16.0,30.5,10,4,10,6,NW,S,SE,SSE,64.6,85,84,87,240,16836
4,Cuddalore,ponmani,clay,100,50.0,dry,80,4,160,8,108.52,41.52,60,2400,19.6,20.4,187.2,270.8,167.0,250.0,61.0,64.0,18.5,34,16.0,30,15.5,31.0,16.0,33.0,4,10,8,10,SW,W,NNW,WSW,72.0,78,88,85,400,24724
5,Sankarapuram,delux ponni,alluvial,125,62.5,wet,100,5,200,10,135.65,51.9,75,3000,18.1,21.9,185.6,272.4,166.1,250.9,60.2,64.8,20.5,32,17.5,28,18.0,34.0,16.5,35.0,10,12,10,12,SSE,W,SW,NW,72.7,91,83,81,400,31135
5,Kallakurichi,delux ponni,clay,125,62.5,dry,100,5,200,10,135.65,51.9,75,3000,18.5,21.5,185.2,272.8,165.3,251.7,60.0,65.0,19.0,33,17.0,32,16.5,31.5,15.5,32.5,8,6,8,6,W,WNW,SE,S,88.5,95,81,84,400,30885
2,Kallakurichi,ponmani,alluvial,50,25.0,wet,40,2,80,4,54.26,20.76,30,1200,18.5,21.5,185.2,272.8,165.3,251.7,60.0,65.0,19.0,33,17.0,32,16.5,31.5,15.5,32.5,8,6,8,6,W,WNW,SE,S,88.5,95,81,84,200,11520
1,Cuddalore,ponmani,alluvial,25,12.5,dry,20,1,40,2,27.13,10.38,15,600,19.6,20.4,187.2,270.8,167.0,250.0,61.0,64.0,18.5,34,16.0,30,15.5,31.0,16.0,33.0,4,10,8,10,SW,W,NNW,WSW,72.0,78,88,85,100,5723
4,Panruti,ponmani,clay,100,50.0,wet,80,4,160,8,108.52,41.52,60,2400,18.5,21.5,185.2,272.8,165.3,251.7,60.0,65.0,20.0,35,18.0,30,17.5,33.5,18.0,33.0,4,12,4,12,ENE,NE,NNE,W,85.0,96,84,79,400,22312
4,Cuddalore,delux ponni,clay,100,50.0,wet,80,4,160,8,108.52,41.52,60,2400,19.6,20.4,187.2,270.8,167.0,250.0,61.0,64.0,18.5,34,16.0,30,15.5,31.0,16.0,33.0,4,10,8,10,SW,W,NNW,WSW,72.0,78,88,85,320,24460
5,Panruti,ponmani,clay,125,62.5,wet,100,5,200,10,135.65,51.9,75,3000,18.5,21.5,185.2,272.8,165.3,251.7,60.0,65.0,20.0,35,18.0,30,17.5,33.5,18.0,33.0,4,12,4,12,ENE,NE,NNE,W,85.0,96,84,79,500,31045
6,Chinnasalem,delux ponni,alluvial,150,75.0,wet,120,6,240,12,162.78,62.28,90,3600,18.1,21.9,185.6,272.4,166.1,250.9,60.2,64.8,18.0,31,15.5,34,15.0,33.0,15.0,31.5,6,6,8,10,E,ENE,NE,NNW,78.6,80,92,88,480,36090
2,Cuddalore,CO_43,clay,50,25.0,wet,40,2,80,4,54.26,20.76,30,1200,19.6,20.4,187.2,270.8,167.0,250.0,61.0,64.0,18.5,34,16.0,30,15.5,31.0,16.0,33.0,4,10,8,10,SW,W,NNW,WSW,72.0,78,88,85,180,11446
4,Panruti,delux ponni,clay,100,50.0,wet,80,4,160,8,108.52,41.52,60,2400,18.5,21.5,185.2,272.8,165.3,251.7,60.0,65.0,20.0,35,18.0,30,17.5,33.5,18.0,33.0,4,12,4,12,ENE,NE,NNE,W,85.0,96,84,79,320,24908
1,Panruti,CO_43,alluvial,25,12.5,dry,20,1,40,2,27.13,10.38,15,600,18.5,21.5,185.2,272.8,165.3,251.7,60.0,65.0,20.0,35,18.0,30,17.5,33.5,18.0,33.0,4,12,4,12,ENE,NE,NNE,W,85.0,96,84,79,90,5492
6,Kurinjipadi,ponmani,clay,150,75.0,wet,120,6,240,12,162.78,62.28,90,3600,19.6,20.4,187.2,270.8,167.0,250.0,61.0,64.0,19.5,34,18.5,35,17.0,32.5,16.0,30.5,10,4,10,6,NW,S,SE,SSE,64.6,85,84,87,600,35412
6,Kallakurichi,ponmani,clay,150,75.0,dry,120,6,240,12,162.78,62.28,90,3600,18.5,21.5,185.2,272.8,165.3,251.7,60.0,65.0,19.0,33,17.0,32,16.5,31.5,15.5,32.5,8,6,8,6,W,WNW,SE,S,88.5,95,81,84,600,35496
5,Kurinjipadi,delux ponni,clay,125,62.5,dry,100,5,200,10,135.65,51.9,75,3000,19.6,20.4,187.2,270.8,167.0,250.0,61.0,64.0,19.5,34,18.5,35,17.0,32.5,16.0,30.5,10,4,10,6,NW,S,SE,SSE,64.6,85,84,87,400,31555
4,Kallakurichi,delux ponni,alluvial,100,50.0,wet,80,4,160,8,108.52,41.52,60,2400,18.5,21.5,185.2,272.8,165.3,251.7,60.0,65.0,19.0,33,17.0,32,16.5,31.5,15.5,32.5,8,6,8,6,W,WNW,SE,S,88.5,95,81,84,320,24908
2,Sankarapuram,ponmani,alluvial,50,25.0,dry,40,2,80,4,54.26,20.76,30,1200,18.1,21.9,185.6,272.4,166.1,250.9,60.2,64.8,20.5,32,17.5,28,18.0,34.0,16.5,35.0,10,12,10,12,SSE,W,SW,NW,72.7,91,83,81,200,11446
5,Kurinjipadi,CO_43,clay,125,62.5,dry,100,5,200,10,135.65,51.9,75,3000,19.6,20.4,187.2,270.8,167.0,250.0,61.0,64.0,19.5,34,18.5,35,17.0,32.5,16.0,30.5,10,4,10,6,NW,S,SE,SSE,64.6,85,84,87,450,31815
3,Chinnasalem,ponmani,clay,75,37.5,dry,60,3,120,6,81.39,31.14,45,1800,18.1,21.9,185.6,272.4,166.1,250.9,60.2,64.8,18.0,31,15.5,34,15.0,33.0,15.0,31.5,6,6,8,10,E,ENE,NE,NNW,78.6,80,92,88,300,17748
2,Chinnasalem,CO_43,alluvial,50,25.0,wet,40,2,80,4,54.26,20.76,30,1200,18.1,21.9,185.6,272.4,166.1,250.9,60.2,64.8,18.0,31,15.5,34,15.0,33.0,15.0,31.5,6,6,8,10,E,ENE,NE,NNW,78.6,80,92,88,180,11746
4,Panruti,delux ponni,alluvial,100,50.0,dry,80,4,160,8,108.52,41.52,60,2400,18.5,21.5,185.2,272.8,165.3,251.7,60.0,65.0,20.0,35,18.0,30,17.5,33.5,18.0,33.0,4,12,4,12,ENE,NE,NNE,W,85.0,96,84,79,320,24908
3,Sankarapuram,CO_43,clay,75,37.5,dry,60,3,120,6,81.39,31.14,45,1800,18.1,21.9,185.6,272.4,166.1,250.9,60.2,64.8,20.5,32,17.5,28,18.0,34.0,16.5,35.0,10,12,10,12,SSE,W,SW,NW,72.7,91,83,81,270,16836
1,Cuddalore,delux ponni,clay,25,12.5,dry,20,1,40,2,27.13,10.38,15,600,19.6,20.4,187.2,270.8,167.0,250.0,61.0,64.0,18.5,34,16.0,30,15.5,31.0,16.0,33.0,4,10,8,10,SW,W,NNW,WSW,72.0,78,88,85,80,5873
4,Panruti,ponmani,alluvial,100,50.0,wet,80,4,160,8,108.52,41.52,60,2400,18.5,21.5,185.2,272.8,165.3,251.7,60.0,65.0,20.0,35,18.0,30,17.5,33.5,18.0,33.0,4,12,4,12,ENE,NE,NNE,W,85.0,96,84,79,400,24724
5,Panruti,delux ponni,alluvial,125,62.5,dry,100,5,200,10,135.65,51.9,75,3000,18.5,21.5,185.2,272.8,165.3,251.7,60.0,65.0,20.0,35,18.0,30,17.5,33.5,18.0,33.0,4,12,4,12,ENE,NE,NNE,W,85.0,96,84,79,400,31035
5,Sankarapuram,delux ponni,clay,125,62.5,dry,100,5,200,10,135.65,51.9,75,3000,18.1,21.9,185.6,272.4,166.1,250.9,60.2,64.8,20.5,32,17.5,28,18.0,34.0,16.5,35.0,10,12,10,12,SSE,W,SW,NW,72.7,91,83,81,400,31815
6,Chinnasalem,ponmani,alluvial,150,75.0,dry,120,6,240,12,162.78,62.28,90,3600,18.1,21.9,185.6,272.4,166.1,250.9,60.2,64.8,18.0,31,15.5,34,15.0,33.0,15.0,31.5,6,6,8,10,E,ENE,NE,NNW,78.6,80,92,88,600,38304
3,Sankarapuram,delux ponni,clay,75,37.5,dry,60,3,120,6,81.39,31.14,45,1800,18.1,21.9,185.6,272.4,166.1,250.9,60.2,64.8,20.5,32,17.5,28,18.0,34.0,16.5,35.0,10,12,10,12,SSE,W,SW,NW,72.7,91,83,81,240,17724
5,Cuddalore,ponmani,clay,125,62.5,dry,100,5,200,10,135.65,51.9,75,3000,19.6,20.4,187.2,270.8,167.0,250.0,61.0,64.0,18.5,34,16.0,30,15.5,31.0,16.0,33.0,4,10,8,10,SW,W,NNW,WSW,72.0,78,88,85,500,30905
6,Panruti,ponmani,clay,150,75.0,dry,120,6,240,12,162.78,62.28,90,3600,18.5,21.5,185.2,272.8,165.3,251.7,60.0,65.0,20.0,35,18.0,30,17.5,33.5,18.0,33.0,4,12,4,12,ENE,NE,NNE,W,85.0,96,84,79,600,35058
2,Cuddalore,delux ponni,clay,50,25.0,dry,40,2,80,4,54.26,20.76,30,1200,19.6,20.4,187.2,270.8,167.0,250.0,61.0,64.0,18.5,34,16.0,30,15.5,31.0,16.0,33.0,4,10,8,10,SW,W,NNW,WSW,72.0,78,88,85,160,11524
5,Cuddalore,delux ponni,clay,125,62.5,wet,100,5,200,10,135.65,51.9,75,3000,19.6,20.4,187.2,270.8,167.0,250.0,61.0,64.0,18.5,34,16.0,30,15.5,31.0,16.0,33.0,4,10,8,10,SW,W,NNW,WSW,72.0,78,88,85,400,31035
